qz,qxy,intensity
2,0,72.591
2,0.00892857,57.384
2,0.0178571,57.134
2,0.0267857,58.074
2,0.0357143,58.438
2,0.0446429,58.438
2,0.0535714,58.438
2,0.0625,58.438
2,0.0714286,58.438
2,0.0803571,58.438
2,0.0892857,58.438
2,0.0982143,58.438
2,0.107143,58.438
2,0.116071,58.438
2,0.125,58.438
2,0.133929,58.438
2,0.142857,58.438
2,0.151786,58.438
2,0.160714,58.438
2,0.169643,58.438
2,0.178571,58.438
2,0.1875,58.438
2,0.196429,58.438
2,0.205357,58.438
2,0.214286,58.438
2,0.223214,58.438
2,0.232143,58.438
2,0.241071,58.438
2,0.25,58.438
2,0.258929,58.438
2,0.267857,58.438
2,0.276786,58.438
2,0.285714,58.438
2,0.294643,58.438
2,0.303571,58.449
2,0.3125,58.128
2,0.321429,58.128
2,0.330357,58.161
2,0.339286,57.563
2,0.348214,57.818
2,0.357143,58.427
2,0.366071,57.606
2,0.375,63.825
2,0.383929,86.071
2,0.392857,85.613
2,0.401786,83.233
2,0.410714,82.217
2,0.419643,82.092
2,0.428571,82.684
2,0.4375,83.097
2,0.446429,83.456
2,0.455357,82.869
2,0.464286,83.168
2,0.473214,83.869
2,0.482143,83.869
2,0.491071,83.869
2,0.5,83.869
2,0.508929,83.641
2,0.517857,83.94
2,0.526786,83.94
2,0.535714,83.94
2,0.544643,84.652
2,0.553571,84.951
2,0.5625,84.951
2,0.571429,84.951
2,0.580357,84.723
2,0.589286,85.136
2,0.598214,85.848
2,0.607143,85.859
2,0.616071,86.158
2,0.625,87.158
2,0.633929,87.87
2,0.642857,89.642
2,0.651786,88.186
2,0.660714,86.485
2,0.669643,88.485
2,0.678571,89.197
2,0.6875,88.98
2,0.696429,89.991
2,0.705357,92.002
2,0.714286,93.187
2,0.723214,94.084
2,0.732143,94.084
2,0.741071,93.383
2,0.75,93.095
2,0.758929,92.981
2,0.767857,92.878
2,0.776786,93.878
2,0.785714,94.177
2,0.794643,93.59
2,0.803571,93.601
2,0.8125,93.498
2,0.821429,92.509
2,0.830357,91.694
2,0.839286,91.118
2,0.848214,90.428
2,0.857143,91.026
2,0.866071,90.417
2,0.875,89.417
2,0.883929,88.727
2,0.892857,88.336
2,0.901786,86.461
2,0.910714,86.461
2,0.919643,85.543
2,0.928571,84.554
2,0.9375,83.853
2,0.946429,83.494
2,0.955357,83.505
2,0.964286,82.516
2,0.973214,81.744
2,0.982143,83.228
2,0.991071,79.125
2,1,77.837
2,1.00893,76.837
2,1.01786,74.837
2,1.02679,76.435
2,1.03571,73.549
2,1.04464,74.848
2,1.05357,73.794
2,1.0625,71.441
2,1.07143,70.441
2,1.08036,69.213
2,1.08929,65.686
2,1.09821,66.746
2,1.10714,63.632
2,1.11607,68.404
2,1.125,60.834
2,1.13393,58.606
2,1.14286,56.894
2,1.15179,56.78
2,1.16071,57.552
2,1.16964,57.438
2,1.17857,57.21
2,1.1875,57.438
2,1.19643,58.438
2,1.20536,58.438
2,1.21429,58.438
2,1.22321,58.438
2,1.23214,58.666
2,1.24107,58.666
2,1.25,58.666
2,1.25893,58.552
2,1.26786,58.438
2,1.27679,58.438
2,1.28571,58.438
2,1.29464,58.438
2,1.30357,58.438
2,1.3125,58.438
2,1.32143,58.438
2,1.33036,58.438
2,1.33929,58.438
2,1.34821,58.438
2,1.35714,58.438
2,1.36607,58.438
2,1.375,58.438
2,1.38393,58.438
2,1.39286,58.438
2,1.40179,58.438
2,1.41071,58.438
2,1.41964,58.438
2,1.42857,58.438
2,1.4375,58.438
2,1.44643,58.438
2,1.45536,58.438
2,1.46429,58.438
2,1.47321,58.438
2,1.48214,58.438
2,1.49107,58.438
2,1.5,58.438
2,1.50893,58.438
2,1.51786,58.438
1.99031,0,72.525
1.99031,0.00892857,57.568
1.99031,0.0178571,54.611
1.99031,0.0267857,57.209
1.99031,0.0357143,57.323
1.99031,0.0446429,57.323
1.99031,0.0535714,57.323
1.99031,0.0625,57.323
1.99031,0.0714286,57.323
1.99031,0.0803571,57.323
1.99031,0.0892857,57.323
1.99031,0.0982143,57.323
1.99031,0.107143,57.323
1.99031,0.116071,57.323
1.99031,0.125,57.323
1.99031,0.133929,57.323
1.99031,0.142857,57.323
1.99031,0.151786,57.323
1.99031,0.160714,57.323
1.99031,0.169643,57.323
1.99031,0.178571,57.323
1.99031,0.1875,57.323
1.99031,0.196429,57.323
1.99031,0.205357,57.323
1.99031,0.214286,57.323
1.99031,0.223214,57.323
1.99031,0.232143,57.323
1.99031,0.241071,57.323
1.99031,0.25,57.323
1.99031,0.258929,57.323
1.99031,0.267857,57.323
1.99031,0.276786,57.323
1.99031,0.285714,57.323
1.99031,0.294643,57.622
1.99031,0.303571,57.551
1.99031,0.3125,57.056
1.99031,0.321429,57.056
1.99031,0.330357,57.551
1.99031,0.339286,57.252
1.99031,0.348214,57.828
1.99031,0.357143,57.252
1.99031,0.366071,57.284
1.99031,0.375,77.16
1.99031,0.383929,85.499
1.99031,0.392857,83.987
1.99031,0.401786,85.123
1.99031,0.410714,82.221
1.99031,0.419643,82.683
1.99031,0.428571,82.563
1.99031,0.4375,83.161
1.99031,0.446429,84.047
1.99031,0.455357,84.047
1.99031,0.464286,84.047
1.99031,0.473214,83.047
1.99031,0.482143,83.047
1.99031,0.491071,82.748
1.99031,0.5,82.748
1.99031,0.508929,83.634
1.99031,0.517857,83.634
1.99031,0.526786,83.346
1.99031,0.535714,83.346
1.99031,0.544643,83.346
1.99031,0.553571,83.346
1.99031,0.5625,83.645
1.99031,0.571429,83.944
1.99031,0.580357,83.716
1.99031,0.589286,83.716
1.99031,0.598214,83.428
1.99031,0.607143,84.026
1.99031,0.616071,83.738
1.99031,0.625,84.738
1.99031,0.633929,85.45
1.99031,0.642857,86.39
1.99031,0.651786,86.917
1.99031,0.660714,84.803
1.99031,0.669643,84.803
1.99031,0.678571,86.999
1.99031,0.6875,87.597
1.99031,0.696429,88.907
1.99031,0.705357,90.619
1.99031,0.714286,90.701
1.99031,0.723214,91.473
1.99031,0.732143,92.185
1.99031,0.741071,91.609
1.99031,0.75,90.908
1.99031,0.758929,92.392
1.99031,0.767857,92.517
1.99031,0.776786,93.588
1.99031,0.785714,92.947
1.99031,0.794643,92.73
1.99031,0.803571,92.442
1.99031,0.8125,92.752
1.99031,0.821429,92.176
1.99031,0.830357,91.66
1.99031,0.839286,91.671
1.99031,0.848214,91.981
1.99031,0.857143,92.579
1.99031,0.866071,92.28
1.99031,0.875,91.579
1.99031,0.883929,91.715
1.99031,0.892857,90.438
1.99031,0.901786,89.025
1.99031,0.910714,89.014
1.99031,0.919643,88.634
1.99031,0.928571,87.819
1.99031,0.9375,87.118
1.99031,0.946429,85.542
1.99031,0.955357,84.667
1.99031,0.964286,82.379
1.99031,0.973214,82.792
1.99031,0.982143,82.803
1.99031,0.991071,79.836
1.99031,1,76.423
1.99031,1.00893,76.423
1.99031,1.01786,78.847
1.99031,1.02679,76.146
1.99031,1.03571,74.146
1.99031,1.04464,77.146
1.99031,1.05357,74.733
1.99031,1.0625,74.38
1.99031,1.07143,73.266
1.99031,1.08036,71.451
1.99031,1.08929,73.098
1.99031,1.09821,69.984
1.99031,1.10714,66.756
1.99031,1.11607,65.517
1.99031,1.125,65.175
1.99031,1.13393,63.061
1.99031,1.14286,60.947
1.99031,1.15179,60.719
1.99031,1.16071,58.779
1.99031,1.16964,57.551
1.99031,1.17857,58.551
1.99031,1.1875,56.91
1.99031,1.19643,57.551
1.99031,1.20536,57.078
1.99031,1.21429,57.078
1.99031,1.22321,57.078
1.99031,1.23214,57.078
1.99031,1.24107,57.078
1.99031,1.25,57.078
1.99031,1.25893,57.437
1.99031,1.26786,57.323
1.99031,1.27679,57.323
1.99031,1.28571,57.323
1.99031,1.29464,57.323
1.99031,1.30357,57.323
1.99031,1.3125,57.323
1.99031,1.32143,57.323
1.99031,1.33036,57.323
1.99031,1.33929,57.323
1.99031,1.34821,57.323
1.99031,1.35714,57.323
1.99031,1.36607,57.323
1.99031,1.375,57.323
1.99031,1.38393,57.323
1.99031,1.39286,57.323
1.99031,1.40179,57.323
1.99031,1.41071,57.323
1.99031,1.41964,57.323
1.99031,1.42857,57.323
1.99031,1.4375,57.323
1.99031,1.44643,57.323
1.99031,1.45536,57.323
1.99031,1.46429,57.323
1.99031,1.47321,57.323
1.99031,1.48214,57.323
1.99031,1.49107,57.323
1.99031,1.5,57.323
1.99031,1.50893,57.323
1.99031,1.51786,57.323
1.98063,0,75.699
1.98063,0.00892857,56.796
1.98063,0.0178571,57.79
1.98063,0.0267857,56.785
1.98063,0.0357143,57.247
1.98063,0.0446429,57.247
1.98063,0.0535714,57.247
1.98063,0.0625,57.247
1.98063,0.0714286,57.247
1.98063,0.0803571,57.247
1.98063,0.0892857,57.247
1.98063,0.0982143,57.247
1.98063,0.107143,57.247
1.98063,0.116071,57.247
1.98063,0.125,57.247
1.98063,0.133929,57.247
1.98063,0.142857,57.247
1.98063,0.151786,57.247
1.98063,0.160714,57.247
1.98063,0.169643,57.247
1.98063,0.178571,57.247
1.98063,0.1875,57.247
1.98063,0.196429,57.247
1.98063,0.205357,57.247
1.98063,0.214286,57.247
1.98063,0.223214,57.247
1.98063,0.232143,57.247
1.98063,0.241071,57.247
1.98063,0.25,57.247
1.98063,0.258929,57.247
1.98063,0.267857,57.247
1.98063,0.276786,57.247
1.98063,0.285714,57.247
1.98063,0.294643,57.546
1.98063,0.303571,57.774
1.98063,0.3125,57.35
1.98063,0.321429,57.41
1.98063,0.330357,57.709
1.98063,0.339286,57.894
1.98063,0.348214,57.72
1.98063,0.357143,57.247
1.98063,0.366071,57.414
1.98063,0.375,87.963
1.98063,0.383929,89.053
1.98063,0.392857,85.264
1.98063,0.401786,84.688
1.98063,0.410714,85.384
1.98063,0.419643,84.498
1.98063,0.428571,85.324
1.98063,0.4375,84.922
1.98063,0.446429,84.623
1.98063,0.455357,84.623
1.98063,0.464286,84.623
1.98063,0.473214,84.623
1.98063,0.482143,84.623
1.98063,0.491071,84.324
1.98063,0.5,83.324
1.98063,0.508929,82.911
1.98063,0.517857,82.911
1.98063,0.526786,83.21
1.98063,0.535714,83.21
1.98063,0.544643,84.21
1.98063,0.553571,83.623
1.98063,0.5625,84.221
1.98063,0.571429,84.221
1.98063,0.580357,83.335
1.98063,0.589286,83.922
1.98063,0.598214,83.922
1.98063,0.607143,83.933
1.98063,0.616071,83.645
1.98063,0.625,84.346
1.98063,0.633929,84.944
1.98063,0.642857,84.428
1.98063,0.651786,84.727
1.98063,0.660714,84.727
1.98063,0.669643,85.727
1.98063,0.678571,86.51
1.98063,0.6875,86.82
1.98063,0.696429,87.831
1.98063,0.705357,89.842
1.98063,0.714286,86.913
1.98063,0.723214,86.799
1.98063,0.732143,87.81
1.98063,0.741071,90.12
1.98063,0.75,89.832
1.98063,0.758929,91.501
1.98063,0.767857,92.213
1.98063,0.776786,92.811
1.98063,0.785714,93.284
1.98063,0.794643,93.768
1.98063,0.803571,93.078
1.98063,0.8125,93.274
1.98063,0.821429,92.769
1.98063,0.830357,92.78
1.98063,0.839286,92.378
1.98063,0.848214,92.275
1.98063,0.857143,92.574
1.98063,0.866071,91.987
1.98063,0.875,91.308
1.98063,0.883929,90.629
1.98063,0.892857,90.64
1.98063,0.901786,90.618
1.98063,0.910714,90.895
1.98063,0.919643,91.205
1.98063,0.928571,89.988
1.98063,0.9375,88.7
1.98063,0.946429,87.711
1.98063,0.955357,88.021
1.98063,0.964286,86.445
1.98063,0.973214,86.57
1.98063,0.982143,83.695
1.98063,0.991071,82.581
1.98063,1,81.695
1.98063,1.00893,80.592
1.98063,1.01786,80.717
1.98063,1.02679,79.016
1.98063,1.03571,76.315
1.98063,1.04464,76.614
1.98063,1.05357,75.429
1.98063,1.0625,74.418
1.98063,1.07143,73.19
1.98063,1.08036,70.663
1.98063,1.08929,73.908
1.98063,1.09821,70.267
1.98063,1.10714,71.039
1.98063,1.11607,68.039
1.98063,1.125,64.74
1.98063,1.13393,63.914
1.98063,1.14286,61.686
1.98063,1.15179,59.931
1.98063,1.16071,59.817
1.98063,1.16964,58.062
1.98063,1.17857,58.948
1.98063,1.1875,55.948
1.98063,1.19643,57.948
1.98063,1.20536,57.361
1.98063,1.21429,57.361
1.98063,1.22321,57.133
1.98063,1.23214,57.133
1.98063,1.24107,57.133
1.98063,1.25,57.133
1.98063,1.25893,57.133
1.98063,1.26786,57.247
1.98063,1.27679,57.247
1.98063,1.28571,57.247
1.98063,1.29464,57.247
1.98063,1.30357,57.247
1.98063,1.3125,57.247
1.98063,1.32143,57.247
1.98063,1.33036,57.247
1.98063,1.33929,57.247
1.98063,1.34821,57.247
1.98063,1.35714,57.247
1.98063,1.36607,57.247
1.98063,1.375,57.247
1.98063,1.38393,57.247
1.98063,1.39286,57.247
1.98063,1.40179,57.247
1.98063,1.41071,57.247
1.98063,1.41964,57.247
1.98063,1.42857,57.247
1.98063,1.4375,57.247
1.98063,1.44643,57.247
1.98063,1.45536,57.247
1.98063,1.46429,57.247
1.98063,1.47321,57.247
1.98063,1.48214,57.247
1.98063,1.49107,57.247
1.98063,1.5,57.247
1.98063,1.50893,57.247
1.98063,1.51786,57.247
1.97094,0,76.156
1.97094,0.00892857,58.025
1.97094,0.0178571,57.671
1.97094,0.0267857,56.856
1.97094,0.0357143,57.215
1.97094,0.0446429,57.215
1.97094,0.0535714,57.215
1.97094,0.0625,57.215
1.97094,0.0714286,57.215
1.97094,0.0803571,57.215
1.97094,0.0892857,57.215
1.97094,0.0982143,57.215
1.97094,0.107143,57.215
1.97094,0.116071,57.215
1.97094,0.125,57.215
1.97094,0.133929,57.215
1.97094,0.142857,57.215
1.97094,0.151786,57.215
1.97094,0.160714,57.215
1.97094,0.169643,57.215
1.97094,0.178571,57.215
1.97094,0.1875,57.215
1.97094,0.196429,57.215
1.97094,0.205357,57.215
1.97094,0.214286,57.215
1.97094,0.223214,57.215
1.97094,0.232143,57.215
1.97094,0.241071,57.215
1.97094,0.25,57.215
1.97094,0.258929,57.215
1.97094,0.267857,57.215
1.97094,0.276786,57.215
1.97094,0.285714,57.215
1.97094,0.294643,57.215
1.97094,0.303571,57.454
1.97094,0.3125,56.927
1.97094,0.321429,57.09
1.97094,0.330357,57.677
1.97094,0.339286,54.574
1.97094,0.348214,57.824
1.97094,0.357143,57.215
1.97094,0.366071,58.783
1.97094,0.375,90.086
1.97094,0.383929,89.59
1.97094,0.392857,89.356
1.97094,0.401786,90.193
1.97094,0.410714,89.068
1.97094,0.419643,86.862
1.97094,0.428571,86.389
1.97094,0.4375,87.09
1.97094,0.446429,85.09
1.97094,0.455357,85.09
1.97094,0.464286,86.09
1.97094,0.473214,85.09
1.97094,0.482143,86.09
1.97094,0.491071,83.791
1.97094,0.5,84.791
1.97094,0.508929,83.791
1.97094,0.517857,83.791
1.97094,0.526786,84.09
1.97094,0.535714,84.09
1.97094,0.544643,84.09
1.97094,0.553571,83.09
1.97094,0.5625,83.802
1.97094,0.571429,82.503
1.97094,0.580357,83.079
1.97094,0.589286,84.079
1.97094,0.598214,83.492
1.97094,0.607143,84.09
1.97094,0.616071,83.503
1.97094,0.625,83.802
1.97094,0.633929,84.802
1.97094,0.642857,84.688
1.97094,0.651786,84.987
1.97094,0.660714,84.645
1.97094,0.669643,84.357
1.97094,0.678571,84.656
1.97094,0.6875,84.966
1.97094,0.696429,85.45
1.97094,0.705357,86.461
1.97094,0.714286,86.934
1.97094,0.723214,87.233
1.97094,0.732143,88.244
1.97094,0.741071,88.842
1.97094,0.75,88.739
1.97094,0.758929,88.451
1.97094,0.767857,89.462
1.97094,0.776786,90.174
1.97094,0.785714,91.533
1.97094,0.794643,91.658
1.97094,0.803571,92.555
1.97094,0.8125,92.523
1.97094,0.821429,92.833
1.97094,0.830357,92.844
1.97094,0.839286,93.627
1.97094,0.848214,92.627
1.97094,0.857143,93.339
1.97094,0.866071,92.35
1.97094,0.875,92.084
1.97094,0.883929,92.106
1.97094,0.892857,92.405
1.97094,0.901786,92.383
1.97094,0.910714,91.959
1.97094,0.919643,92.166
1.97094,0.928571,90.889
1.97094,0.9375,89.9
1.97094,0.946429,90.21
1.97094,0.955357,88.933
1.97094,0.964286,86.656
1.97094,0.973214,86.254
1.97094,0.982143,87.325
1.97094,0.991071,84.265
1.97094,1,85.265
1.97094,1.00893,83.863
1.97094,1.01786,83.287
1.97094,1.02679,81.298
1.97094,1.03571,80.896
1.97094,1.04464,77.01
1.97094,1.05357,78.124
1.97094,1.0625,75.825
1.97094,1.07143,73.711
1.97094,1.08036,75.483
1.97094,1.08929,72.842
1.97094,1.09821,73.614
1.97094,1.10714,72.5
1.97094,1.11607,70.745
1.97094,1.125,68.278
1.97094,1.13393,65.523
1.97094,1.14286,66.295
1.97094,1.15179,65.953
1.97094,1.16071,64.426
1.97094,1.16964,58.557
1.97094,1.17857,61.329
1.97094,1.1875,57.215
1.97094,1.19643,58.215
1.97094,1.20536,57.215
1.97094,1.21429,57.215
1.97094,1.22321,57.101
1.97094,1.23214,57.101
1.97094,1.24107,57.688
1.97094,1.25,57.688
1.97094,1.25893,57.101
1.97094,1.26786,57.215
1.97094,1.27679,57.215
1.97094,1.28571,57.215
1.97094,1.29464,57.215
1.97094,1.30357,57.215
1.97094,1.3125,57.215
1.97094,1.32143,57.215
1.97094,1.33036,57.215
1.97094,1.33929,57.215
1.97094,1.34821,57.215
1.97094,1.35714,57.215
1.97094,1.36607,57.215
1.97094,1.375,57.215
1.97094,1.38393,57.215
1.97094,1.39286,57.215
1.97094,1.40179,57.215
1.97094,1.41071,57.215
1.97094,1.41964,57.215
1.97094,1.42857,57.215
1.97094,1.4375,57.215
1.97094,1.44643,57.215
1.97094,1.45536,57.215
1.97094,1.46429,57.215
1.97094,1.47321,57.215
1.97094,1.48214,57.215
1.97094,1.49107,57.215
1.97094,1.5,57.215
1.97094,1.50893,57.215
1.97094,1.51786,57.215
1.96126,0,185.548
1.96126,0.00892857,124.542
1.96126,0.0178571,57.253
1.96126,0.0267857,57.557
1.96126,0.0357143,57.91
1.96126,0.0446429,57.91
1.96126,0.0535714,57.91
1.96126,0.0625,57.91
1.96126,0.0714286,57.91
1.96126,0.0803571,57.91
1.96126,0.0892857,57.91
1.96126,0.0982143,57.91
1.96126,0.107143,57.91
1.96126,0.116071,57.91
1.96126,0.125,57.91
1.96126,0.133929,57.91
1.96126,0.142857,57.91
1.96126,0.151786,57.91
1.96126,0.160714,57.91
1.96126,0.169643,57.91
1.96126,0.178571,57.91
1.96126,0.1875,57.91
1.96126,0.196429,57.91
1.96126,0.205357,57.91
1.96126,0.214286,57.91
1.96126,0.223214,57.91
1.96126,0.232143,57.91
1.96126,0.241071,57.91
1.96126,0.25,57.91
1.96126,0.258929,57.91
1.96126,0.267857,57.91
1.96126,0.276786,57.91
1.96126,0.285714,57.91
1.96126,0.294643,57.91
1.96126,0.303571,57.394
1.96126,0.3125,57.693
1.96126,0.321429,57.166
1.96126,0.330357,57.628
1.96126,0.339286,57.28
1.96126,0.348214,55.22
1.96126,0.357143,56.931
1.96126,0.366071,73.928
1.96126,0.375,97.194
1.96126,0.383929,97.161
1.96126,0.392857,95.895
1.96126,0.401786,91.96
1.96126,0.410714,91.96
1.96126,0.419643,90.993
1.96126,0.428571,89.993
1.96126,0.4375,90.569
1.96126,0.446429,89.683
1.96126,0.455357,90.281
1.96126,0.464286,89.58
1.96126,0.473214,88.58
1.96126,0.482143,86.694
1.96126,0.491071,87.292
1.96126,0.5,86.292
1.96126,0.508929,85.705
1.96126,0.517857,85.705
1.96126,0.526786,84.705
1.96126,0.535714,85.004
1.96126,0.544643,86.004
1.96126,0.553571,85.004
1.96126,0.5625,85.004
1.96126,0.571429,84.004
1.96126,0.580357,83.993
1.96126,0.589286,83.993
1.96126,0.598214,83.993
1.96126,0.607143,83.406
1.96126,0.616071,83.705
1.96126,0.625,83.705
1.96126,0.633929,83.705
1.96126,0.642857,82.759
1.96126,0.651786,83.987
1.96126,0.660714,83.987
1.96126,0.669643,83.873
1.96126,0.678571,84.172
1.96126,0.6875,84.183
1.96126,0.696429,84.781
1.96126,0.705357,85.379
1.96126,0.714286,85.667
1.96126,0.723214,86.254
1.96126,0.732143,86.553
1.96126,0.741071,86.749
1.96126,0.75,88.347
1.96126,0.758929,88.244
1.96126,0.767857,87.956
1.96126,0.776786,88.369
1.96126,0.785714,88.369
1.96126,0.794643,89.152
1.96126,0.803571,90.163
1.96126,0.8125,91.359
1.96126,0.821429,92.555
1.96126,0.830357,92.566
1.96126,0.839286,92.05
1.96126,0.848214,92.349
1.96126,0.857143,93.534
1.96126,0.866071,92.659
1.96126,0.875,93.268
1.96126,0.883929,93.29
1.96126,0.892857,93.301
1.96126,0.901786,91.176
1.96126,0.910714,89.268
1.96126,0.919643,91.567
1.96126,0.928571,92.763
1.96126,0.9375,92.073
1.96126,0.946429,90.796
1.96126,0.955357,91.405
1.96126,0.964286,89.726
1.96126,0.973214,88.21
1.96126,0.982143,87.922
1.96126,0.991071,86.884
1.96126,1,84.884
1.96126,1.00893,85.194
1.96126,1.01786,82.906
1.96126,1.02679,81.102
1.96126,1.03571,82.227
1.96126,1.04464,79.939
1.96126,1.05357,81.352
1.96126,1.0625,81.466
1.96126,1.07143,76.825
1.96126,1.08036,75.423
1.96126,1.08929,73.608
1.96126,1.09821,75.081
1.96126,1.10714,72.967
1.96126,1.11607,71.44
1.96126,1.125,71.386
1.96126,1.13393,71.571
1.96126,1.14286,69.517
1.96126,1.15179,67.289
1.96126,1.16071,64.534
1.96126,1.16964,63.306
1.96126,1.17857,57.192
1.96126,1.1875,59.85
1.96126,1.19643,57.323
1.96126,1.20536,58.323
1.96126,1.21429,57.682
1.96126,1.22321,56.981
1.96126,1.23214,57.454
1.96126,1.24107,57.454
1.96126,1.25,57.454
1.96126,1.25893,57.454
1.96126,1.26786,57.91
1.96126,1.27679,57.91
1.96126,1.28571,57.91
1.96126,1.29464,57.91
1.96126,1.30357,57.91
1.96126,1.3125,57.91
1.96126,1.32143,57.91
1.96126,1.33036,57.91
1.96126,1.33929,57.91
1.96126,1.34821,57.91
1.96126,1.35714,57.91
1.96126,1.36607,57.91
1.96126,1.375,57.91
1.96126,1.38393,57.91
1.96126,1.39286,57.91
1.96126,1.40179,57.91
1.96126,1.41071,57.91
1.96126,1.41964,57.91
1.96126,1.42857,57.91
1.96126,1.4375,57.91
1.96126,1.44643,57.91
1.96126,1.45536,57.91
1.96126,1.46429,57.91
1.96126,1.47321,57.91
1.96126,1.48214,57.91
1.96126,1.49107,57.91
1.96126,1.5,57.91
1.96126,1.50893,57.91
1.96126,1.51786,57.91
1.95157,0,248.543
1.95157,0.00892857,164.178
1.95157,0.0178571,59.666
1.95157,0.0267857,57.187
1.95157,0.0357143,57.6
1.95157,0.0446429,57.6
1.95157,0.0535714,57.6
1.95157,0.0625,57.6
1.95157,0.0714286,57.6
1.95157,0.0803571,57.6
1.95157,0.0892857,57.6
1.95157,0.0982143,57.6
1.95157,0.107143,57.6
1.95157,0.116071,57.6
1.95157,0.125,57.6
1.95157,0.133929,57.6
1.95157,0.142857,57.6
1.95157,0.151786,57.6
1.95157,0.160714,57.6
1.95157,0.169643,57.6
1.95157,0.178571,57.6
1.95157,0.1875,57.6
1.95157,0.196429,57.6
1.95157,0.205357,57.6
1.95157,0.214286,57.6
1.95157,0.223214,57.6
1.95157,0.232143,57.6
1.95157,0.241071,57.6
1.95157,0.25,57.6
1.95157,0.258929,57.6
1.95157,0.267857,57.6
1.95157,0.276786,57.6
1.95157,0.285714,57.6
1.95157,0.294643,57.301
1.95157,0.303571,57.589
1.95157,0.3125,57.611
1.95157,0.321429,57.084
1.95157,0.330357,57.475
1.95157,0.339286,58.127
1.95157,0.348214,54.583
1.95157,0.357143,55.848
1.95157,0.366071,95.649
1.95157,0.375,104.247
1.95157,0.383929,105.193
1.95157,0.392857,103.813
1.95157,0.401786,100.454
1.95157,0.410714,98.796
1.95157,0.419643,97.128
1.95157,0.428571,96.59
1.95157,0.4375,96.579
1.95157,0.446429,95.704
1.95157,0.455357,96.59
1.95157,0.464286,94.416
1.95157,0.473214,91.014
1.95157,0.482143,89.726
1.95157,0.491071,90.313
1.95157,0.5,90.324
1.95157,0.508929,90.264
1.95157,0.517857,90.264
1.95157,0.526786,89.264
1.95157,0.535714,88.563
1.95157,0.544643,87.275
1.95157,0.553571,86.275
1.95157,0.5625,86.275
1.95157,0.571429,85.275
1.95157,0.580357,85.563
1.95157,0.589286,84.563
1.95157,0.598214,83.976
1.95157,0.607143,83.976
1.95157,0.616071,83.976
1.95157,0.625,83.688
1.95157,0.633929,83.688
1.95157,0.642857,83.161
1.95157,0.651786,82.933
1.95157,0.660714,83.933
1.95157,0.669643,83.634
1.95157,0.678571,83.52
1.95157,0.6875,83.705
1.95157,0.696429,84.004
1.95157,0.705357,84.417
1.95157,0.714286,83.83
1.95157,0.723214,84.901
1.95157,0.732143,85.015
1.95157,0.741071,85.613
1.95157,0.75,85.211
1.95157,0.758929,85.396
1.95157,0.767857,85.809
1.95157,0.776786,87.407
1.95157,0.785714,87.119
1.95157,0.794643,88.13
1.95157,0.803571,88.728
1.95157,0.8125,89.098
1.95157,0.821429,89.582
1.95157,0.830357,90.251
1.95157,0.839286,91.963
1.95157,0.848214,92.572
1.95157,0.857143,93.583
1.95157,0.866071,93.583
1.95157,0.875,93.594
1.95157,0.883929,92.029
1.95157,0.892857,93.339
1.95157,0.901786,93.812
1.95157,0.910714,92.203
1.95157,0.919643,93.192
1.95157,0.928571,92.377
1.95157,0.9375,90.986
1.95157,0.946429,92.008
1.95157,0.955357,92.503
1.95157,0.964286,91.525
1.95157,0.973214,90.422
1.95157,0.982143,89.319
1.95157,0.991071,88.743
1.95157,1,87.743
1.95157,1.00893,88.466
1.95157,1.01786,85.477
1.95157,1.02679,86.488
1.95157,1.03571,83.798
1.95157,1.04464,82.51
1.95157,1.05357,81.407
1.95157,1.0625,78.532
1.95157,1.07143,79.532
1.95157,1.08036,80.945
1.95157,1.08929,76.244
1.95157,1.09821,76.315
1.95157,1.10714,74.315
1.95157,1.11607,74.315
1.95157,1.125,74.016
1.95157,1.13393,70.902
1.95157,1.14286,67.902
1.95157,1.15179,68.56
1.95157,1.16071,70.919
1.95157,1.16964,68.278
1.95157,1.17857,65.164
1.95157,1.1875,63.637
1.95157,1.19643,62.942
1.95157,1.20536,58.942
1.95157,1.21429,58.828
1.95157,1.22321,58.828
1.95157,1.23214,57.6
1.95157,1.24107,58.187
1.95157,1.25,57.959
1.95157,1.25893,57.6
1.95157,1.26786,57.6
1.95157,1.27679,57.6
1.95157,1.28571,57.6
1.95157,1.29464,57.6
1.95157,1.30357,57.6
1.95157,1.3125,57.6
1.95157,1.32143,57.6
1.95157,1.33036,57.6
1.95157,1.33929,57.6
1.95157,1.34821,57.6
1.95157,1.35714,57.6
1.95157,1.36607,57.6
1.95157,1.375,57.6
1.95157,1.38393,57.6
1.95157,1.39286,57.6
1.95157,1.40179,57.6
1.95157,1.41071,57.6
1.95157,1.41964,57.6
1.95157,1.42857,57.6
1.95157,1.4375,57.6
1.95157,1.44643,57.6
1.95157,1.45536,57.6
1.95157,1.46429,57.6
1.95157,1.47321,57.6
1.95157,1.48214,57.6
1.95157,1.49107,57.6
1.95157,1.5,57.6
1.95157,1.50893,57.6
1.95157,1.51786,57.6
1.94189,0,113.325
1.94189,0.00892857,80.433
1.94189,0.0178571,56.557
1.94189,0.0267857,57.155
1.94189,0.0357143,57.628
1.94189,0.0446429,57.628
1.94189,0.0535714,57.628
1.94189,0.0625,57.628
1.94189,0.0714286,57.628
1.94189,0.0803571,57.628
1.94189,0.0892857,57.628
1.94189,0.0982143,57.514
1.94189,0.107143,57.514
1.94189,0.116071,57.514
1.94189,0.125,57.514
1.94189,0.133929,57.514
1.94189,0.142857,57.514
1.94189,0.151786,57.514
1.94189,0.160714,57.514
1.94189,0.169643,57.514
1.94189,0.178571,57.514
1.94189,0.1875,57.514
1.94189,0.196429,57.514
1.94189,0.205357,57.628
1.94189,0.214286,57.628
1.94189,0.223214,57.628
1.94189,0.232143,57.628
1.94189,0.241071,57.628
1.94189,0.25,57.628
1.94189,0.258929,57.628
1.94189,0.267857,57.628
1.94189,0.276786,57.628
1.94189,0.285714,57.628
1.94189,0.294643,57.329
1.94189,0.303571,57.318
1.94189,0.3125,57.155
1.94189,0.321429,57.568
1.94189,0.330357,57.432
1.94189,0.339286,56.144
1.94189,0.348214,58.127
1.94189,0.357143,56.652
1.94189,0.366071,114.273
1.94189,0.375,112.812
1.94189,0.383929,111.655
1.94189,0.392857,108.275
1.94189,0.401786,109.204
1.94189,0.410714,106.948
1.94189,0.419643,104.568
1.94189,0.428571,104.731
1.94189,0.4375,104.133
1.94189,0.446429,101.856
1.94189,0.455357,101.856
1.94189,0.464286,101.269
1.94189,0.473214,98.28
1.94189,0.482143,97.878
1.94189,0.491071,93.59
1.94189,0.5,93.59
1.94189,0.508929,94.128
1.94189,0.517857,93.128
1.94189,0.526786,91.427
1.94189,0.535714,90.84
1.94189,0.544643,89.84
1.94189,0.553571,88.84
1.94189,0.5625,89.139
1.94189,0.571429,88.438
1.94189,0.580357,88.851
1.94189,0.589286,87.15
1.94189,0.598214,86.449
1.94189,0.607143,85.449
1.94189,0.616071,85.449
1.94189,0.625,84.862
1.94189,0.633929,84.862
1.94189,0.642857,84.976
1.94189,0.651786,85.09
1.94189,0.660714,83.791
1.94189,0.669643,83.965
1.94189,0.678571,83.965
1.94189,0.6875,83.378
1.94189,0.696429,83.976
1.94189,0.705357,83.976
1.94189,0.714286,83.802
1.94189,0.723214,84.514
1.94189,0.732143,84.987
1.94189,0.741071,85.998
1.94189,0.75,84.998
1.94189,0.758929,84.998
1.94189,0.767857,85.368
1.94189,0.776786,84.781
1.94189,0.785714,86.151
1.94189,0.794643,86.863
1.94189,0.803571,87.934
1.94189,0.8125,88.244
1.94189,0.821429,88.141
1.94189,0.830357,88.913
1.94189,0.839286,90.098
1.94189,0.848214,91.43
1.94189,0.857143,92.327
1.94189,0.866071,92.615
1.94189,0.875,93.626
1.94189,0.883929,92.947
1.94189,0.892857,92.844
1.94189,0.901786,93.143
1.94189,0.910714,92.844
1.94189,0.919643,93.029
1.94189,0.928571,93.339
1.94189,0.9375,93.649
1.94189,0.946429,92.671
1.94189,0.955357,92.166
1.94189,0.964286,92.889
1.94189,0.973214,91.612
1.94189,0.982143,90.683
1.94189,0.991071,90.672
1.94189,1,91.683
1.94189,1.00893,90.395
1.94189,1.01786,89.705
1.94189,1.02679,88.004
1.94189,1.03571,85.727
1.94189,1.04464,85.738
1.94189,1.05357,83.162
1.94189,1.0625,84.173
1.94189,1.07143,80.472
1.94189,1.08036,81.173
1.94189,1.08929,78.184
1.94189,1.09821,77.483
1.94189,1.10714,75.369
1.94189,1.11607,75.081
1.94189,1.125,75.027
1.94189,1.13393,71.386
1.94189,1.14286,71.799
1.94189,1.15179,73.158
1.94189,1.16071,70.93
1.94189,1.16964,70.289
1.94189,1.17857,70.762
1.94189,1.1875,64.534
1.94189,1.19643,62.839
1.94189,1.20536,61.426
1.94189,1.21429,60.198
1.94189,1.22321,59.611
1.94189,1.23214,57.671
1.94189,1.24107,57.443
1.94189,1.25,57.443
1.94189,1.25893,57.742
1.94189,1.26786,57.514
1.94189,1.27679,57.514
1.94189,1.28571,57.628
1.94189,1.29464,57.628
1.94189,1.30357,57.628
1.94189,1.3125,57.628
1.94189,1.32143,57.628
1.94189,1.33036,57.628
1.94189,1.33929,57.628
1.94189,1.34821,57.628
1.94189,1.35714,57.628
1.94189,1.36607,57.628
1.94189,1.375,57.628
1.94189,1.38393,57.514
1.94189,1.39286,57.514
1.94189,1.40179,57.514
1.94189,1.41071,57.514
1.94189,1.41964,57.514
1.94189,1.42857,57.514
1.94189,1.4375,57.514
1.94189,1.44643,57.514
1.94189,1.45536,57.514
1.94189,1.46429,57.514
1.94189,1.47321,57.514
1.94189,1.48214,57.514
1.94189,1.49107,57.628
1.94189,1.5,57.628
1.94189,1.50893,57.628
1.94189,1.51786,57.628
1.9322,0,74.873
1.9322,0.00892857,57.198
1.9322,0.0178571,57.084
1.9322,0.0267857,57.258
1.9322,0.0357143,57.557
1.9322,0.0446429,57.557
1.9322,0.0535714,57.557
1.9322,0.0625,57.557
1.9322,0.0714286,57.557
1.9322,0.0803571,57.557
1.9322,0.0892857,57.557
1.9322,0.0982143,57.557
1.9322,0.107143,57.557
1.9322,0.116071,57.557
1.9322,0.125,57.557
1.9322,0.133929,57.557
1.9322,0.142857,57.557
1.9322,0.151786,57.557
1.9322,0.160714,57.557
1.9322,0.169643,57.557
1.9322,0.178571,57.557
1.9322,0.1875,57.557
1.9322,0.196429,57.557
1.9322,0.205357,57.557
1.9322,0.214286,57.557
1.9322,0.223214,57.557
1.9322,0.232143,57.557
1.9322,0.241071,57.557
1.9322,0.25,57.557
1.9322,0.258929,57.557
1.9322,0.267857,57.557
1.9322,0.276786,57.557
1.9322,0.285714,57.557
1.9322,0.294643,57.557
1.9322,0.303571,57.4
1.9322,0.3125,57.464
1.9322,0.321429,57.779
1.9322,0.330357,57.497
1.9322,0.339286,56.965
1.9322,0.348214,58.796
1.9322,0.357143,57.923
1.9322,0.366071,129.215
1.9322,0.375,126.084
1.9322,0.383929,122.796
1.9322,0.392857,118.633
1.9322,0.401786,118.057
1.9322,0.410714,117.296
1.9322,0.419643,110.535
1.9322,0.428571,112.535
1.9322,0.4375,112.008
1.9322,0.446429,108.595
1.9322,0.455357,107.894
1.9322,0.464286,107.122
1.9322,0.473214,107.133
1.9322,0.482143,106.361
1.9322,0.491071,103.073
1.9322,0.5,102.671
1.9322,0.508929,101.155
1.9322,0.517857,99.155
1.9322,0.526786,97.867
1.9322,0.535714,95.878
1.9322,0.544643,97.177
1.9322,0.553571,94.59
1.9322,0.5625,92.302
1.9322,0.571429,93.188
1.9322,0.580357,92.199
1.9322,0.589286,90.612
1.9322,0.598214,89.623
1.9322,0.607143,88.036
1.9322,0.616071,87.748
1.9322,0.625,86.161
1.9322,0.633929,85.987
1.9322,0.642857,86.275
1.9322,0.651786,83.264
1.9322,0.660714,86.449
1.9322,0.669643,85.449
1.9322,0.678571,84.449
1.9322,0.6875,83.862
1.9322,0.696429,84.161
1.9322,0.705357,82.161
1.9322,0.714286,83.161
1.9322,0.723214,83.574
1.9322,0.732143,84.161
1.9322,0.741071,83.574
1.9322,0.75,83.873
1.9322,0.758929,83.873
1.9322,0.767857,84.286
1.9322,0.776786,85.286
1.9322,0.785714,85.656
1.9322,0.794643,85.368
1.9322,0.803571,85.265
1.9322,0.8125,85.45
1.9322,0.821429,86.162
1.9322,0.830357,87.945
1.9322,0.839286,87.831
1.9322,0.848214,88.244
1.9322,0.857143,87.956
1.9322,0.866071,90.141
1.9322,0.875,88.152
1.9322,0.883929,92.348
1.9322,0.892857,92.843
1.9322,0.901786,92.751
1.9322,0.910714,93.061
1.9322,0.919643,93.73
1.9322,0.928571,93.442
1.9322,0.9375,92.752
1.9322,0.946429,92.35
1.9322,0.955357,93.66
1.9322,0.964286,93.155
1.9322,0.973214,92.753
1.9322,0.982143,92.465
1.9322,0.991071,92.465
1.9322,1,92.476
1.9322,1.00893,89.498
1.9322,1.01786,88.395
1.9322,1.02679,88.591
1.9322,1.03571,89.477
1.9322,1.04464,87.189
1.9322,1.05357,84.727
1.9322,1.0625,84.852
1.9322,1.07143,82.564
1.9322,1.08036,82.863
1.9322,1.08929,81.173
1.9322,1.09821,79.586
1.9322,1.10714,78.184
1.9322,1.11607,76.896
1.9322,1.125,77.07
1.9322,1.13393,73.141
1.9322,1.14286,74.141
1.9322,1.15179,71.739
1.9322,1.16071,72.799
1.9322,1.16964,72.272
1.9322,1.17857,71.332
1.9322,1.1875,66.278
1.9322,1.19643,67.996
1.9322,1.20536,67.654
1.9322,1.21429,61.54
1.9322,1.22321,61.127
1.9322,1.23214,59.714
1.9322,1.24107,59.187
1.9322,1.25,57.187
1.9322,1.25893,56.845
1.9322,1.26786,58.03
1.9322,1.27679,57.443
1.9322,1.28571,57.557
1.9322,1.29464,57.557
1.9322,1.30357,57.557
1.9322,1.3125,57.557
1.9322,1.32143,57.557
1.9322,1.33036,57.557
1.9322,1.33929,57.557
1.9322,1.34821,57.557
1.9322,1.35714,57.557
1.9322,1.36607,57.557
1.9322,1.375,57.557
1.9322,1.38393,57.557
1.9322,1.39286,57.557
1.9322,1.40179,57.557
1.9322,1.41071,57.557
1.9322,1.41964,57.557
1.9322,1.42857,57.557
1.9322,1.4375,57.557
1.9322,1.44643,57.557
1.9322,1.45536,57.557
1.9322,1.46429,57.557
1.9322,1.47321,57.557
1.9322,1.48214,57.557
1.9322,1.49107,57.557
1.9322,1.5,57.557
1.9322,1.50893,57.557
1.9322,1.51786,57.557
1.92252,0,75.286
1.92252,0.00892857,57.725
1.92252,0.0178571,57.084
1.92252,0.0267857,57.258
1.92252,0.0357143,57.671
1.92252,0.0446429,57.671
1.92252,0.0535714,57.671
1.92252,0.0625,57.671
1.92252,0.0714286,57.671
1.92252,0.0803571,57.671
1.92252,0.0892857,57.671
1.92252,0.0982143,57.671
1.92252,0.107143,57.671
1.92252,0.116071,57.671
1.92252,0.125,57.671
1.92252,0.133929,57.671
1.92252,0.142857,57.671
1.92252,0.151786,57.671
1.92252,0.160714,57.671
1.92252,0.169643,57.671
1.92252,0.178571,57.671
1.92252,0.1875,57.671
1.92252,0.196429,57.671
1.92252,0.205357,57.671
1.92252,0.214286,57.671
1.92252,0.223214,57.671
1.92252,0.232143,57.671
1.92252,0.241071,57.671
1.92252,0.25,57.671
1.92252,0.258929,57.671
1.92252,0.267857,57.671
1.92252,0.276786,57.671
1.92252,0.285714,57.671
1.92252,0.294643,57.557
1.92252,0.303571,57.041
1.92252,0.3125,57.404
1.92252,0.321429,57.366
1.92252,0.330357,57.198
1.92252,0.339286,55.802
1.92252,0.348214,56.301
1.92252,0.357143,76.486
1.92252,0.366071,137.811
1.92252,0.375,136.523
1.92252,0.383929,135.534
1.92252,0.392857,132.257
1.92252,0.401786,127.806
1.92252,0.410714,131.518
1.92252,0.419643,124.828
1.92252,0.428571,123.828
1.92252,0.4375,121.138
1.92252,0.446429,119.149
1.92252,0.455357,118.676
1.92252,0.464286,119.388
1.92252,0.473214,112.698
1.92252,0.482143,113.41
1.92252,0.491071,110.122
1.92252,0.5,108.122
1.92252,0.508929,109.492
1.92252,0.517857,105.492
1.92252,0.526786,105.204
1.92252,0.535714,105.215
1.92252,0.544643,101.927
1.92252,0.553571,100.639
1.92252,0.5625,99.237
1.92252,0.571429,99.237
1.92252,0.580357,98.063
1.92252,0.589286,97.177
1.92252,0.598214,97.177
1.92252,0.607143,92.188
1.92252,0.616071,92.601
1.92252,0.625,90.84
1.92252,0.633929,87.552
1.92252,0.642857,88.324
1.92252,0.651786,88.21
1.92252,0.660714,85.21
1.92252,0.669643,87.922
1.92252,0.678571,86.221
1.92252,0.6875,84.933
1.92252,0.696429,84.933
1.92252,0.705357,83.933
1.92252,0.714286,84.449
1.92252,0.723214,84.449
1.92252,0.732143,84.449
1.92252,0.741071,84.449
1.92252,0.75,83.862
1.92252,0.758929,83.862
1.92252,0.767857,83.862
1.92252,0.776786,84.161
1.92252,0.785714,84.574
1.92252,0.794643,84.656
1.92252,0.803571,84.368
1.92252,0.8125,84.966
1.92252,0.821429,86.151
1.92252,0.830357,86.749
1.92252,0.839286,86.749
1.92252,0.848214,87.863
1.92252,0.857143,86.45
1.92252,0.866071,96.749
1.92252,0.875,85.244
1.92252,0.883929,90.141
1.92252,0.892857,90.924
1.92252,0.901786,91.544
1.92252,0.910714,92.028
1.92252,0.919643,92.751
1.92252,0.928571,93.349
1.92252,0.9375,92.833
1.92252,0.946429,93.143
1.92252,0.955357,93.339
1.92252,0.964286,93.35
1.92252,0.973214,93.019
1.92252,0.982143,92.432
1.92252,0.991071,92.443
1.92252,1,92.155
1.92252,1.00893,90.764
1.92252,1.01786,90.96
1.92252,1.02679,89.857
1.92252,1.03571,89.982
1.92252,1.04464,88.167
1.92252,1.05357,86.591
1.92252,1.0625,85.841
1.92252,1.07143,84.553
1.92252,1.08036,83.852
1.92252,1.08929,83.749
1.92252,1.09821,82.173
1.92252,1.10714,80.885
1.92252,1.11607,82.184
1.92252,1.125,79.184
1.92252,1.13393,76.896
1.92252,1.14286,78.255
1.92252,1.15179,74.853
1.92252,1.16071,72.625
1.92252,1.16964,71.685
1.92252,1.17857,71.272
1.92252,1.1875,70.332
1.92252,1.19643,69.164
1.92252,1.20536,65.11
1.92252,1.21429,61.996
1.92252,1.22321,60.882
1.92252,1.23214,61.654
1.92252,1.24107,61.828
1.92252,1.25,58.187
1.92252,1.25893,57.6
1.92252,1.26786,57.671
1.92252,1.27679,57.671
1.92252,1.28571,57.671
1.92252,1.29464,57.671
1.92252,1.30357,57.671
1.92252,1.3125,57.671
1.92252,1.32143,57.671
1.92252,1.33036,57.671
1.92252,1.33929,57.671
1.92252,1.34821,57.671
1.92252,1.35714,57.671
1.92252,1.36607,57.671
1.92252,1.375,57.671
1.92252,1.38393,57.671
1.92252,1.39286,57.671
1.92252,1.40179,57.671
1.92252,1.41071,57.671
1.92252,1.41964,57.671
1.92252,1.42857,57.671
1.92252,1.4375,57.671
1.92252,1.44643,57.671
1.92252,1.45536,57.671
1.92252,1.46429,57.671
1.92252,1.47321,57.671
1.92252,1.48214,57.671
1.92252,1.49107,57.671
1.92252,1.5,57.671
1.92252,1.50893,57.671
1.92252,1.51786,57.671
1.91283,0,75.286
1.91283,0.00892857,57.725
1.91283,0.0178571,57.084
1.91283,0.0267857,57.258
1.91283,0.0357143,57.671
1.91283,0.0446429,57.671
1.91283,0.0535714,57.671
1.91283,0.0625,57.671
1.91283,0.0714286,57.671
1.91283,0.0803571,57.671
1.91283,0.0892857,57.671
1.91283,0.0982143,57.671
1.91283,0.107143,57.671
1.91283,0.116071,57.671
1.91283,0.125,57.671
1.91283,0.133929,57.671
1.91283,0.142857,57.671
1.91283,0.151786,57.671
1.91283,0.160714,57.671
1.91283,0.169643,57.671
1.91283,0.178571,57.671
1.91283,0.1875,57.671
1.91283,0.196429,57.671
1.91283,0.205357,57.671
1.91283,0.214286,57.671
1.91283,0.223214,57.671
1.91283,0.232143,57.671
1.91283,0.241071,57.671
1.91283,0.25,57.671
1.91283,0.258929,57.671
1.91283,0.267857,57.671
1.91283,0.276786,57.671
1.91283,0.285714,57.671
1.91283,0.294643,57.671
1.91283,0.303571,57.568
1.91283,0.3125,57.415
1.91283,0.321429,57.54
1.91283,0.330357,57.443
1.91283,0.339286,55.916
1.91283,0.348214,56.24
1.91283,0.357143,134.396
1.91283,0.366071,148.646
1.91283,0.375,147.728
1.91283,0.383929,145.44
1.91283,0.392857,140.049
1.91283,0.401786,142.658
1.91283,0.410714,138.68
1.91283,0.419643,136.876
1.91283,0.428571,134.876
1.91283,0.4375,134.898
1.91283,0.446429,132.735
1.91283,0.455357,130.333
1.91283,0.464286,127.757
1.91283,0.473214,133.127
1.91283,0.482143,124.85
1.91283,0.491071,124.448
1.91283,0.5,120.16
1.91283,0.508929,119.16
1.91283,0.517857,114.573
1.91283,0.526786,112.573
1.91283,0.535714,111.883
1.91283,0.544643,111.595
1.91283,0.553571,108.492
1.91283,0.5625,110.204
1.91283,0.571429,106.204
1.91283,0.580357,103.215
1.91283,0.589286,102.916
1.91283,0.598214,103.215
1.91283,0.607143,99.34
1.91283,0.616071,97.166
1.91283,0.625,95.764
1.91283,0.633929,93.291
1.91283,0.642857,92.188
1.91283,0.651786,91.199
1.91283,0.660714,89.9
1.91283,0.669643,91.911
1.91283,0.678571,88.911
1.91283,0.6875,86.808
1.91283,0.696429,86.221
1.91283,0.705357,86.221
1.91283,0.714286,85.449
1.91283,0.723214,85.449
1.91283,0.732143,84.449
1.91283,0.741071,84.449
1.91283,0.75,84.449
1.91283,0.758929,83.851
1.91283,0.767857,83.851
1.91283,0.776786,84.15
1.91283,0.785714,83.862
1.91283,0.794643,83.574
1.91283,0.803571,83.286
1.91283,0.8125,83.77
1.91283,0.821429,84.368
1.91283,0.830357,84.955
1.91283,0.839286,85.966
1.91283,0.848214,84.667
1.91283,0.857143,85.955
1.91283,0.866071,84.841
1.91283,0.875,86.738
1.91283,0.883929,88.119
1.91283,0.892857,88.429
1.91283,0.901786,89.625
1.91283,0.910714,90.522
1.91283,0.919643,91.832
1.91283,0.928571,93.017
1.91283,0.9375,92.327
1.91283,0.946429,93.11
1.91283,0.955357,93.42
1.91283,0.964286,93.029
1.91283,0.973214,93.328
1.91283,0.982143,93.339
1.91283,0.991071,92.051
1.91283,1,92.948
1.91283,1.00893,92.742
1.91283,1.01786,91.753
1.91283,1.02679,91.362
1.91283,1.03571,90.373
1.91283,1.04464,90.444
1.91283,1.05357,89.982
1.91283,1.0625,89.417
1.91283,1.07143,87.542
1.91283,1.08036,86.14
1.91283,1.08929,84.151
1.91283,1.09821,84.276
1.91283,1.10714,84.874
1.91283,1.11607,79.472
1.91283,1.125,78.412
1.91283,1.13393,77.184
1.91283,1.14286,76.782
1.91283,1.15179,74.967
1.91283,1.16071,73.853
1.91283,1.16964,72.739
1.91283,1.17857,71.799
1.91283,1.1875,72.799
1.91283,1.19643,73.332
1.91283,1.20536,67.99
1.91283,1.21429,61.865
1.91283,1.22321,67.751
1.91283,1.23214,63.996
1.91283,1.24107,64.241
1.91283,1.25,58.241
1.91283,1.25893,59.828
1.91283,1.26786,57.899
1.91283,1.27679,57.899
1.91283,1.28571,56.899
1.91283,1.29464,56.785
1.91283,1.30357,57.671
1.91283,1.3125,57.671
1.91283,1.32143,57.671
1.91283,1.33036,57.671
1.91283,1.33929,57.671
1.91283,1.34821,57.671
1.91283,1.35714,57.671
1.91283,1.36607,57.671
1.91283,1.375,57.671
1.91283,1.38393,57.671
1.91283,1.39286,57.671
1.91283,1.40179,57.671
1.91283,1.41071,57.671
1.91283,1.41964,57.671
1.91283,1.42857,57.671
1.91283,1.4375,57.671
1.91283,1.44643,57.671
1.91283,1.45536,57.671
1.91283,1.46429,57.671
1.91283,1.47321,57.671
1.91283,1.48214,57.671
1.91283,1.49107,57.671
1.91283,1.5,57.671
1.91283,1.50893,57.671
1.91283,1.51786,57.671
1.90315,0,75.286
1.90315,0.00892857,57.725
1.90315,0.0178571,57.084
1.90315,0.0267857,57.258
1.90315,0.0357143,57.671
1.90315,0.0446429,57.671
1.90315,0.0535714,57.671
1.90315,0.0625,57.671
1.90315,0.0714286,57.671
1.90315,0.0803571,57.671
1.90315,0.0892857,57.671
1.90315,0.0982143,57.671
1.90315,0.107143,57.671
1.90315,0.116071,57.671
1.90315,0.125,57.671
1.90315,0.133929,57.671
1.90315,0.142857,57.671
1.90315,0.151786,57.671
1.90315,0.160714,57.671
1.90315,0.169643,57.671
1.90315,0.178571,57.671
1.90315,0.1875,57.671
1.90315,0.196429,57.671
1.90315,0.205357,57.671
1.90315,0.214286,57.671
1.90315,0.223214,57.671
1.90315,0.232143,57.671
1.90315,0.241071,57.671
1.90315,0.25,57.671
1.90315,0.258929,57.671
1.90315,0.267857,57.671
1.90315,0.276786,57.671
1.90315,0.285714,57.671
1.90315,0.294643,57.671
1.90315,0.303571,57.796
1.90315,0.3125,57.6
1.90315,0.321429,57.671
1.90315,0.330357,57.144
1.90315,0.339286,56.557
1.90315,0.348214,57.815
1.90315,0.357143,150.676
1.90315,0.366071,153.705
1.90315,0.375,152.14
1.90315,0.383929,150.738
1.90315,0.392857,150.347
1.90315,0.401786,149.07
1.90315,0.410714,145.679
1.90315,0.419643,145.277
1.90315,0.428571,145.288
1.90315,0.4375,141.174
1.90315,0.446429,143.37
1.90315,0.455357,140.566
1.90315,0.464286,135.99
1.90315,0.473214,134.485
1.90315,0.482143,133.083
1.90315,0.491071,132.393
1.90315,0.5,128.176
1.90315,0.508929,132.404
1.90315,0.517857,127.116
1.90315,0.526786,124.415
1.90315,0.535714,122.839
1.90315,0.544643,122.551
1.90315,0.553571,120.861
1.90315,0.5625,114.171
1.90315,0.571429,118.171
1.90315,0.580357,110.595
1.90315,0.589286,109.894
1.90315,0.598214,109.791
1.90315,0.607143,106.617
1.90315,0.616071,103.514
1.90315,0.625,102.927
1.90315,0.633929,98.34
1.90315,0.642857,96.465
1.90315,0.651786,95.177
1.90315,0.660714,98.476
1.90315,0.669643,93.302
1.90315,0.678571,94.188
1.90315,0.6875,90.199
1.90315,0.696429,89.911
1.90315,0.705357,89.911
1.90315,0.714286,87.449
1.90315,0.723214,86.449
1.90315,0.732143,86.449
1.90315,0.741071,85.449
1.90315,0.75,86.449
1.90315,0.758929,85.449
1.90315,0.767857,84.449
1.90315,0.776786,84.449
1.90315,0.785714,83.851
1.90315,0.794643,84.449
1.90315,0.803571,83.862
1.90315,0.8125,83.574
1.90315,0.821429,83.286
1.90315,0.830357,83.286
1.90315,0.839286,84.585
1.90315,0.848214,84.884
1.90315,0.857143,86.243
1.90315,0.866071,87.243
1.90315,0.875,85.727
1.90315,0.883929,85.923
1.90315,0.892857,86.706
1.90315,0.901786,88.717
1.90315,0.910714,90.027
1.90315,0.919643,90.739
1.90315,0.928571,91.522
1.90315,0.9375,92.12
1.90315,0.946429,93.017
1.90315,0.955357,94.213
1.90315,0.964286,93.409
1.90315,0.973214,93.42
1.90315,0.982143,92.833
1.90315,0.991071,92.926
1.90315,1,94.225
1.90315,1.00893,92.649
1.90315,1.01786,91.557
1.90315,1.02679,92.454
1.90315,1.03571,92.063
1.90315,1.04464,91.775
1.90315,1.05357,90.498
1.90315,1.0625,88.509
1.90315,1.07143,87.52
1.90315,1.08036,86.232
1.90315,1.08929,86.428
1.90315,1.09821,84.852
1.90315,1.10714,84.151
1.90315,1.11607,85.863
1.90315,1.125,84.102
1.90315,1.13393,82.113
1.90315,1.14286,78.184
1.90315,1.15179,75.896
1.90315,1.16071,75.608
1.90315,1.16964,75.967
1.90315,1.17857,73.255
1.90315,1.1875,74.255
1.90315,1.19643,72.973
1.90315,1.20536,71.087
1.90315,1.21429,68.973
1.90315,1.22321,67.691
1.90315,1.23214,64.865
1.90315,1.24107,70.11
1.90315,1.25,63.882
1.90315,1.25893,59.882
1.90315,1.26786,59.127
1.90315,1.27679,59.127
1.90315,1.28571,58.127
1.90315,1.29464,56.899
1.90315,1.30357,57.671
1.90315,1.3125,57.671
1.90315,1.32143,57.671
1.90315,1.33036,57.671
1.90315,1.33929,57.671
1.90315,1.34821,57.671
1.90315,1.35714,57.671
1.90315,1.36607,57.671
1.90315,1.375,57.671
1.90315,1.38393,57.671
1.90315,1.39286,57.671
1.90315,1.40179,57.671
1.90315,1.41071,57.671
1.90315,1.41964,57.671
1.90315,1.42857,57.671
1.90315,1.4375,57.671
1.90315,1.44643,57.671
1.90315,1.45536,57.671
1.90315,1.46429,57.671
1.90315,1.47321,57.671
1.90315,1.48214,57.671
1.90315,1.49107,57.671
1.90315,1.5,57.671
1.90315,1.50893,57.671
1.90315,1.51786,57.671
1.89346,0,75.286
1.89346,0.00892857,57.725
1.89346,0.0178571,57.084
1.89346,0.0267857,57.258
1.89346,0.0357143,57.671
1.89346,0.0446429,57.671
1.89346,0.0535714,57.671
1.89346,0.0625,57.671
1.89346,0.0714286,57.671
1.89346,0.0803571,57.671
1.89346,0.0892857,57.671
1.89346,0.0982143,57.671
1.89346,0.107143,57.671
1.89346,0.116071,57.671
1.89346,0.125,57.671
1.89346,0.133929,57.671
1.89346,0.142857,57.671
1.89346,0.151786,57.671
1.89346,0.160714,57.671
1.89346,0.169643,57.671
1.89346,0.178571,57.671
1.89346,0.1875,57.671
1.89346,0.196429,57.671
1.89346,0.205357,57.671
1.89346,0.214286,57.671
1.89346,0.223214,57.671
1.89346,0.232143,57.671
1.89346,0.241071,57.671
1.89346,0.25,57.671
1.89346,0.258929,57.671
1.89346,0.267857,57.671
1.89346,0.276786,57.671
1.89346,0.285714,57.671
1.89346,0.294643,57.671
1.89346,0.303571,57.611
1.89346,0.3125,57.6
1.89346,0.321429,58.269
1.89346,0.330357,57.731
1.89346,0.339286,58.062
1.89346,0.348214,62.781
1.89346,0.357143,157.061
1.89346,0.366071,158.341
1.89346,0.375,159.281
1.89346,0.383929,156.292
1.89346,0.392857,156.004
1.89346,0.401786,153.542
1.89346,0.410714,152.841
1.89346,0.419643,151.841
1.89346,0.428571,151.841
1.89346,0.4375,149.45
1.89346,0.446429,145.13
1.89346,0.455357,145.429
1.89346,0.464286,144.924
1.89346,0.473214,141.234
1.89346,0.482143,140.832
1.89346,0.491071,140.37
1.89346,0.5,139.37
1.89346,0.508929,134.979
1.89346,0.517857,135.691
1.89346,0.526786,136.702
1.89346,0.535714,131.713
1.89346,0.544643,129.322
1.89346,0.553571,127.447
1.89346,0.5625,129.045
1.89346,0.571429,132.768
1.89346,0.580357,126.85
1.89346,0.589286,119.861
1.89346,0.598214,119.872
1.89346,0.607143,109.883
1.89346,0.616071,110.894
1.89346,0.625,110.318
1.89346,0.633929,105.916
1.89346,0.642857,110.432
1.89346,0.651786,102.845
1.89346,0.660714,108.144
1.89346,0.669643,105.742
1.89346,0.678571,105.34
1.89346,0.6875,94.878
1.89346,0.696429,95.476
1.89346,0.705357,95.775
1.89346,0.714286,92.438
1.89346,0.723214,89.737
1.89346,0.732143,88.737
1.89346,0.741071,88.036
1.89346,0.75,88.449
1.89346,0.758929,86.161
1.89346,0.767857,86.047
1.89346,0.776786,85.047
1.89346,0.785714,84.851
1.89346,0.794643,83.851
1.89346,0.803571,82.851
1.89346,0.8125,83.976
1.89346,0.821429,83.389
1.89346,0.830357,83.503
1.89346,0.839286,83.503
1.89346,0.848214,83.574
1.89346,0.857143,84.471
1.89346,0.866071,84.357
1.89346,0.875,84.357
1.89346,0.883929,85.14
1.89346,0.892857,85.738
1.89346,0.901786,87.461
1.89346,0.910714,88.059
1.89346,0.919643,88.543
1.89346,0.928571,87.728
1.89346,0.9375,88.739
1.89346,0.946429,90.337
1.89346,0.955357,89.946
1.89346,0.964286,91.555
1.89346,0.973214,91.74
1.89346,0.982143,92.637
1.89346,0.991071,93.132
1.89346,1,93.431
1.89346,1.00893,93.926
1.89346,1.01786,92.35
1.89346,1.02679,92.372
1.89346,1.03571,92.568
1.89346,1.04464,92.764
1.89346,1.05357,92.362
1.89346,1.0625,91.775
1.89346,1.07143,90.199
1.89346,1.08036,89.797
1.89346,1.08929,87.52
1.89346,1.09821,87.531
1.89346,1.10714,85.542
1.89346,1.11607,85.841
1.89346,1.125,83.678
1.89346,1.13393,83.977
1.89346,1.14286,82.401
1.89346,1.15179,80.885
1.89346,1.16071,76.896
1.89346,1.16964,75.896
1.89346,1.17857,74.896
1.89346,1.1875,73.896
1.89346,1.19643,75.668
1.89346,1.20536,71.255
1.89346,1.21429,72.027
1.89346,1.22321,66.973
1.89346,1.23214,71.218
1.89346,1.24107,68.876
1.89346,1.25,65.05
1.89346,1.25893,63.523
1.89346,1.26786,60.654
1.89346,1.27679,62.654
1.89346,1.28571,57.654
1.89346,1.29464,59.127
1.89346,1.30357,57.899
1.89346,1.3125,57.671
1.89346,1.32143,56.671
1.89346,1.33036,57.671
1.89346,1.33929,57.671
1.89346,1.34821,57.671
1.89346,1.35714,57.671
1.89346,1.36607,57.671
1.89346,1.375,57.671
1.89346,1.38393,57.671
1.89346,1.39286,57.671
1.89346,1.40179,57.671
1.89346,1.41071,57.671
1.89346,1.41964,57.671
1.89346,1.42857,57.671
1.89346,1.4375,57.671
1.89346,1.44643,57.671
1.89346,1.45536,57.671
1.89346,1.46429,57.671
1.89346,1.47321,57.671
1.89346,1.48214,57.671
1.89346,1.49107,57.671
1.89346,1.5,57.671
1.89346,1.50893,57.671
1.89346,1.51786,57.671
1.88378,0,75.286
1.88378,0.00892857,57.725
1.88378,0.0178571,57.084
1.88378,0.0267857,57.258
1.88378,0.0357143,57.671
1.88378,0.0446429,57.671
1.88378,0.0535714,57.671
1.88378,0.0625,57.671
1.88378,0.0714286,57.671
1.88378,0.0803571,57.671
1.88378,0.0892857,57.671
1.88378,0.0982143,57.671
1.88378,0.107143,57.671
1.88378,0.116071,57.671
1.88378,0.125,57.671
1.88378,0.133929,57.671
1.88378,0.142857,57.671
1.88378,0.151786,57.671
1.88378,0.160714,57.671
1.88378,0.169643,57.671
1.88378,0.178571,57.671
1.88378,0.1875,57.671
1.88378,0.196429,57.671
1.88378,0.205357,57.671
1.88378,0.214286,57.671
1.88378,0.223214,57.671
1.88378,0.232143,57.671
1.88378,0.241071,57.671
1.88378,0.25,57.671
1.88378,0.258929,57.671
1.88378,0.267857,57.671
1.88378,0.276786,57.671
1.88378,0.285714,57.671
1.88378,0.294643,57.671
1.88378,0.303571,57.198
1.88378,0.3125,57.361
1.88378,0.321429,57.28
1.88378,0.330357,57.247
1.88378,0.339286,58.094
1.88378,0.348214,100.693
1.88378,0.357143,168.366
1.88378,0.366071,164.821
1.88378,0.375,163.554
1.88378,0.383929,163.782
1.88378,0.392857,162.483
1.88378,0.401786,160.939
1.88378,0.410714,158.64
1.88378,0.419643,157.27
1.88378,0.428571,156.558
1.88378,0.4375,154.993
1.88378,0.446429,153.787
1.88378,0.455357,153.2
1.88378,0.464286,153.499
1.88378,0.473214,151.809
1.88378,0.482143,150.521
1.88378,0.491071,149.119
1.88378,0.5,148.646
1.88378,0.508929,148.717
1.88378,0.517857,148.255
1.88378,0.526786,146.565
1.88378,0.535714,139.576
1.88378,0.544643,141.299
1.88378,0.553571,138.609
1.88378,0.5625,137.207
1.88378,0.571429,134.517
1.88378,0.580357,136.713
1.88378,0.589286,130.023
1.88378,0.598214,129.447
1.88378,0.607143,124.056
1.88378,0.616071,123.138
1.88378,0.625,122.448
1.88378,0.633929,114.459
1.88378,0.642857,114.872
1.88378,0.651786,110.872
1.88378,0.660714,111.584
1.88378,0.669643,107.595
1.88378,0.678571,108.193
1.88378,0.6875,106.916
1.88378,0.696429,105.927
1.88378,0.705357,101.226
1.88378,0.714286,96.889
1.88378,0.723214,96.775
1.88378,0.732143,91.9
1.88378,0.741071,90.9
1.88378,0.75,90.612
1.88378,0.758929,89.21
1.88378,0.767857,87.623
1.88378,0.776786,87.221
1.88378,0.785714,85.748
1.88378,0.794643,84.748
1.88378,0.803571,84.335
1.88378,0.8125,84.449
1.88378,0.821429,83.862
1.88378,0.830357,83.976
1.88378,0.839286,84.09
1.88378,0.848214,83.862
1.88378,0.857143,83.275
1.88378,0.866071,83.275
1.88378,0.875,83.346
1.88378,0.883929,83.944
1.88378,0.892857,85.254
1.88378,0.901786,86.265
1.88378,0.910714,86.45
1.88378,0.919643,85.45
1.88378,0.928571,85.82
1.88378,0.9375,86.831
1.88378,0.946429,88.842
1.88378,0.955357,89.337
1.88378,0.964286,90.647
1.88378,0.973214,90.832
1.88378,0.982143,92.142
1.88378,0.991071,93.11
1.88378,1,93.708
1.88378,1.00893,93.719
1.88378,1.01786,93.029
1.88378,1.02679,93.051
1.88378,1.03571,93.258
1.88378,1.04464,92.97
1.88378,1.05357,92.856
1.88378,1.0625,92.454
1.88378,1.07143,91.465
1.88378,1.08036,90.775
1.88378,1.08929,89.199
1.88378,1.09821,89.509
1.88378,1.10714,88.52
1.88378,1.11607,86.118
1.88378,1.125,84.841
1.88378,1.13393,83.852
1.88378,1.14286,81.863
1.88378,1.15179,80.173
1.88378,1.16071,80.184
1.88378,1.16964,79.412
1.88378,1.17857,77.412
1.88378,1.1875,77.412
1.88378,1.19643,74.896
1.88378,1.20536,73.255
1.88378,1.21429,72.255
1.88378,1.22321,69.799
1.88378,1.23214,71.272
1.88378,1.24107,71.332
1.88378,1.25,69.104
1.88378,1.25893,67.463
1.88378,1.26786,66.11
1.88378,1.27679,62.882
1.88378,1.28571,59.654
1.88378,1.29464,61.54
1.88378,1.30357,57.899
1.88378,1.3125,56.671
1.88378,1.32143,56.557
1.88378,1.33036,57.671
1.88378,1.33929,57.671
1.88378,1.34821,57.671
1.88378,1.35714,57.671
1.88378,1.36607,57.671
1.88378,1.375,57.671
1.88378,1.38393,57.671
1.88378,1.39286,57.671
1.88378,1.40179,57.671
1.88378,1.41071,57.671
1.88378,1.41964,57.671
1.88378,1.42857,57.671
1.88378,1.4375,57.671
1.88378,1.44643,57.671
1.88378,1.45536,57.671
1.88378,1.46429,57.671
1.88378,1.47321,57.671
1.88378,1.48214,57.671
1.88378,1.49107,57.671
1.88378,1.5,57.671
1.88378,1.50893,57.671
1.88378,1.51786,57.671
1.87409,0,75.286
1.87409,0.00892857,57.725
1.87409,0.0178571,57.084
1.87409,0.0267857,57.258
1.87409,0.0357143,57.671
1.87409,0.0446429,57.671
1.87409,0.0535714,57.671
1.87409,0.0625,57.671
1.87409,0.0714286,57.671
1.87409,0.0803571,57.671
1.87409,0.0892857,57.671
1.87409,0.0982143,57.671
1.87409,0.107143,57.671
1.87409,0.116071,57.671
1.87409,0.125,57.671
1.87409,0.133929,57.671
1.87409,0.142857,57.671
1.87409,0.151786,57.671
1.87409,0.160714,57.671
1.87409,0.169643,57.671
1.87409,0.178571,57.671
1.87409,0.1875,57.671
1.87409,0.196429,57.671
1.87409,0.205357,57.671
1.87409,0.214286,57.671
1.87409,0.223214,57.671
1.87409,0.232143,57.671
1.87409,0.241071,57.671
1.87409,0.25,57.671
1.87409,0.258929,57.671
1.87409,0.267857,57.671
1.87409,0.276786,57.671
1.87409,0.285714,57.671
1.87409,0.294643,57.671
1.87409,0.303571,57.258
1.87409,0.3125,57.535
1.87409,0.321429,57.465
1.87409,0.330357,57.361
1.87409,0.339286,57.186
1.87409,0.348214,140.573
1.87409,0.357143,173.672
1.87409,0.366071,171.209
1.87409,0.375,168.964
1.87409,0.383929,168.48
1.87409,0.392857,166.697
1.87409,0.401786,168.43
1.87409,0.410714,162.576
1.87409,0.419643,162.896
1.87409,0.428571,159.412
1.87409,0.4375,158.868
1.87409,0.446429,158.281
1.87409,0.455357,158.281
1.87409,0.464286,157.395
1.87409,0.473214,155.694
1.87409,0.482143,155.993
1.87409,0.491071,155.221
1.87409,0.5,155.107
1.87409,0.508929,155.694
1.87409,0.517857,154.004
1.87409,0.526786,151.314
1.87409,0.535714,148.738
1.87409,0.544643,151.347
1.87409,0.553571,145.657
1.87409,0.5625,147.369
1.87409,0.571429,147.494
1.87409,0.580357,139.864
1.87409,0.589286,143.576
1.87409,0.598214,142.598
1.87409,0.607143,138.392
1.87409,0.616071,136.001
1.87409,0.625,132.023
1.87409,0.633929,126.92
1.87409,0.642857,128.241
1.87409,0.651786,117.138
1.87409,0.660714,120.85
1.87409,0.669643,119.16
1.87409,0.678571,112.47
1.87409,0.6875,106.595
1.87409,0.696429,104.905
1.87409,0.705357,105.916
1.87409,0.714286,103.443
1.87409,0.723214,104.557
1.87409,0.732143,98.155
1.87409,0.741071,97.28
1.87409,0.75,94.476
1.87409,0.758929,92.9
1.87409,0.767857,90.612
1.87409,0.776786,90.911
1.87409,0.785714,87.933
1.87409,0.794643,86.933
1.87409,0.803571,85.933
1.87409,0.8125,86.047
1.87409,0.821429,84.862
1.87409,0.830357,84.862
1.87409,0.839286,83.976
1.87409,0.848214,83.862
1.87409,0.857143,84.15
1.87409,0.866071,83.851
1.87409,0.875,84.15
1.87409,0.883929,83.862
1.87409,0.892857,84.46
1.87409,0.901786,84.656
1.87409,0.910714,84.656
1.87409,0.919643,85.542
1.87409,0.928571,86.026
1.87409,0.9375,86.738
1.87409,0.946429,87.233
1.87409,0.955357,88.429
1.87409,0.964286,89.141
1.87409,0.973214,89.337
1.87409,0.982143,91.234
1.87409,0.991071,90.903
1.87409,1,92.202
1.87409,1.00893,93.398
1.87409,1.01786,93.007
1.87409,1.02679,91.844
1.87409,1.03571,91.752
1.87409,1.04464,92.948
1.87409,1.05357,92.845
1.87409,1.0625,92.443
1.87409,1.07143,92.742
1.87409,1.08036,92.753
1.87409,1.08929,91.362
1.87409,1.09821,90.786
1.87409,1.10714,89.797
1.87409,1.11607,88.107
1.87409,1.125,86.602
1.87409,1.13393,88.2
1.87409,1.14286,84.738
1.87409,1.15179,85.276
1.87409,1.16071,81.173
1.87409,1.16964,79.814
1.87409,1.17857,79.412
1.87409,1.1875,77.412
1.87409,1.19643,78.195
1.87409,1.20536,77.967
1.87409,1.21429,74.668
1.87409,1.22321,73.027
1.87409,1.23214,71.799
1.87409,1.24107,73.272
1.87409,1.25,69.332
1.87409,1.25893,68.691
1.87409,1.26786,64.11
1.87409,1.27679,64.882
1.87409,1.28571,59.768
1.87409,1.29464,61.127
1.87409,1.30357,60.899
1.87409,1.3125,57.671
1.87409,1.32143,58.443
1.87409,1.33036,57.671
1.87409,1.33929,57.671
1.87409,1.34821,57.671
1.87409,1.35714,57.671
1.87409,1.36607,57.671
1.87409,1.375,57.671
1.87409,1.38393,57.671
1.87409,1.39286,57.671
1.87409,1.40179,57.671
1.87409,1.41071,57.671
1.87409,1.41964,57.671
1.87409,1.42857,57.671
1.87409,1.4375,57.671
1.87409,1.44643,57.671
1.87409,1.45536,57.671
1.87409,1.46429,57.671
1.87409,1.47321,57.671
1.87409,1.48214,57.671
1.87409,1.49107,57.671
1.87409,1.5,57.671
1.87409,1.50893,57.671
1.87409,1.51786,57.671
1.86441,0,76.629
1.86441,0.00892857,58.367
1.86441,0.0178571,56.959
1.86441,0.0267857,56.959
1.86441,0.0357143,57.671
1.86441,0.0446429,57.671
1.86441,0.0535714,57.671
1.86441,0.0625,57.671
1.86441,0.0714286,57.671
1.86441,0.0803571,57.671
1.86441,0.0892857,57.671
1.86441,0.0982143,57.671
1.86441,0.107143,57.671
1.86441,0.116071,57.671
1.86441,0.125,57.671
1.86441,0.133929,57.671
1.86441,0.142857,57.671
1.86441,0.151786,57.671
1.86441,0.160714,57.671
1.86441,0.169643,57.671
1.86441,0.178571,57.671
1.86441,0.1875,57.671
1.86441,0.196429,57.671
1.86441,0.205357,57.671
1.86441,0.214286,57.671
1.86441,0.223214,57.671
1.86441,0.232143,57.671
1.86441,0.241071,57.671
1.86441,0.25,57.671
1.86441,0.258929,57.671
1.86441,0.267857,57.671
1.86441,0.276786,57.671
1.86441,0.285714,57.671
1.86441,0.294643,57.671
1.86441,0.303571,57.383
1.86441,0.3125,56.432
1.86441,0.321429,57.297
1.86441,0.330357,57.475
1.86441,0.339286,55.936
1.86441,0.348214,165.616
1.86441,0.357143,175.853
1.86441,0.366071,174.477
1.86441,0.375,173.651
1.86441,0.383929,173.281
1.86441,0.392857,170.954
1.86441,0.401786,170.758
1.86441,0.410714,168.203
1.86441,0.419643,167.05
1.86441,0.428571,164.968
1.86441,0.4375,165.288
1.86441,0.446429,162.206
1.86441,0.455357,164.793
1.86441,0.464286,164.434
1.86441,0.473214,159.537
1.86441,0.482143,159.238
1.86441,0.491071,159.466
1.86441,0.5,158.982
1.86441,0.508929,159.444
1.86441,0.517857,156.857
1.86441,0.526786,155.982
1.86441,0.535714,156.694
1.86441,0.544643,156.232
1.86441,0.553571,154.83
1.86441,0.5625,151.129
1.86441,0.571429,152.955
1.86441,0.580357,151.037
1.86441,0.589286,145.521
1.86441,0.598214,149.945
1.86441,0.607143,148.141
1.86441,0.616071,144.277
1.86441,0.625,138.598
1.86441,0.633929,133.794
1.86441,0.642857,133.485
1.86441,0.651786,132.382
1.86441,0.660714,132.393
1.86441,0.669643,129.116
1.86441,0.678571,123.839
1.86441,0.6875,119.448
1.86441,0.696429,117.171
1.86441,0.705357,114.182
1.86441,0.714286,111.41
1.86441,0.723214,108.122
1.86441,0.732143,108.133
1.86441,0.741071,104.144
1.86441,0.75,100.981
1.86441,0.758929,98.579
1.86441,0.767857,95.59
1.86441,0.776786,95.302
1.86441,0.785714,94.324
1.86441,0.794643,91.509
1.86441,0.803571,87.922
1.86441,0.8125,87.933
1.86441,0.821429,86.161
1.86441,0.830357,85.161
1.86441,0.839286,85.161
1.86441,0.848214,84.563
1.86441,0.857143,84.666
1.86441,0.866071,84.552
1.86441,0.875,83.851
1.86441,0.883929,83.15
1.86441,0.892857,83.862
1.86441,0.901786,83.574
1.86441,0.910714,84.574
1.86441,0.919643,84.759
1.86441,0.928571,85.357
1.86441,0.9375,85.243
1.86441,0.946429,85.254
1.86441,0.955357,86.923
1.86441,0.964286,87.233
1.86441,0.973214,87.244
1.86441,0.982143,89.141
1.86441,0.991071,89.995
1.86441,1,90.593
1.86441,1.00893,92.017
1.86441,1.01786,93.028
1.86441,1.02679,93.11
1.86441,1.03571,92.534
1.86441,1.04464,92.844
1.86441,1.05357,93.04
1.86441,1.0625,93.236
1.86441,1.07143,92.959
1.86441,1.08036,92.856
1.86441,1.08929,91.753
1.86441,1.09821,90.764
1.86441,1.10714,90.362
1.86441,1.11607,90.487
1.86441,1.125,88.879
1.86441,1.13393,86.189
1.86441,1.14286,87.325
1.86441,1.15179,86.45
1.86441,1.16071,82.45
1.86441,1.16964,82.575
1.86441,1.17857,80.401
1.86441,1.1875,78.526
1.86441,1.19643,78.255
1.86441,1.20536,76.782
1.86441,1.21429,75.668
1.86441,1.22321,76.141
1.86441,1.23214,71.44
1.86441,1.24107,71.212
1.86441,1.25,72.913
1.86441,1.25893,69.272
1.86441,1.26786,68.164
1.86441,1.27679,64.637
1.86441,1.28571,60.409
1.86441,1.29464,61.768
1.86441,1.30357,62.54
1.86441,1.3125,59.013
1.86441,1.32143,60.372
1.86441,1.33036,57.372
1.86441,1.33929,57.372
1.86441,1.34821,57.671
1.86441,1.35714,56.671
1.86441,1.36607,57.671
1.86441,1.375,57.671
1.86441,1.38393,57.084
1.86441,1.39286,57.084
1.86441,1.40179,57.671
1.86441,1.41071,57.671
1.86441,1.41964,57.671
1.86441,1.42857,57.671
1.86441,1.4375,57.671
1.86441,1.44643,57.671
1.86441,1.45536,57.671
1.86441,1.46429,57.671
1.86441,1.47321,57.671
1.86441,1.48214,57.671
1.86441,1.49107,57.671
1.86441,1.5,57.671
1.86441,1.50893,57.671
1.86441,1.51786,57.671
1.85472,0,240.195
1.85472,0.00892857,155.716
1.85472,0.0178571,57.894
1.85472,0.0267857,57.546
1.85472,0.0357143,57.671
1.85472,0.0446429,57.671
1.85472,0.0535714,57.671
1.85472,0.0625,57.671
1.85472,0.0714286,57.671
1.85472,0.0803571,57.671
1.85472,0.0892857,57.671
1.85472,0.0982143,57.671
1.85472,0.107143,57.671
1.85472,0.116071,57.671
1.85472,0.125,57.671
1.85472,0.133929,57.671
1.85472,0.142857,57.671
1.85472,0.151786,57.671
1.85472,0.160714,57.671
1.85472,0.169643,57.671
1.85472,0.178571,57.671
1.85472,0.1875,57.671
1.85472,0.196429,57.671
1.85472,0.205357,57.671
1.85472,0.214286,57.671
1.85472,0.223214,57.671
1.85472,0.232143,57.671
1.85472,0.241071,57.671
1.85472,0.25,57.671
1.85472,0.258929,57.671
1.85472,0.267857,57.671
1.85472,0.276786,57.671
1.85472,0.285714,57.671
1.85472,0.294643,57.084
1.85472,0.303571,57.551
1.85472,0.3125,57.03
1.85472,0.321429,57.46
1.85472,0.330357,57.518
1.85472,0.339286,66.952
1.85472,0.348214,176.024
1.85472,0.357143,175.909
1.85472,0.366071,177
1.85472,0.375,176.408
1.85472,0.383929,174.679
1.85472,0.392857,175.064
1.85472,0.401786,174.053
1.85472,0.410714,173.868
1.85472,0.419643,171.096
1.85472,0.428571,171.427
1.85472,0.4375,170.758
1.85472,0.446429,169.16
1.85472,0.455357,169.377
1.85472,0.464286,169.366
1.85472,0.473214,168.583
1.85472,0.482143,165.914
1.85472,0.491071,166.316
1.85472,0.5,166.245
1.85472,0.508929,163.451
1.85472,0.517857,161.679
1.85472,0.526786,163.494
1.85472,0.535714,161.423
1.85472,0.544643,159.352
1.85472,0.553571,159.993
1.85472,0.5625,159.167
1.85472,0.571429,157.808
1.85472,0.580357,160.776
1.85472,0.589286,157.004
1.85472,0.598214,154.118
1.85472,0.607143,154.417
1.85472,0.616071,153.727
1.85472,0.625,149.048
1.85472,0.633929,147.244
1.85472,0.642857,143.739
1.85472,0.651786,146.821
1.85472,0.660714,144.533
1.85472,0.669643,142.729
1.85472,0.678571,138.876
1.85472,0.6875,132.795
1.85472,0.696429,128.116
1.85472,0.705357,125.138
1.85472,0.714286,119.861
1.85472,0.723214,118.16
1.85472,0.732143,111.584
1.85472,0.741071,112.122
1.85472,0.75,107.72
1.85472,0.758929,107.443
1.85472,0.767857,104.443
1.85472,0.776786,101.155
1.85472,0.785714,96.753
1.85472,0.794643,98.177
1.85472,0.803571,93.9
1.85472,0.8125,90.612
1.85472,0.821429,88.737
1.85472,0.830357,89.15
1.85472,0.839286,88.15
1.85472,0.848214,87.264
1.85472,0.857143,85.851
1.85472,0.866071,85.15
1.85472,0.875,85.449
1.85472,0.883929,83.862
1.85472,0.892857,83.862
1.85472,0.901786,84.161
1.85472,0.910714,84.161
1.85472,0.919643,84.987
1.85472,0.928571,84.574
1.85472,0.9375,84.574
1.85472,0.946429,84.873
1.85472,0.955357,85.656
1.85472,0.964286,85.667
1.85472,0.973214,86.564
1.85472,0.982143,86.874
1.85472,0.991071,87.842
1.85472,1,87.44
1.85472,1.00893,89.038
1.85472,1.01786,90.337
1.85472,1.02679,91.234
1.85472,1.03571,90.946
1.85472,1.04464,91.245
1.85472,1.05357,92.74
1.85472,1.0625,92.833
1.85472,1.07143,93.154
1.85472,1.08036,93.361
1.85472,1.08929,92.66
1.85472,1.09821,92.144
1.85472,1.10714,91.742
1.85472,1.11607,92.052
1.85472,1.125,91.433
1.85472,1.13393,89.096
1.85472,1.14286,89.243
1.85472,1.15179,87.254
1.85472,1.16071,83.901
1.85472,1.16964,85.901
1.85472,1.17857,84.091
1.85472,1.1875,80.64
1.85472,1.19643,78.814
1.85472,1.20536,76.412
1.85472,1.21429,79.01
1.85472,1.22321,77.195
1.85472,1.23214,74.608
1.85472,1.24107,73.782
1.85472,1.25,74.255
1.85472,1.25893,71.027
1.85472,1.26786,71.272
1.85472,1.27679,70.745
1.85472,1.28571,67.99
1.85472,1.29464,65.05
1.85472,1.30357,62.996
1.85472,1.3125,60.241
1.85472,1.32143,59.828
1.85472,1.33036,58.828
1.85472,1.33929,57.187
1.85472,1.34821,56.899
1.85472,1.35714,56.671
1.85472,1.36607,57.671
1.85472,1.375,58.269
1.85472,1.38393,57.91
1.85472,1.39286,57.91
1.85472,1.40179,57.671
1.85472,1.41071,57.671
1.85472,1.41964,57.671
1.85472,1.42857,57.671
1.85472,1.4375,57.671
1.85472,1.44643,57.671
1.85472,1.45536,57.671
1.85472,1.46429,57.671
1.85472,1.47321,57.671
1.85472,1.48214,57.671
1.85472,1.49107,57.671
1.85472,1.5,57.671
1.85472,1.50893,57.671
1.85472,1.51786,57.671
1.84504,0,247.956
1.84504,0.00892857,163.83
1.84504,0.0178571,55.247
1.84504,0.0267857,57.486
1.84504,0.0357143,57.671
1.84504,0.0446429,57.671
1.84504,0.0535714,57.671
1.84504,0.0625,57.671
1.84504,0.0714286,57.671
1.84504,0.0803571,57.671
1.84504,0.0892857,57.671
1.84504,0.0982143,57.671
1.84504,0.107143,57.671
1.84504,0.116071,57.671
1.84504,0.125,57.671
1.84504,0.133929,57.671
1.84504,0.142857,57.671
1.84504,0.151786,57.671
1.84504,0.160714,57.671
1.84504,0.169643,57.671
1.84504,0.178571,57.671
1.84504,0.1875,57.671
1.84504,0.196429,57.671
1.84504,0.205357,57.671
1.84504,0.214286,57.671
1.84504,0.223214,57.671
1.84504,0.232143,57.671
1.84504,0.241071,57.671
1.84504,0.25,57.671
1.84504,0.258929,57.671
1.84504,0.267857,57.671
1.84504,0.276786,57.671
1.84504,0.285714,57.671
1.84504,0.294643,57.671
1.84504,0.303571,57.714
1.84504,0.3125,57.193
1.84504,0.321429,57.084
1.84504,0.330357,57.421
1.84504,0.339286,99.283
1.84504,0.348214,168.705
1.84504,0.357143,173.997
1.84504,0.366071,173.116
1.84504,0.375,177.219
1.84504,0.383929,176.49
1.84504,0.392857,176.875
1.84504,0.401786,174.864
1.84504,0.410714,175.924
1.84504,0.419643,175.44
1.84504,0.428571,173.782
1.84504,0.4375,174.825
1.84504,0.446429,174.526
1.84504,0.455357,174.053
1.84504,0.464286,173.156
1.84504,0.473214,172.96
1.84504,0.482143,172.188
1.84504,0.491071,169.704
1.84504,0.5,169.921
1.84504,0.508929,171.024
1.84504,0.517857,169.426
1.84504,0.526786,168.942
1.84504,0.535714,166.355
1.84504,0.544643,166.985
1.84504,0.553571,169.213
1.84504,0.5625,163.501
1.84504,0.571429,163.544
1.84504,0.580357,159.369
1.84504,0.589286,161.657
1.84504,0.598214,159.515
1.84504,0.607143,159.042
1.84504,0.616071,155.341
1.84504,0.625,155.651
1.84504,0.633929,154.249
1.84504,0.642857,154.015
1.84504,0.651786,154.667
1.84504,0.660714,154.151
1.84504,0.669643,146.76
1.84504,0.678571,146.266
1.84504,0.6875,143.359
1.84504,0.696429,140.338
1.84504,0.705357,136.947
1.84504,0.714286,126.931
1.84504,0.723214,128.54
1.84504,0.732143,126.138
1.84504,0.741071,121.448
1.84504,0.75,118.758
1.84504,0.758929,113.367
1.84504,0.767857,108.079
1.84504,0.776786,111.492
1.84504,0.785714,106.204
1.84504,0.794643,100.03
1.84504,0.803571,100.34
1.84504,0.8125,98.063
1.84504,0.821429,94.59
1.84504,0.830357,91.715
1.84504,0.839286,88.302
1.84504,0.848214,88.427
1.84504,0.857143,86.851
1.84504,0.866071,86.15
1.84504,0.875,85.449
1.84504,0.883929,84.862
1.84504,0.892857,85.161
1.84504,0.901786,84.161
1.84504,0.910714,83.574
1.84504,0.919643,83.574
1.84504,0.928571,84.161
1.84504,0.9375,84.161
1.84504,0.946429,83.574
1.84504,0.955357,84.058
1.84504,0.964286,84.542
1.84504,0.973214,85.254
1.84504,0.982143,87.265
1.84504,0.991071,86.934
1.84504,1,87.521
1.84504,1.00893,86.646
1.84504,1.01786,87.244
1.84504,1.02679,87.842
1.84504,1.03571,88.141
1.84504,1.04464,89.739
1.84504,1.05357,90.223
1.84504,1.0625,91.49
1.84504,1.07143,91.523
1.84504,1.08036,93.029
1.84504,1.08929,92.339
1.84504,1.09821,92.35
1.84504,1.10714,92.144
1.84504,1.11607,92.465
1.84504,1.125,92.867
1.84504,1.13393,91.177
1.84504,1.14286,89.797
1.84504,1.15179,88.395
1.84504,1.16071,87.466
1.84504,1.16964,86.591
1.84504,1.17857,85.265
1.84504,1.1875,84.629
1.84504,1.19643,80.515
1.84504,1.20536,78.999
1.84504,1.21429,77.896
1.84504,1.22321,76.896
1.84504,1.23214,77.309
1.84504,1.24107,76.195
1.84504,1.25,74.255
1.84504,1.25893,73.141
1.84504,1.26786,73.799
1.84504,1.27679,69.272
1.84504,1.28571,71.517
1.84504,1.29464,68.463
1.84504,1.30357,64.11
1.84504,1.3125,64.469
1.84504,1.32143,59.469
1.84504,1.33036,60.828
1.84504,1.33929,57.714
1.84504,1.34821,57.899
1.84504,1.35714,57.671
1.84504,1.36607,57.671
1.84504,1.375,57.97
1.84504,1.38393,57.796
1.84504,1.39286,57.91
1.84504,1.40179,57.671
1.84504,1.41071,57.671
1.84504,1.41964,57.671
1.84504,1.42857,57.671
1.84504,1.4375,57.671
1.84504,1.44643,57.671
1.84504,1.45536,57.671
1.84504,1.46429,57.671
1.84504,1.47321,57.671
1.84504,1.48214,57.671
1.84504,1.49107,57.671
1.84504,1.5,57.671
1.84504,1.50893,57.671
1.84504,1.51786,57.671
1.83535,0,74.803
1.83535,0.00892857,57.427
1.83535,0.0178571,55.725
1.83535,0.0267857,57.312
1.83535,0.0357143,57.671
1.83535,0.0446429,57.671
1.83535,0.0535714,57.671
1.83535,0.0625,57.671
1.83535,0.0714286,57.671
1.83535,0.0803571,57.671
1.83535,0.0892857,57.671
1.83535,0.0982143,57.671
1.83535,0.107143,57.671
1.83535,0.116071,57.671
1.83535,0.125,57.671
1.83535,0.133929,57.671
1.83535,0.142857,57.671
1.83535,0.151786,57.671
1.83535,0.160714,57.671
1.83535,0.169643,57.671
1.83535,0.178571,57.671
1.83535,0.1875,57.671
1.83535,0.196429,57.671
1.83535,0.205357,57.671
1.83535,0.214286,57.671
1.83535,0.223214,57.671
1.83535,0.232143,57.671
1.83535,0.241071,57.671
1.83535,0.25,57.671
1.83535,0.258929,57.671
1.83535,0.267857,57.671
1.83535,0.276786,57.671
1.83535,0.285714,57.671
1.83535,0.294643,57.671
1.83535,0.303571,57.187
1.83535,0.3125,57.78
1.83535,0.321429,57.252
1.83535,0.330357,56.726
1.83535,0.339286,132.637
1.83535,0.348214,170.952
1.83535,0.357143,167.853
1.83535,0.366071,170.391
1.83535,0.375,172.52
1.83535,0.383929,172.617
1.83535,0.392857,175.361
1.83535,0.401786,175.29
1.83535,0.410714,176.393
1.83535,0.419643,176.436
1.83535,0.428571,176.892
1.83535,0.4375,177.234
1.83535,0.446429,176.234
1.83535,0.455357,176.348
1.83535,0.464286,176.049
1.83535,0.473214,175.565
1.83535,0.482143,174.206
1.83535,0.491071,174.608
1.83535,0.5,173.423
1.83535,0.508929,172.814
1.83535,0.517857,173.216
1.83535,0.526786,174.031
1.83535,0.535714,173.558
1.83535,0.544643,172.775
1.83535,0.553571,174.074
1.83535,0.5625,169.291
1.83535,0.571429,169.519
1.83535,0.580357,167.099
1.83535,0.589286,167.501
1.83535,0.598214,166.245
1.83535,0.607143,163.163
1.83535,0.616071,162.092
1.83535,0.625,161.092
1.83535,0.633929,159.793
1.83535,0.642857,156.292
1.83535,0.651786,158.737
1.83535,0.660714,157.221
1.83535,0.669643,155.118
1.83535,0.678571,155.015
1.83535,0.6875,149.624
1.83535,0.696429,151.994
1.83535,0.705357,147.304
1.83535,0.714286,140.484
1.83535,0.723214,137.506
1.83535,0.732143,139.702
1.83535,0.741071,133.197
1.83535,0.75,125.002
1.83535,0.758929,125.024
1.83535,0.767857,115.932
1.83535,0.776786,115.53
1.83535,0.785714,115.883
1.83535,0.794643,105.894
1.83535,0.803571,105.503
1.83535,0.8125,105.514
1.83535,0.821429,98.753
1.83535,0.830357,97.465
1.83535,0.839286,93.351
1.83535,0.848214,91.889
1.83535,0.857143,91.726
1.83535,0.866071,90.438
1.83535,0.875,89.623
1.83535,0.883929,87.623
1.83535,0.892857,86.335
1.83535,0.901786,85.047
1.83535,0.910714,84.346
1.83535,0.919643,84.161
1.83535,0.928571,83.862
1.83535,0.9375,83.862
1.83535,0.946429,83.862
1.83535,0.955357,83.574
1.83535,0.964286,83.46
1.83535,0.973214,83.944
1.83535,0.982143,84.944
1.83535,0.991071,85.542
1.83535,1,86.14
1.83535,1.00893,86.852
1.83535,1.01786,87.151
1.83535,1.02679,86.276
1.83535,1.03571,86.646
1.83535,1.04464,87.646
1.83535,1.05357,88.13
1.83535,1.0625,88.799
1.83535,1.07143,91.006
1.83535,1.08036,91.925
1.83535,1.08929,92.534
1.83535,1.09821,93.143
1.83535,1.10714,93.051
1.83535,1.11607,91.785
1.83535,1.125,92.671
1.83535,1.13393,91.682
1.83535,1.14286,90.65
1.83535,1.15179,89.846
1.83535,1.16071,90.444
1.83535,1.16964,87.993
1.83535,1.17857,86.129
1.83535,1.1875,84.966
1.83535,1.19643,83.276
1.83535,1.20536,82.173
1.83535,1.21429,80.472
1.83535,1.22321,79.597
1.83535,1.23214,78.896
1.83535,1.24107,77.195
1.83535,1.25,75.896
1.83535,1.25893,75.255
1.83535,1.26786,74.027
1.83535,1.27679,73.799
1.83535,1.28571,70.158
1.83535,1.29464,69.104
1.83535,1.30357,68.463
1.83535,1.3125,66.637
1.83535,1.32143,64.996
1.83535,1.33036,63.882
1.83535,1.33929,59.654
1.83535,1.34821,62.127
1.83535,1.35714,57.899
1.83535,1.36607,57.671
1.83535,1.375,57.671
1.83535,1.38393,57.671
1.83535,1.39286,57.312
1.83535,1.40179,57.671
1.83535,1.41071,57.671
1.83535,1.41964,57.671
1.83535,1.42857,57.671
1.83535,1.4375,57.671
1.83535,1.44643,57.671
1.83535,1.45536,57.671
1.83535,1.46429,57.671
1.83535,1.47321,57.671
1.83535,1.48214,57.671
1.83535,1.49107,57.671
1.83535,1.5,57.671
1.83535,1.50893,57.671
1.83535,1.51786,57.671
1.82567,0,77.107
1.82567,0.00892857,55.916
1.82567,0.0178571,57.138
1.82567,0.0267857,57.312
1.82567,0.0357143,57.671
1.82567,0.0446429,57.671
1.82567,0.0535714,57.671
1.82567,0.0625,57.671
1.82567,0.0714286,57.671
1.82567,0.0803571,57.671
1.82567,0.0892857,57.671
1.82567,0.0982143,57.671
1.82567,0.107143,57.671
1.82567,0.116071,57.671
1.82567,0.125,57.671
1.82567,0.133929,57.671
1.82567,0.142857,57.671
1.82567,0.151786,57.671
1.82567,0.160714,57.671
1.82567,0.169643,57.671
1.82567,0.178571,57.671
1.82567,0.1875,57.671
1.82567,0.196429,57.671
1.82567,0.205357,57.671
1.82567,0.214286,57.671
1.82567,0.223214,57.671
1.82567,0.232143,57.671
1.82567,0.241071,57.671
1.82567,0.25,57.671
1.82567,0.258929,57.671
1.82567,0.267857,57.671
1.82567,0.276786,57.671
1.82567,0.285714,57.671
1.82567,0.294643,57.671
1.82567,0.303571,57.372
1.82567,0.3125,57.834
1.82567,0.321429,57.035
1.82567,0.330357,57.194
1.82567,0.339286,147.602
1.82567,0.348214,163.227
1.82567,0.357143,166.683
1.82567,0.366071,165.21
1.82567,0.375,167.556
1.82567,0.383929,168.294
1.82567,0.392857,171.021
1.82567,0.401786,171.292
1.82567,0.410714,172.335
1.82567,0.419643,173.834
1.82567,0.428571,174.806
1.82567,0.4375,176.333
1.82567,0.446429,177.219
1.82567,0.455357,176.746
1.82567,0.464286,176.675
1.82567,0.473214,177.604
1.82567,0.482143,175.946
1.82567,0.491071,176.946
1.82567,0.5,176.348
1.82567,0.508929,176.462
1.82567,0.517857,176.277
1.82567,0.526786,175.505
1.82567,0.535714,176.32
1.82567,0.544643,174.249
1.82567,0.553571,174.95
1.82567,0.5625,175.466
1.82567,0.571429,176.466
1.82567,0.580357,174.993
1.82567,0.589286,172.623
1.82567,0.598214,170.769
1.82567,0.607143,169.502
1.82567,0.616071,169.132
1.82567,0.625,167.235
1.82567,0.633929,166.523
1.82567,0.642857,165.071
1.82567,0.651786,163.092
1.82567,0.660714,163.619
1.82567,0.669643,162.135
1.82567,0.678571,160.651
1.82567,0.6875,155.281
1.82567,0.696429,158.395
1.82567,0.705357,154.107
1.82567,0.714286,151.439
1.82567,0.723214,145.048
1.82567,0.732143,147.369
1.82567,0.741071,140.761
1.82567,0.75,132.68
1.82567,0.758929,134.012
1.82567,0.767857,125.931
1.82567,0.776786,127.953
1.82567,0.785714,121.149
1.82567,0.794643,120.171
1.82567,0.803571,112.595
1.82567,0.8125,110.204
1.82567,0.821429,107.215
1.82567,0.830357,105.628
1.82567,0.839286,100.938
1.82567,0.848214,97.65
1.82567,0.857143,95.889
1.82567,0.866071,95.302
1.82567,0.875,91.199
1.82567,0.883929,91.313
1.82567,0.892857,89.21
1.82567,0.901786,85.922
1.82567,0.910714,86.52
1.82567,0.919643,84.335
1.82567,0.928571,85.221
1.82567,0.9375,84.449
1.82567,0.946429,83.449
1.82567,0.955357,83.862
1.82567,0.964286,84.748
1.82567,0.973214,84.634
1.82567,0.982143,84.047
1.82567,0.991071,84.172
1.82567,1,84.77
1.82567,1.00893,84.77
1.82567,1.01786,85.368
1.82567,1.02679,87.379
1.82567,1.03571,86.977
1.82567,1.04464,87.575
1.82567,1.05357,88.646
1.82567,1.0625,88.016
1.82567,1.07143,90.924
1.82567,1.08036,91.946
1.82567,1.08929,89.017
1.82567,1.09821,91.028
1.82567,1.10714,93.822
1.82567,1.11607,93.143
1.82567,1.125,92.426
1.82567,1.13393,90.693
1.82567,1.14286,92.71
1.82567,1.15179,91.721
1.82567,1.16071,90.259
1.82567,1.16964,89.324
1.82567,1.17857,88.819
1.82567,1.1875,87.189
1.82567,1.19643,84.852
1.82567,1.20536,85.151
1.82567,1.21429,82.863
1.82567,1.22321,83.472
1.82567,1.23214,82.597
1.82567,1.24107,79.483
1.82567,1.25,79.483
1.82567,1.25893,75.782
1.82567,1.26786,75.255
1.82567,1.27679,74.141
1.82567,1.28571,72.5
1.82567,1.29464,72.859
1.82567,1.30357,70.332
1.82567,1.3125,68.278
1.82567,1.32143,65.463
1.82567,1.33036,66.224
1.82567,1.33929,63.996
1.82567,1.34821,59.654
1.82567,1.35714,59.013
1.82567,1.36607,57.899
1.82567,1.375,58.899
1.82567,1.38393,58.899
1.82567,1.39286,56.899
1.82567,1.40179,56.671
1.82567,1.41071,57.671
1.82567,1.41964,57.671
1.82567,1.42857,55.671
1.82567,1.4375,57.671
1.82567,1.44643,57.671
1.82567,1.45536,57.671
1.82567,1.46429,57.671
1.82567,1.47321,57.671
1.82567,1.48214,57.671
1.82567,1.49107,57.671
1.82567,1.5,57.671
1.82567,1.50893,57.671
1.82567,1.51786,57.671
1.81598,0,75.286
1.81598,0.00892857,57.742
1.81598,0.0178571,58.024
1.81598,0.0267857,57.312
1.81598,0.0357143,57.671
1.81598,0.0446429,57.671
1.81598,0.0535714,57.671
1.81598,0.0625,57.671
1.81598,0.0714286,57.671
1.81598,0.0803571,57.671
1.81598,0.0892857,57.671
1.81598,0.0982143,57.671
1.81598,0.107143,57.671
1.81598,0.116071,57.671
1.81598,0.125,57.671
1.81598,0.133929,57.671
1.81598,0.142857,57.671
1.81598,0.151786,57.671
1.81598,0.160714,57.671
1.81598,0.169643,57.671
1.81598,0.178571,57.671
1.81598,0.1875,57.671
1.81598,0.196429,57.671
1.81598,0.205357,57.671
1.81598,0.214286,57.671
1.81598,0.223214,57.671
1.81598,0.232143,57.671
1.81598,0.241071,57.671
1.81598,0.25,57.671
1.81598,0.258929,57.671
1.81598,0.267857,57.671
1.81598,0.276786,57.671
1.81598,0.285714,57.671
1.81598,0.294643,57.671
1.81598,0.303571,58.269
1.81598,0.3125,57.073
1.81598,0.321429,59.514
1.81598,0.330357,60.646
1.81598,0.339286,156.03
1.81598,0.348214,157.769
1.81598,0.357143,161.285
1.81598,0.366071,160.79
1.81598,0.375,162.435
1.81598,0.383929,164.76
1.81598,0.392857,166.128
1.81598,0.401786,168.627
1.81598,0.410714,167.653
1.81598,0.419643,169.38
1.81598,0.428571,171.178
1.81598,0.4375,171.107
1.81598,0.446429,171.808
1.81598,0.455357,172.036
1.81598,0.464286,172.264
1.81598,0.473214,174.307
1.81598,0.482143,174.236
1.81598,0.491071,175.35
1.81598,0.5,176.692
1.81598,0.508929,175.219
1.81598,0.517857,175.746
1.81598,0.526786,175.974
1.81598,0.535714,176.604
1.81598,0.544643,177.245
1.81598,0.553571,176.875
1.81598,0.5625,176.69
1.81598,0.571429,176.69
1.81598,0.580357,176.06
1.81598,0.589286,175.576
1.81598,0.598214,174.722
1.81598,0.607143,174.053
1.81598,0.616071,174.199
1.81598,0.625,172.601
1.81598,0.633929,172.188
1.81598,0.642857,170.405
1.81598,0.651786,169.622
1.81598,0.660714,168.426
1.81598,0.669643,167.697
1.81598,0.678571,166.06
1.81598,0.6875,161.494
1.81598,0.696429,161.053
1.81598,0.705357,157.683
1.81598,0.714286,156.694
1.81598,0.723214,157.879
1.81598,0.732143,154.602
1.81598,0.741071,150.037
1.81598,0.75,143.956
1.81598,0.758929,144.103
1.81598,0.767857,136.723
1.81598,0.776786,137.745
1.81598,0.785714,131.034
1.81598,0.794643,128.344
1.81598,0.803571,120.665
1.81598,0.8125,121.986
1.81598,0.821429,110.894
1.81598,0.830357,112.791
1.81598,0.839286,108.916
1.81598,0.848214,105.628
1.81598,0.857143,101.454
1.81598,0.866071,100.166
1.81598,0.875,96.177
1.81598,0.883929,94.889
1.81598,0.892857,91.487
1.81598,0.901786,88.199
1.81598,0.910714,90.21
1.81598,0.919643,87.509
1.81598,0.928571,86.21
1.81598,0.9375,86.221
1.81598,0.946429,85.449
1.81598,0.955357,84.449
1.81598,0.964286,84.449
1.81598,0.973214,83.449
1.81598,0.982143,83.15
1.81598,0.991071,84.688
1.81598,1,84.4
1.81598,1.00893,84.884
1.81598,1.01786,84.596
1.81598,1.02679,85.194
1.81598,1.03571,85.792
1.81598,1.04464,85.977
1.81598,1.05357,86.173
1.81598,1.0625,87.543
1.81598,1.07143,88.554
1.81598,1.08036,89.152
1.81598,1.08929,89.038
1.81598,1.09821,86.038
1.81598,1.10714,87.533
1.81598,1.11607,92.441
1.81598,1.125,90.529
1.81598,1.13393,91.856
1.81598,1.14286,93.161
1.81598,1.15179,92.759
1.81598,1.16071,92.764
1.81598,1.16964,91.541
1.81598,1.17857,89.612
1.81598,1.1875,87.64
1.81598,1.19643,87.303
1.81598,1.20536,86.428
1.81598,1.21429,82.852
1.81598,1.22321,83.276
1.81598,1.23214,81.874
1.81598,1.24107,77.472
1.81598,1.25,78.287
1.81598,1.25893,75.711
1.81598,1.26786,76.124
1.81598,1.27679,73.483
1.81598,1.28571,73.141
1.81598,1.29464,70.614
1.81598,1.30357,69.799
1.81598,1.3125,72.859
1.81598,1.32143,65.631
1.81598,1.33036,66.99
1.81598,1.33929,64.463
1.81598,1.34821,65.996
1.81598,1.35714,61.768
1.81598,1.36607,59.241
1.81598,1.375,58.013
1.81598,1.38393,59.013
1.81598,1.39286,56.899
1.81598,1.40179,56.671
1.81598,1.41071,58.671
1.81598,1.41964,56.671
1.81598,1.42857,57.671
1.81598,1.4375,57.671
1.81598,1.44643,57.671
1.81598,1.45536,57.671
1.81598,1.46429,57.671
1.81598,1.47321,57.671
1.81598,1.48214,57.671
1.81598,1.49107,57.671
1.81598,1.5,57.671
1.81598,1.50893,57.671
1.81598,1.51786,57.671
1.8063,0,75.411
1.8063,0.00892857,57.568
1.8063,0.0178571,57.312
1.8063,0.0267857,57.372
1.8063,0.0357143,57.671
1.8063,0.0446429,57.671
1.8063,0.0535714,57.671
1.8063,0.0625,57.671
1.8063,0.0714286,57.671
1.8063,0.0803571,57.671
1.8063,0.0892857,57.671
1.8063,0.0982143,57.671
1.8063,0.107143,57.671
1.8063,0.116071,57.671
1.8063,0.125,57.671
1.8063,0.133929,57.671
1.8063,0.142857,57.671
1.8063,0.151786,57.671
1.8063,0.160714,57.671
1.8063,0.169643,57.671
1.8063,0.178571,57.671
1.8063,0.1875,57.671
1.8063,0.196429,57.671
1.8063,0.205357,57.671
1.8063,0.214286,57.671
1.8063,0.223214,57.671
1.8063,0.232143,57.671
1.8063,0.241071,57.671
1.8063,0.25,57.671
1.8063,0.258929,57.671
1.8063,0.267857,57.671
1.8063,0.276786,57.671
1.8063,0.285714,57.671
1.8063,0.294643,57.671
1.8063,0.303571,57.796
1.8063,0.3125,55.535
1.8063,0.321429,57.84
1.8063,0.330357,93.153
1.8063,0.339286,152.876
1.8063,0.348214,152.659
1.8063,0.357143,157.375
1.8063,0.366071,158.783
1.8063,0.375,158.211
1.8063,0.383929,159.65
1.8063,0.392857,161.79
1.8063,0.401786,164.104
1.8063,0.410714,165.016
1.8063,0.419643,165.629
1.8063,0.428571,167.541
1.8063,0.4375,167.399
1.8063,0.446429,168.04
1.8063,0.455357,168.143
1.8063,0.464286,168.012
1.8063,0.473214,171.169
1.8063,0.482143,170.799
1.8063,0.491071,171.081
1.8063,0.5,172.195
1.8063,0.508929,172.064
1.8063,0.517857,172.178
1.8063,0.526786,172.993
1.8063,0.535714,173.449
1.8063,0.544643,175.019
1.8063,0.553571,175.361
1.8063,0.5625,176.29
1.8063,0.571429,176.518
1.8063,0.580357,176.165
1.8063,0.589286,177.208
1.8063,0.598214,176.066
1.8063,0.607143,175.924
1.8063,0.616071,176.44
1.8063,0.625,174.255
1.8063,0.633929,173.244
1.8063,0.642857,174.657
1.8063,0.651786,174.07
1.8063,0.660714,171.928
1.8063,0.669643,170.971
1.8063,0.678571,170.818
1.8063,0.6875,167.295
1.8063,0.696429,166.914
1.8063,0.705357,163.533
1.8063,0.714286,167.391
1.8063,0.723214,159.793
1.8063,0.732143,159.434
1.8063,0.741071,158.135
1.8063,0.75,155.086
1.8063,0.758929,152.037
1.8063,0.767857,148.874
1.8063,0.776786,148.483
1.8063,0.785714,142.185
1.8063,0.794643,134.805
1.8063,0.803571,131.24
1.8063,0.8125,129.333
1.8063,0.821429,117.953
1.8063,0.830357,119.377
1.8063,0.839286,114.687
1.8063,0.848214,112.997
1.8063,0.857143,110.72
1.8063,0.866071,105.845
1.8063,0.875,102.443
1.8063,0.883929,100.867
1.8063,0.892857,96.878
1.8063,0.901786,91.889
1.8063,0.910714,92.601
1.8063,0.919643,90.911
1.8063,0.928571,88.21
1.8063,0.9375,86.221
1.8063,0.946429,85.335
1.8063,0.955357,85.161
1.8063,0.964286,84.748
1.8063,0.973214,84.449
1.8063,0.982143,83.449
1.8063,0.991071,83.503
1.8063,1,83.802
1.8063,1.00893,83.873
1.8063,1.01786,83.884
1.8063,1.02679,84.009
1.8063,1.03571,84.493
1.8063,1.04464,85.678
1.8063,1.05357,84.863
1.8063,1.0625,86.945
1.8063,1.07143,86.956
1.8063,1.08036,87.255
1.8063,1.08929,89.842
1.8063,1.09821,89.315
1.8063,1.10714,88.326
1.8063,1.11607,90.359
1.8063,1.125,93.061
1.8063,1.13393,91.263
1.8063,1.14286,91.856
1.8063,1.15179,90.992
1.8063,1.16071,92.66
1.8063,1.16964,93.035
1.8063,1.17857,91.003
1.8063,1.1875,90.205
1.8063,1.19643,88.879
1.8063,1.20536,87.591
1.8063,1.21429,85.129
1.8063,1.22321,85.852
1.8063,1.23214,85.45
1.8063,1.24107,80.977
1.8063,1.25,81.39
1.8063,1.25893,78.814
1.8063,1.26786,77.651
1.8063,1.27679,76.124
1.8063,1.28571,76.896
1.8063,1.29464,76.255
1.8063,1.30357,72.027
1.8063,1.3125,70.799
1.8063,1.32143,72.386
1.8063,1.33036,71.745
1.8063,1.33929,71.218
1.8063,1.34821,66.463
1.8063,1.35714,67.11
1.8063,1.36607,64.768
1.8063,1.375,61.654
1.8063,1.38393,60.241
1.8063,1.39286,58.828
1.8063,1.40179,56.785
1.8063,1.41071,63.671
1.8063,1.41964,58.671
1.8063,1.42857,56.671
1.8063,1.4375,57.671
1.8063,1.44643,57.671
1.8063,1.45536,57.671
1.8063,1.46429,57.671
1.8063,1.47321,57.671
1.8063,1.48214,57.671
1.8063,1.49107,57.671
1.8063,1.5,57.671
1.8063,1.50893,57.671
1.8063,1.51786,57.671
1.79661,0,75.525
1.79661,0.00892857,57.269
1.79661,0.0178571,57.372
1.79661,0.0267857,57.546
1.79661,0.0357143,57.671
1.79661,0.0446429,57.671
1.79661,0.0535714,57.671
1.79661,0.0625,57.671
1.79661,0.0714286,57.671
1.79661,0.0803571,57.671
1.79661,0.0892857,57.671
1.79661,0.0982143,57.671
1.79661,0.107143,57.671
1.79661,0.116071,57.671
1.79661,0.125,57.671
1.79661,0.133929,57.671
1.79661,0.142857,57.671
1.79661,0.151786,57.671
1.79661,0.160714,57.671
1.79661,0.169643,57.671
1.79661,0.178571,57.671
1.79661,0.1875,57.671
1.79661,0.196429,57.671
1.79661,0.205357,57.671
1.79661,0.214286,57.671
1.79661,0.223214,57.671
1.79661,0.232143,57.671
1.79661,0.241071,57.671
1.79661,0.25,57.671
1.79661,0.258929,57.671
1.79661,0.267857,57.671
1.79661,0.276786,57.671
1.79661,0.285714,57.671
1.79661,0.294643,57.084
1.79661,0.303571,57.138
1.79661,0.3125,56.481
1.79661,0.321429,57.106
1.79661,0.330357,124.725
1.79661,0.339286,151.101
1.79661,0.348214,149.869
1.79661,0.357143,151.366
1.79661,0.366071,152.378
1.79661,0.375,154.725
1.79661,0.383929,155.637
1.79661,0.392857,155.663
1.79661,0.401786,156.934
1.79661,0.410714,159.134
1.79661,0.419643,159.405
1.79661,0.428571,159.388
1.79661,0.4375,162.289
1.79661,0.446429,163.158
1.79661,0.455357,163.201
1.79661,0.464286,163.771
1.79661,0.473214,165.928
1.79661,0.482143,165.199
1.79661,0.491071,165.128
1.79661,0.5,166.47
1.79661,0.508929,167.04
1.79661,0.517857,167.855
1.79661,0.526786,168.827
1.79661,0.535714,168.696
1.79661,0.544643,169.266
1.79661,0.553571,170.423
1.79661,0.5625,171.178
1.79661,0.571429,172.52
1.79661,0.580357,173.378
1.79661,0.589286,174.606
1.79661,0.598214,174.475
1.79661,0.607143,174.806
1.79661,0.616071,176.561
1.79661,0.625,176.963
1.79661,0.633929,176.664
1.79661,0.642857,176.408
1.79661,0.651786,176.522
1.79661,0.660714,175.75
1.79661,0.669643,175.793
1.79661,0.678571,174.238
1.79661,0.6875,173.569
1.79661,0.696429,172.487
1.79661,0.705357,169.405
1.79661,0.714286,166.121
1.79661,0.723214,169.039
1.79661,0.732143,161.658
1.79661,0.741071,161.978
1.79661,0.75,162.01
1.79661,0.758929,156.167
1.79661,0.767857,155.58
1.79661,0.776786,152.531
1.79661,0.785714,151.749
1.79661,0.794643,145.141
1.79661,0.803571,143.174
1.79661,0.8125,137.794
1.79661,0.821429,138.713
1.79661,0.830357,134.322
1.79661,0.839286,128.045
1.79661,0.848214,118.078
1.79661,0.857143,114.698
1.79661,0.866071,109.111
1.79661,0.875,107.834
1.79661,0.883929,105.845
1.79661,0.892857,103.155
1.79661,0.901786,98.579
1.79661,0.910714,98.878
1.79661,0.919643,93.199
1.79661,0.928571,90.911
1.79661,0.9375,87.922
1.79661,0.946429,85.52
1.79661,0.955357,87.161
1.79661,0.964286,86.161
1.79661,0.973214,84.862
1.79661,0.982143,84.976
1.79661,0.991071,83.264
1.79661,1,83.563
1.79661,1.00893,83.275
1.79661,1.01786,83.873
1.79661,1.02679,84.77
1.79661,1.03571,84.368
1.79661,1.04464,85.368
1.79661,1.05357,85.852
1.79661,1.0625,85.564
1.79661,1.07143,86.162
1.79661,1.08036,87.358
1.79661,1.08929,86.831
1.79661,1.09821,89.429
1.79661,1.10714,91.038
1.79661,1.11607,90.772
1.79661,1.125,87.397
1.79661,1.13393,89.235
1.79661,1.14286,84.839
1.79661,1.15179,89.812
1.79661,1.16071,91.132
1.79661,1.16964,92.355
1.79661,1.17857,92.508
1.79661,1.1875,91.308
1.79661,1.19643,89.27
1.79661,1.20536,89.754
1.79661,1.21429,87.591
1.79661,1.22321,87.428
1.79661,1.23214,86.151
1.79661,1.24107,83.091
1.79661,1.25,83.792
1.79661,1.25893,79.814
1.79661,1.26786,77.765
1.79661,1.27679,76.537
1.79661,1.28571,78.01
1.79661,1.29464,76.896
1.79661,1.30357,76.255
1.79661,1.3125,74.027
1.79661,1.32143,71.913
1.79661,1.33036,72.087
1.79661,1.33929,67.973
1.79661,1.34821,71.104
1.79661,1.35714,64.637
1.79661,1.36607,63.11
1.79661,1.375,61.882
1.79661,1.38393,61.942
1.79661,1.39286,60.828
1.79661,1.40179,58.671
1.79661,1.41071,58.671
1.79661,1.41964,56.671
1.79661,1.42857,57.671
1.79661,1.4375,57.671
1.79661,1.44643,57.671
1.79661,1.45536,57.671
1.79661,1.46429,57.671
1.79661,1.47321,57.671
1.79661,1.48214,57.671
1.79661,1.49107,57.671
1.79661,1.5,57.671
1.79661,1.50893,57.671
1.79661,1.51786,57.671
1.78692,0,74.895
1.78692,0.00892857,58.155
1.78692,0.0178571,57.301
1.78692,0.0267857,57.774
1.78692,0.0357143,57.671
1.78692,0.0446429,57.671
1.78692,0.0535714,57.671
1.78692,0.0625,57.671
1.78692,0.0714286,57.671
1.78692,0.0803571,57.671
1.78692,0.0892857,57.671
1.78692,0.0982143,57.671
1.78692,0.107143,57.671
1.78692,0.116071,57.671
1.78692,0.125,57.671
1.78692,0.133929,57.671
1.78692,0.142857,57.671
1.78692,0.151786,57.671
1.78692,0.160714,57.671
1.78692,0.169643,57.671
1.78692,0.178571,57.671
1.78692,0.1875,57.671
1.78692,0.196429,57.671
1.78692,0.205357,57.671
1.78692,0.214286,57.671
1.78692,0.223214,57.671
1.78692,0.232143,57.671
1.78692,0.241071,57.671
1.78692,0.25,57.671
1.78692,0.258929,57.671
1.78692,0.267857,57.671
1.78692,0.276786,57.671
1.78692,0.285714,57.671
1.78692,0.294643,57.557
1.78692,0.303571,56.813
1.78692,0.3125,57.268
1.78692,0.321429,55.867
1.78692,0.330357,137.547
1.78692,0.339286,149.411
1.78692,0.348214,150.471
1.78692,0.357143,150.458
1.78692,0.366071,151.52
1.78692,0.375,150.699
1.78692,0.383929,150.813
1.78692,0.392857,151.041
1.78692,0.401786,151.497
1.78692,0.410714,153.54
1.78692,0.419643,155.181
1.78692,0.428571,156.338
1.78692,0.4375,157.065
1.78692,0.446429,157.276
1.78692,0.455357,158.205
1.78692,0.464286,159.188
1.78692,0.473214,158.16
1.78692,0.482143,161.246
1.78692,0.491071,162.887
1.78692,0.5,161.93
1.78692,0.508929,164.788
1.78692,0.517857,163.543
1.78692,0.526786,164.173
1.78692,0.535714,164.928
1.78692,0.544643,164.199
1.78692,0.553571,165.541
1.78692,0.5625,164.47
1.78692,0.571429,167.812
1.78692,0.580357,168.479
1.78692,0.589286,169.935
1.78692,0.598214,171.505
1.78692,0.607143,170.836
1.78692,0.616071,171.993
1.78692,0.625,174.15
1.78692,0.633929,174.421
1.78692,0.642857,176.262
1.78692,0.651786,176.604
1.78692,0.660714,177.017
1.78692,0.669643,176.604
1.78692,0.678571,177.12
1.78692,0.6875,176.978
1.78692,0.696429,175.722
1.78692,0.705357,175.292
1.78692,0.714286,175.167
1.78692,0.723214,171.199
1.78692,0.732143,172.231
1.78692,0.741071,168.181
1.78692,0.75,166.544
1.78692,0.758929,162.391
1.78692,0.767857,160.608
1.78692,0.776786,159.651
1.78692,0.785714,155.406
1.78692,0.794643,155.705
1.78692,0.803571,152.428
1.78692,0.8125,147.564
1.78692,0.821429,141.668
1.78692,0.830357,138.832
1.78692,0.839286,133.153
1.78692,0.848214,129.621
1.78692,0.857143,128.893
1.78692,0.866071,118.078
1.78692,0.875,116.687
1.78692,0.883929,113.111
1.78692,0.892857,110.535
1.78692,0.901786,107.432
1.78692,0.910714,104.557
1.78692,0.919643,99.525
1.78692,0.928571,94.362
1.78692,0.9375,92.373
1.78692,0.946429,86.324
1.78692,0.955357,88.335
1.78692,0.964286,87.335
1.78692,0.973214,87.449
1.78692,0.982143,85.563
1.78692,0.991071,84.449
1.78692,1,84.449
1.78692,1.00893,84.449
1.78692,1.01786,83.862
1.78692,1.02679,83.46
1.78692,1.03571,84.759
1.78692,1.04464,85.172
1.78692,1.05357,85.357
1.78692,1.0625,84.955
1.78692,1.07143,86.553
1.78692,1.08036,88.575
1.78692,1.08929,87.059
1.78692,1.09821,87.369
1.78692,1.10714,87.668
1.78692,1.11607,89.793
1.78692,1.125,90.124
1.78692,1.13393,93.405
1.78692,1.14286,163.358
1.78692,1.15179,147.405
1.78692,1.16071,87.59
1.78692,1.16964,96.642
1.78692,1.17857,89.29
1.78692,1.1875,92.514
1.78692,1.19643,90.487
1.78692,1.20536,90.384
1.78692,1.21429,91.096
1.78692,1.22321,88.569
1.78692,1.23214,87.694
1.78692,1.24107,87.944
1.78692,1.25,86.265
1.78692,1.25893,82.814
1.78692,1.26786,79.814
1.78692,1.27679,80.173
1.78692,1.28571,78.999
1.78692,1.29464,77.184
1.78692,1.30357,78.896
1.78692,1.3125,80.195
1.78692,1.32143,75.195
1.78692,1.33036,71.614
1.78692,1.33929,70.5
1.78692,1.34821,71.158
1.78692,1.35714,68.104
1.78692,1.36607,68.751
1.78692,1.375,61.925
1.78692,1.38393,63.17
1.78692,1.39286,61.17
1.78692,1.40179,58.654
1.78692,1.41071,60.127
1.78692,1.41964,56.899
1.78692,1.42857,58.785
1.78692,1.4375,57.899
1.78692,1.44643,57.785
1.78692,1.45536,55.899
1.78692,1.46429,57.671
1.78692,1.47321,57.443
1.78692,1.48214,57.443
1.78692,1.49107,57.443
1.78692,1.5,57.443
1.78692,1.50893,57.443
1.78692,1.51786,57.443
1.77724,0,78.955
1.77724,0.00892857,56.041
1.77724,0.0178571,55.241
1.77724,0.0267857,57.013
1.77724,0.0357143,57.671
1.77724,0.0446429,57.671
1.77724,0.0535714,57.671
1.77724,0.0625,57.671
1.77724,0.0714286,57.671
1.77724,0.0803571,57.671
1.77724,0.0892857,57.671
1.77724,0.0982143,57.671
1.77724,0.107143,57.671
1.77724,0.116071,57.671
1.77724,0.125,57.671
1.77724,0.133929,57.671
1.77724,0.142857,57.671
1.77724,0.151786,57.671
1.77724,0.160714,57.671
1.77724,0.169643,57.671
1.77724,0.178571,57.671
1.77724,0.1875,57.671
1.77724,0.196429,57.671
1.77724,0.205357,57.671
1.77724,0.214286,57.671
1.77724,0.223214,57.671
1.77724,0.232143,57.671
1.77724,0.241071,57.671
1.77724,0.25,57.671
1.77724,0.258929,57.671
1.77724,0.267857,57.671
1.77724,0.276786,57.671
1.77724,0.285714,57.671
1.77724,0.294643,57.557
1.77724,0.303571,56.699
1.77724,0.3125,57.051
1.77724,0.321429,67.911
1.77724,0.330357,150.924
1.77724,0.339286,148.585
1.77724,0.348214,149.628
1.77724,0.357143,149.307
1.77724,0.366071,149.862
1.77724,0.375,150.987
1.77724,0.383929,150.987
1.77724,0.392857,150.987
1.77724,0.401786,150.987
1.77724,0.410714,151.101
1.77724,0.419643,150.856
1.77724,0.428571,151.084
1.77724,0.4375,152.198
1.77724,0.446429,152.312
1.77724,0.455357,153.426
1.77724,0.464286,153.996
1.77724,0.473214,155.68
1.77724,0.482143,155.951
1.77724,0.491071,155.88
1.77724,0.5,156.521
1.77724,0.508929,156.02
1.77724,0.517857,158.134
1.77724,0.526786,159.704
1.77724,0.535714,160.448
1.77724,0.544643,161.317
1.77724,0.553571,162.474
1.77724,0.5625,159.93
1.77724,0.571429,161.158
1.77724,0.580357,161.059
1.77724,0.589286,165.042
1.77724,0.598214,166.481
1.77724,0.607143,167.111
1.77724,0.616071,168.023
1.77724,0.625,168.636
1.77724,0.633929,170.477
1.77724,0.642857,172.862
1.77724,0.651786,171.905
1.77724,0.660714,174.677
1.77724,0.669643,171.09
1.77724,0.678571,173.66
1.77724,0.6875,175.746
1.77724,0.696429,175.419
1.77724,0.705357,176.049
1.77724,0.714286,176.821
1.77724,0.723214,176.152
1.77724,0.732143,175.711
1.77724,0.741071,173.085
1.77724,0.75,172.22
1.77724,0.758929,169.181
1.77724,0.767857,166.686
1.77724,0.776786,166.43
1.77724,0.785714,163.989
1.77724,0.794643,161.733
1.77724,0.803571,157.249
1.77724,0.8125,157.303
1.77724,0.821429,157.2
1.77724,0.830357,154.635
1.77724,0.839286,139.429
1.77724,0.848214,144.761
1.77724,0.857143,142.093
1.77724,0.866071,136.126
1.77724,0.875,128.23
1.77724,0.883929,121.562
1.77724,0.892857,116.171
1.77724,0.901786,113.883
1.77724,0.910714,107.894
1.77724,0.919643,107.204
1.77724,0.928571,104.514
1.77724,0.9375,97.949
1.77724,0.946429,92.601
1.77724,0.955357,92.911
1.77724,0.964286,89.21
1.77724,0.973214,89.851
1.77724,0.982143,84.851
1.77724,0.991071,86.449
1.77724,1,85.449
1.77724,1.00893,84.449
1.77724,1.01786,84.449
1.77724,1.02679,83.862
1.77724,1.03571,84.161
1.77724,1.04464,84.161
1.77724,1.05357,84.047
1.77724,1.0625,83.645
1.77724,1.07143,84.069
1.77724,1.08036,85.265
1.77724,1.08929,86.287
1.77724,1.09821,87.472
1.77724,1.10714,88.657
1.77724,1.11607,87.771
1.77724,1.125,92.156
1.77724,1.13393,82.414
1.77724,1.14286,90.563
1.77724,1.15179,154.311
1.77724,1.16071,151.7
1.77724,1.16964,91.375
1.77724,1.17857,91.604
1.77724,1.1875,92.443
1.77724,1.19643,91.508
1.77724,1.20536,90.405
1.77724,1.21429,91.362
1.77724,1.22321,91.074
1.77724,1.23214,90.259
1.77724,1.24107,89.21
1.77724,1.25,88.243
1.77724,1.25893,84.678
1.77724,1.26786,84.863
1.77724,1.27679,80.575
1.77724,1.28571,76.874
1.77724,1.29464,77.771
1.77724,1.30357,75.896
1.77724,1.3125,74.608
1.77724,1.32143,72.608
1.77724,1.33036,77.967
1.77724,1.33929,75.913
1.77724,1.34821,73.799
1.77724,1.35714,70.745
1.77724,1.36607,69.691
1.77724,1.375,62.751
1.77724,1.38393,66.224
1.77724,1.39286,60.811
1.77724,1.40179,60.882
1.77724,1.41071,61.882
1.77724,1.41964,66.127
1.77724,1.42857,60.127
1.77724,1.4375,56.899
1.77724,1.44643,58.899
1.77724,1.45536,62.899
1.77724,1.46429,56.785
1.77724,1.47321,57.671
1.77724,1.48214,57.671
1.77724,1.49107,57.671
1.77724,1.5,57.671
1.77724,1.50893,57.671
1.77724,1.51786,57.671
1.76755,0,75.797
1.76755,0.00892857,57.378
1.76755,0.0178571,51.736
1.76755,0.0267857,57.796
1.76755,0.0357143,57.671
1.76755,0.0446429,57.671
1.76755,0.0535714,57.671
1.76755,0.0625,57.671
1.76755,0.0714286,57.671
1.76755,0.0803571,57.671
1.76755,0.0892857,57.671
1.76755,0.0982143,57.671
1.76755,0.107143,57.671
1.76755,0.116071,57.671
1.76755,0.125,57.671
1.76755,0.133929,57.671
1.76755,0.142857,57.671
1.76755,0.151786,57.671
1.76755,0.160714,57.671
1.76755,0.169643,57.671
1.76755,0.178571,57.671
1.76755,0.1875,57.671
1.76755,0.196429,57.671
1.76755,0.205357,57.671
1.76755,0.214286,57.671
1.76755,0.223214,57.671
1.76755,0.232143,57.671
1.76755,0.241071,57.671
1.76755,0.25,57.671
1.76755,0.258929,57.671
1.76755,0.267857,57.671
1.76755,0.276786,57.671
1.76755,0.285714,57.671
1.76755,0.294643,57.671
1.76755,0.303571,57.34
1.76755,0.3125,55.552
1.76755,0.321429,87.369
1.76755,0.330357,149.1
1.76755,0.339286,149.808
1.76755,0.348214,150.101
1.76755,0.357143,149.651
1.76755,0.366071,149.329
1.76755,0.375,149.976
1.76755,0.383929,149.976
1.76755,0.392857,149.976
1.76755,0.401786,149.976
1.76755,0.410714,150.976
1.76755,0.419643,149.617
1.76755,0.428571,149.731
1.76755,0.4375,150.232
1.76755,0.446429,151.075
1.76755,0.455357,150.602
1.76755,0.464286,150.944
1.76755,0.473214,152.286
1.76755,0.482143,151.4
1.76755,0.491071,152.557
1.76755,0.5,154.671
1.76755,0.508929,152.856
1.76755,0.517857,155.198
1.76755,0.526786,154.583
1.76755,0.535714,154.224
1.76755,0.544643,155.321
1.76755,0.553571,157.407
1.76755,0.5625,158.048
1.76755,0.571429,158.276
1.76755,0.580357,158.265
1.76755,0.589286,162.59
1.76755,0.598214,162.317
1.76755,0.607143,161.93
1.76755,0.616071,163.842
1.76755,0.625,164.683
1.76755,0.633929,167.122
1.76755,0.642857,168.681
1.76755,0.651786,166.154
1.76755,0.660714,169.023
1.76755,0.669643,169.18
1.76755,0.678571,171.092
1.76755,0.6875,172.58
1.76755,0.696429,173.264
1.76755,0.705357,175.122
1.76755,0.714286,174.051
1.76755,0.723214,175.806
1.76755,0.732143,176.18
1.76755,0.741071,175.853
1.76755,0.75,175.586
1.76755,0.758929,173.857
1.76755,0.767857,172.775
1.76755,0.776786,172.291
1.76755,0.785714,170.035
1.76755,0.794643,167.181
1.76755,0.803571,164.615
1.76755,0.8125,161.989
1.76755,0.821429,157.847
1.76755,0.830357,156.716
1.76755,0.839286,153.428
1.76755,0.848214,151.901
1.76755,0.857143,150.51
1.76755,0.866071,140.038
1.76755,0.875,136.093
1.76755,0.883929,132.795
1.76755,0.892857,123.54
1.76755,0.901786,124.323
1.76755,0.910714,117.622
1.76755,0.919643,114.182
1.76755,0.928571,109.606
1.76755,0.9375,104.144
1.76755,0.946429,102.166
1.76755,0.955357,97.59
1.76755,0.964286,94.9
1.76755,0.973214,90.313
1.76755,0.982143,91.21
1.76755,0.991071,88.449
1.76755,1,86.449
1.76755,1.00893,85.449
1.76755,1.01786,84.748
1.76755,1.02679,84.161
1.76755,1.03571,84.161
1.76755,1.04464,84.161
1.76755,1.05357,84.161
1.76755,1.0625,84.634
1.76755,1.07143,84.645
1.76755,1.08036,84.368
1.76755,1.08929,84.265
1.76755,1.09821,86.048
1.76755,1.10714,87.347
1.76755,1.11607,87.461
1.76755,1.125,86.82
1.76755,1.13393,82.189
1.76755,1.14286,86.188
1.76755,1.15179,85.489
1.76755,1.16071,84.031
1.76755,1.16964,80.201
1.76755,1.17857,90.256
1.76755,1.1875,93.258
1.76755,1.19643,93.154
1.76755,1.20536,92.948
1.76755,1.21429,91.682
1.76755,1.22321,92.063
1.76755,1.23214,90.373
1.76755,1.24107,88.498
1.76755,1.25,88.221
1.76755,1.25893,86.955
1.76755,1.26786,83.151
1.76755,1.27679,84.564
1.76755,1.28571,83.575
1.76755,1.29464,83.173
1.76755,1.30357,82.483
1.76755,1.3125,80.896
1.76755,1.32143,78.608
1.76755,1.33036,73.967
1.76755,1.33929,72.853
1.76755,1.34821,73.913
1.76755,1.35714,74.685
1.76755,1.36607,72.332
1.76755,1.375,70.99
1.76755,1.38393,66.876
1.76755,1.39286,68.577
1.76755,1.40179,60.11
1.76755,1.41071,59.882
1.76755,1.41964,60.654
1.76755,1.42857,64.127
1.76755,1.4375,58.127
1.76755,1.44643,57.899
1.76755,1.45536,59.127
1.76755,1.46429,57.899
1.76755,1.47321,57.671
1.76755,1.48214,57.671
1.76755,1.49107,57.671
1.76755,1.5,57.671
1.76755,1.50893,57.671
1.76755,1.51786,57.671
1.75787,0,94.297
1.75787,0.00892857,68.074
1.75787,0.0178571,59.454
1.75787,0.0267857,57.269
1.75787,0.0357143,57.671
1.75787,0.0446429,57.671
1.75787,0.0535714,57.671
1.75787,0.0625,57.671
1.75787,0.0714286,57.671
1.75787,0.0803571,57.671
1.75787,0.0892857,57.671
1.75787,0.0982143,57.671
1.75787,0.107143,57.671
1.75787,0.116071,57.671
1.75787,0.125,57.671
1.75787,0.133929,57.671
1.75787,0.142857,57.671
1.75787,0.151786,57.671
1.75787,0.160714,57.671
1.75787,0.169643,57.671
1.75787,0.178571,57.671
1.75787,0.1875,57.671
1.75787,0.196429,57.671
1.75787,0.205357,57.671
1.75787,0.214286,57.671
1.75787,0.223214,57.671
1.75787,0.232143,57.671
1.75787,0.241071,57.671
1.75787,0.25,57.671
1.75787,0.258929,57.671
1.75787,0.267857,57.671
1.75787,0.276786,57.671
1.75787,0.285714,57.671
1.75787,0.294643,57.671
1.75787,0.303571,57.611
1.75787,0.3125,58.21
1.75787,0.321429,117.078
1.75787,0.330357,153.031
1.75787,0.339286,152.683
1.75787,0.348214,151.933
1.75787,0.357143,150.733
1.75787,0.366071,150.557
1.75787,0.375,149.976
1.75787,0.383929,149.976
1.75787,0.392857,149.976
1.75787,0.401786,149.976
1.75787,0.410714,149.677
1.75787,0.419643,149.677
1.75787,0.428571,149.791
1.75787,0.4375,150.161
1.75787,0.446429,150.46
1.75787,0.455357,150.759
1.75787,0.464286,150.46
1.75787,0.473214,150.759
1.75787,0.482143,150.987
1.75787,0.491071,150.514
1.75787,0.5,150.813
1.75787,0.508929,151.488
1.75787,0.517857,150.787
1.75787,0.526786,149.716
1.75787,0.535714,150.471
1.75787,0.544643,151.742
1.75787,0.553571,152.611
1.75787,0.5625,152.953
1.75787,0.571429,154.654
1.75787,0.580357,152.899
1.75787,0.589286,154.996
1.75787,0.598214,153.794
1.75787,0.607143,156.293
1.75787,0.616071,157.091
1.75787,0.625,160.53
1.75787,0.633929,160.67
1.75787,0.642857,159.001
1.75787,0.651786,161.517
1.75787,0.660714,164.027
1.75787,0.669643,162.868
1.75787,0.678571,166.481
1.75787,0.6875,167.724
1.75787,0.696429,167.881
1.75787,0.705357,169.027
1.75787,0.714286,171.694
1.75787,0.723214,173.09
1.75787,0.732143,176.247
1.75787,0.741071,176.333
1.75787,0.75,176.593
1.75787,0.758929,176.451
1.75787,0.767857,175.967
1.75787,0.776786,174.722
1.75787,0.785714,172.651
1.75787,0.794643,173.085
1.75787,0.803571,170.807
1.75787,0.8125,167.284
1.75787,0.821429,162.946
1.75787,0.830357,165.978
1.75787,0.839286,163.021
1.75787,0.848214,158.352
1.75787,0.857143,158.754
1.75787,0.866071,152.961
1.75787,0.875,146.233
1.75787,0.883929,145.163
1.75787,0.892857,145.979
1.75787,0.901786,131.382
1.75787,0.910714,129.219
1.75787,0.919643,130.665
1.75787,0.928571,118.388
1.75787,0.9375,110.812
1.75787,0.946429,107.546
1.75787,0.955357,103.742
1.75787,0.964286,99.052
1.75787,0.973214,96.188
1.75787,0.982143,90.9
1.75787,0.991071,92.552
1.75787,1,89.851
1.75787,1.00893,86.15
1.75787,1.01786,85.862
1.75787,1.02679,85.161
1.75787,1.03571,85.161
1.75787,1.04464,83.862
1.75787,1.05357,84.449
1.75787,1.0625,84.449
1.75787,1.07143,84.161
1.75787,1.08036,84.357
1.75787,1.08929,84.656
1.75787,1.09821,84.667
1.75787,1.10714,85.265
1.75787,1.11607,87.037
1.75787,1.125,89.037
1.75787,1.13393,85.421
1.75787,1.14286,109.092
1.75787,1.15179,144.363
1.75787,1.16071,98.449
1.75787,1.16964,86.342
1.75787,1.17857,89.685
1.75787,1.1875,86.205
1.75787,1.19643,90.729
1.75787,1.20536,93.442
1.75787,1.21429,92.372
1.75787,1.22321,93.291
1.75787,1.23214,90.487
1.75787,1.24107,90.199
1.75787,1.25,91.096
1.75787,1.25893,88.118
1.75787,1.26786,87.727
1.75787,1.27679,84.852
1.75787,1.28571,83.151
1.75787,1.29464,82.461
1.75787,1.30357,80.771
1.75787,1.3125,79.896
1.75787,1.32143,78.896
1.75787,1.33036,80.01
1.75787,1.33929,77.896
1.75787,1.34821,75.255
1.75787,1.35714,73.913
1.75787,1.36607,71.799
1.75787,1.375,73.158
1.75787,1.38393,68.044
1.75787,1.39286,68.517
1.75787,1.40179,65.637
1.75787,1.41071,67.996
1.75787,1.41964,62.654
1.75787,1.42857,62.654
1.75787,1.4375,59.127
1.75787,1.44643,61.127
1.75787,1.45536,59.127
1.75787,1.46429,56.899
1.75787,1.47321,57.671
1.75787,1.48214,57.671
1.75787,1.49107,57.671
1.75787,1.5,57.671
1.75787,1.50893,57.671
1.75787,1.51786,57.671
1.74818,0,247.956
1.74818,0.00892857,164.292
1.74818,0.0178571,56.688
1.74818,0.0267857,57.258
1.74818,0.0357143,57.671
1.74818,0.0446429,57.671
1.74818,0.0535714,57.671
1.74818,0.0625,57.671
1.74818,0.0714286,57.671
1.74818,0.0803571,57.671
1.74818,0.0892857,57.671
1.74818,0.0982143,57.671
1.74818,0.107143,57.671
1.74818,0.116071,57.671
1.74818,0.125,57.671
1.74818,0.133929,57.671
1.74818,0.142857,57.671
1.74818,0.151786,57.671
1.74818,0.160714,57.671
1.74818,0.169643,57.671
1.74818,0.178571,57.671
1.74818,0.1875,57.671
1.74818,0.196429,57.671
1.74818,0.205357,57.671
1.74818,0.214286,57.671
1.74818,0.223214,57.671
1.74818,0.232143,57.671
1.74818,0.241071,57.671
1.74818,0.25,57.671
1.74818,0.258929,57.671
1.74818,0.267857,57.671
1.74818,0.276786,57.671
1.74818,0.285714,57.671
1.74818,0.294643,57.671
1.74818,0.303571,57.127
1.74818,0.3125,58.031
1.74818,0.321429,143.88
1.74818,0.330357,153.102
1.74818,0.339286,153.335
1.74818,0.348214,153.488
1.74818,0.357143,152.314
1.74818,0.366071,152.155
1.74818,0.375,150.759
1.74818,0.383929,149.987
1.74818,0.392857,149.688
1.74818,0.401786,148.976
1.74818,0.410714,148.976
1.74818,0.419643,148.976
1.74818,0.428571,148.677
1.74818,0.4375,149.019
1.74818,0.446429,149.66
1.74818,0.455357,149.66
1.74818,0.464286,149.959
1.74818,0.473214,149.731
1.74818,0.482143,149.731
1.74818,0.491071,149.731
1.74818,0.5,149.443
1.74818,0.508929,150.645
1.74818,0.517857,150.645
1.74818,0.526786,150.645
1.74818,0.535714,150.759
1.74818,0.544643,150.873
1.74818,0.553571,150.987
1.74818,0.5625,150.987
1.74818,0.571429,150.873
1.74818,0.580357,150.77
1.74818,0.589286,151.699
1.74818,0.598214,152.155
1.74818,0.607143,152.269
1.74818,0.616071,153.725
1.74818,0.625,154.882
1.74818,0.633929,156.093
1.74818,0.642857,157.592
1.74818,0.651786,158.265
1.74818,0.660714,159.476
1.74818,0.669643,160.328
1.74818,0.678571,161.87
1.74818,0.6875,164.412
1.74818,0.696429,162.498
1.74818,0.705357,165.171
1.74818,0.714286,169.109
1.74818,0.723214,171.907
1.74818,0.732143,171.477
1.74818,0.741071,173.09
1.74818,0.75,175.589
1.74818,0.758929,176.447
1.74818,0.767857,176.191
1.74818,0.776786,176.533
1.74818,0.785714,175.918
1.74818,0.794643,176.836
1.74818,0.803571,173.754
1.74818,0.8125,174.188
1.74818,0.821429,171.323
1.74818,0.830357,167.355
1.74818,0.839286,166.284
1.74818,0.848214,164.658
1.74818,0.857143,159.733
1.74818,0.866071,157.95
1.74818,0.875,157.466
1.74818,0.883929,156.303
1.74818,0.892857,144.76
1.74818,0.901786,142.473
1.74818,0.910714,137.506
1.74818,0.919643,133.909
1.74818,0.928571,126.746
1.74818,0.9375,115.757
1.74818,0.946429,115.078
1.74818,0.955357,108.698
1.74818,0.964286,109.133
1.74818,0.973214,102.856
1.74818,0.982143,94.166
1.74818,0.991071,94.117
1.74818,1,90.128
1.74818,1.00893,88.438
1.74818,1.01786,86.851
1.74818,1.02679,86.449
1.74818,1.03571,84.449
1.74818,1.04464,85.449
1.74818,1.05357,84.449
1.74818,1.0625,83.449
1.74818,1.07143,84.449
1.74818,1.08036,83.862
1.74818,1.08929,83.759
1.74818,1.09821,84.944
1.74818,1.10714,84.955
1.74818,1.11607,85.553
1.74818,1.125,84.424
1.74818,1.13393,86.869
1.74818,1.14286,85.206
1.74818,1.15179,120.608
1.74818,1.16071,139.753
1.74818,1.16964,89.747
1.74818,1.17857,89.797
1.74818,1.1875,86.184
1.74818,1.19643,86.223
1.74818,1.20536,94.338
1.74818,1.21429,91.464
1.74818,1.22321,93.28
1.74818,1.23214,92.476
1.74818,1.24107,91.487
1.74818,1.25,90.199
1.74818,1.25893,86.694
1.74818,1.26786,85.819
1.74818,1.27679,87.83
1.74818,1.28571,85.553
1.74818,1.29464,83.151
1.74818,1.30357,82.276
1.74818,1.3125,82.173
1.74818,1.32143,83.184
1.74818,1.33036,78.124
1.74818,1.33929,79.124
1.74818,1.34821,73.896
1.74818,1.35714,75.255
1.74818,1.36607,71.027
1.74818,1.375,74.799
1.74818,1.38393,70.799
1.74818,1.39286,65.859
1.74818,1.40179,67.278
1.74818,1.41071,61.751
1.74818,1.41964,69.996
1.74818,1.42857,59.654
1.74818,1.4375,57.654
1.74818,1.44643,60.654
1.74818,1.45536,67.654
1.74818,1.46429,59.127
1.74818,1.47321,57.671
1.74818,1.48214,57.671
1.74818,1.49107,57.671
1.74818,1.5,57.671
1.74818,1.50893,57.671
1.74818,1.51786,57.671
1.7385,0,197.434
1.7385,0.00892857,132.482
1.7385,0.0178571,55.965
1.7385,0.0267857,56.258
1.7385,0.0357143,57.671
1.7385,0.0446429,57.671
1.7385,0.0535714,57.671
1.7385,0.0625,57.671
1.7385,0.0714286,57.671
1.7385,0.0803571,57.671
1.7385,0.0892857,57.671
1.7385,0.0982143,57.671
1.7385,0.107143,57.671
1.7385,0.116071,57.671
1.7385,0.125,57.671
1.7385,0.133929,57.671
1.7385,0.142857,57.671
1.7385,0.151786,57.671
1.7385,0.160714,57.671
1.7385,0.169643,57.671
1.7385,0.178571,57.671
1.7385,0.1875,57.671
1.7385,0.196429,57.671
1.7385,0.205357,57.671
1.7385,0.214286,57.671
1.7385,0.223214,57.671
1.7385,0.232143,57.671
1.7385,0.241071,57.671
1.7385,0.25,57.671
1.7385,0.258929,57.671
1.7385,0.267857,57.671
1.7385,0.276786,57.671
1.7385,0.285714,57.671
1.7385,0.294643,57.372
1.7385,0.303571,55.589
1.7385,0.3125,61.565
1.7385,0.321429,153.046
1.7385,0.330357,155.347
1.7385,0.339286,154.727
1.7385,0.348214,154.108
1.7385,0.357143,153.493
1.7385,0.366071,152.596
1.7385,0.375,152.83
1.7385,0.383929,151.944
1.7385,0.392857,152.058
1.7385,0.401786,150.987
1.7385,0.410714,150.987
1.7385,0.419643,150.987
1.7385,0.428571,151.275
1.7385,0.4375,149.389
1.7385,0.446429,149.503
1.7385,0.455357,149.204
1.7385,0.464286,149.791
1.7385,0.473214,149.791
1.7385,0.482143,149.791
1.7385,0.491071,149.677
1.7385,0.5,149.677
1.7385,0.508929,149.845
1.7385,0.517857,150.372
1.7385,0.526786,149.845
1.7385,0.535714,150.204
1.7385,0.544643,150.976
1.7385,0.553571,150.976
1.7385,0.5625,150.976
1.7385,0.571429,150.748
1.7385,0.580357,149.944
1.7385,0.589286,151.058
1.7385,0.598214,151.286
1.7385,0.607143,150.944
1.7385,0.616071,151.303
1.7385,0.625,151.645
1.7385,0.633929,151.927
1.7385,0.642857,154.241
1.7385,0.651786,154.811
1.7385,0.660714,155.267
1.7385,0.669643,156.293
1.7385,0.678571,157.732
1.7385,0.6875,160.573
1.7385,0.696429,163.289
1.7385,0.705357,162.614
1.7385,0.714286,166.014
1.7385,0.723214,166.812
1.7385,0.732143,167.023
1.7385,0.741071,169.565
1.7385,0.75,171.819
1.7385,0.758929,174.617
1.7385,0.767857,174.475
1.7385,0.776786,175.333
1.7385,0.785714,177.245
1.7385,0.794643,176.647
1.7385,0.803571,174.75
1.7385,0.8125,174.494
1.7385,0.821429,174.412
1.7385,0.830357,173.444
1.7385,0.839286,172.672
1.7385,0.848214,170.573
1.7385,0.857143,167.648
1.7385,0.866071,164.185
1.7385,0.875,161.01
1.7385,0.883929,158.167
1.7385,0.892857,154.004
1.7385,0.901786,149.048
1.7385,0.910714,145.679
1.7385,0.919643,143.071
1.7385,0.928571,134.68
1.7385,0.9375,149.289
1.7385,0.946429,141.023
1.7385,0.955357,118.469
1.7385,0.964286,113.1
1.7385,0.973214,108.606
1.7385,0.982143,105.215
1.7385,0.991071,100.867
1.7385,1,95.579
1.7385,1.00893,92.9
1.7385,1.01786,87.21
1.7385,1.02679,87.221
1.7385,1.03571,86.221
1.7385,1.04464,86.221
1.7385,1.05357,84.335
1.7385,1.0625,83.449
1.7385,1.07143,84.449
1.7385,1.08036,84.449
1.7385,1.08929,83.862
1.7385,1.09821,84.346
1.7385,1.10714,84.944
1.7385,1.11607,85.656
1.7385,1.125,84.988
1.7385,1.13393,86.618
1.7385,1.14286,86.705
1.7385,1.15179,85.011
1.7385,1.16071,85.081
1.7385,1.16964,84.053
1.7385,1.17857,86.259
1.7385,1.1875,86.667
1.7385,1.19643,87.418
1.7385,1.20536,91.647
1.7385,1.21429,94.659
1.7385,1.22321,92.66
1.7385,1.23214,92.269
1.7385,1.24107,91.465
1.7385,1.25,90.775
1.7385,1.25893,90.786
1.7385,1.26786,90.096
1.7385,1.27679,89.221
1.7385,1.28571,86.819
1.7385,1.29464,86.542
1.7385,1.30357,79.852
1.7385,1.3125,84.162
1.7385,1.32143,81.173
1.7385,1.33036,77.113
1.7385,1.33929,80.412
1.7385,1.34821,79.298
1.7385,1.35714,75.184
1.7385,1.36607,73.141
1.7385,1.375,74.027
1.7385,1.38393,69.098
1.7385,1.39286,72.685
1.7385,1.40179,68.62
1.7385,1.41071,63.979
1.7385,1.41964,69.224
1.7385,1.42857,63.882
1.7385,1.4375,64.768
1.7385,1.44643,59.654
1.7385,1.45536,69.654
1.7385,1.46429,59.426
1.7385,1.47321,59.899
1.7385,1.48214,57.899
1.7385,1.49107,57.899
1.7385,1.5,56.899
1.7385,1.50893,56.899
1.7385,1.51786,57.899
1.72881,0,74.352
1.72881,0.00892857,57.15
1.72881,0.0178571,56.062
1.72881,0.0267857,57.66
1.72881,0.0357143,57.671
1.72881,0.0446429,57.671
1.72881,0.0535714,57.671
1.72881,0.0625,57.671
1.72881,0.0714286,57.671
1.72881,0.0803571,57.671
1.72881,0.0892857,57.671
1.72881,0.0982143,57.671
1.72881,0.107143,57.671
1.72881,0.116071,57.671
1.72881,0.125,57.671
1.72881,0.133929,57.671
1.72881,0.142857,57.671
1.72881,0.151786,57.671
1.72881,0.160714,57.671
1.72881,0.169643,57.671
1.72881,0.178571,57.671
1.72881,0.1875,57.671
1.72881,0.196429,57.671
1.72881,0.205357,57.671
1.72881,0.214286,57.671
1.72881,0.223214,57.671
1.72881,0.232143,57.671
1.72881,0.241071,57.671
1.72881,0.25,57.671
1.72881,0.258929,57.671
1.72881,0.267857,57.671
1.72881,0.276786,57.671
1.72881,0.285714,57.671
1.72881,0.294643,57.372
1.72881,0.303571,57.823
1.72881,0.3125,85.062
1.72881,0.321429,159.744
1.72881,0.330357,160.065
1.72881,0.339286,158.076
1.72881,0.348214,157.016
1.72881,0.357143,154.738
1.72881,0.366071,154.037
1.72881,0.375,153.211
1.72881,0.383929,152.912
1.72881,0.392857,152.069
1.72881,0.401786,151.411
1.72881,0.410714,151.699
1.72881,0.419643,151.699
1.72881,0.428571,152.286
1.72881,0.4375,151.058
1.72881,0.446429,150.645
1.72881,0.455357,150.645
1.72881,0.464286,150.46
1.72881,0.473214,149.574
1.72881,0.482143,149.862
1.72881,0.491071,149.862
1.72881,0.5,149.862
1.72881,0.508929,149.617
1.72881,0.517857,149.845
1.72881,0.526786,149.617
1.72881,0.535714,149.617
1.72881,0.544643,149.503
1.72881,0.553571,150.09
1.72881,0.5625,150.09
1.72881,0.571429,149.976
1.72881,0.580357,150.688
1.72881,0.589286,150.802
1.72881,0.598214,150.987
1.72881,0.607143,150.645
1.72881,0.616071,151.004
1.72881,0.625,151.004
1.72881,0.633929,150.987
1.72881,0.642857,151.329
1.72881,0.651786,151.742
1.72881,0.660714,151.856
1.72881,0.669643,152.785
1.72881,0.678571,154.583
1.72881,0.6875,157.25
1.72881,0.696429,161.308
1.72881,0.705357,160.747
1.72881,0.714286,162.588
1.72881,0.723214,161.674
1.72881,0.732143,163.113
1.72881,0.741071,167.182
1.72881,0.75,167.952
1.72881,0.758929,171.679
1.72881,0.767857,171.879
1.72881,0.776786,172.677
1.72881,0.785714,174.92
1.72881,0.794643,175.333
1.72881,0.803571,177.148
1.72881,0.8125,176.778
1.72881,0.821429,176.636
1.72881,0.830357,175.081
1.72881,0.839286,174.412
1.72881,0.848214,171.042
1.72881,0.857143,171.487
1.72881,0.866071,172.149
1.72881,0.875,165.74
1.72881,0.883929,161.701
1.72881,0.892857,163.032
1.72881,0.901786,156.559
1.72881,0.910714,153.684
1.72881,0.919643,147.418
1.72881,0.928571,142.554
1.72881,0.9375,138.647
1.72881,0.946429,140.566
1.72881,0.955357,130.023
1.72881,0.964286,116.839
1.72881,0.973214,116.171
1.72881,0.982143,107.894
1.72881,0.991071,105.834
1.72881,1,102.443
1.72881,1.00893,96.177
1.72881,1.01786,94.199
1.72881,1.02679,90.509
1.72881,1.03571,89.221
1.72881,1.04464,87.221
1.72881,1.05357,85.748
1.72881,1.0625,83.976
1.72881,1.07143,84.449
1.72881,1.08036,84.449
1.72881,1.08929,84.449
1.72881,1.09821,83.634
1.72881,1.10714,84.232
1.72881,1.11607,85.129
1.72881,1.125,84.14
1.72881,1.13393,85.813
1.72881,1.14286,85.732
1.72881,1.15179,85.292
1.72881,1.16071,86.587
1.72881,1.16964,86.586
1.72881,1.17857,86.418
1.72881,1.1875,131.2
1.72881,1.19643,88.2
1.72881,1.20536,88.141
1.72881,1.21429,93.843
1.72881,1.22321,91.431
1.72881,1.23214,91.937
1.72881,1.24107,91.845
1.72881,1.25,92.041
1.72881,1.25893,91.063
1.72881,1.26786,89.96
1.72881,1.27679,89.199
1.72881,1.28571,89.096
1.72881,1.29464,86.819
1.72881,1.30357,88.254
1.72881,1.3125,82.151
1.72881,1.32143,83.863
1.72881,1.33036,83.515
1.72881,1.33929,77.814
1.72881,1.34821,80.173
1.72881,1.35714,78.184
1.72881,1.36607,72.956
1.72881,1.375,72.027
1.72881,1.38393,72.027
1.72881,1.39286,69.685
1.72881,1.40179,69.147
1.72881,1.41071,66.506
1.72881,1.41964,65.751
1.72881,1.42857,62.11
1.72881,1.4375,58.882
1.72881,1.44643,62.882
1.72881,1.45536,60.882
1.72881,1.46429,58.654
1.72881,1.47321,60.899
1.72881,1.48214,56.899
1.72881,1.49107,57.899
1.72881,1.5,58.899
1.72881,1.50893,59.899
1.72881,1.51786,58.899
1.71913,0,75.194
1.71913,0.00892857,57.981
1.71913,0.0178571,56.931
1.71913,0.0267857,57.888
1.71913,0.0357143,57.671
1.71913,0.0446429,57.671
1.71913,0.0535714,57.671
1.71913,0.0625,57.671
1.71913,0.0714286,57.671
1.71913,0.0803571,57.671
1.71913,0.0892857,57.671
1.71913,0.0982143,57.671
1.71913,0.107143,57.671
1.71913,0.116071,57.671
1.71913,0.125,57.671
1.71913,0.133929,57.671
1.71913,0.142857,57.671
1.71913,0.151786,57.671
1.71913,0.160714,57.671
1.71913,0.169643,57.671
1.71913,0.178571,57.671
1.71913,0.1875,57.671
1.71913,0.196429,57.671
1.71913,0.205357,57.671
1.71913,0.214286,57.671
1.71913,0.223214,57.671
1.71913,0.232143,57.671
1.71913,0.241071,57.671
1.71913,0.25,57.671
1.71913,0.258929,57.671
1.71913,0.267857,57.671
1.71913,0.276786,57.671
1.71913,0.285714,57.671
1.71913,0.294643,57.372
1.71913,0.303571,56.584
1.71913,0.3125,120.086
1.71913,0.321429,165.49
1.71913,0.330357,160.979
1.71913,0.339286,161.012
1.71913,0.348214,159.44
1.71913,0.357143,157.424
1.71913,0.366071,155.951
1.71913,0.375,155.179
1.71913,0.383929,154.635
1.71913,0.392857,154.037
1.71913,0.401786,153.667
1.71913,0.410714,152.895
1.71913,0.419643,153.297
1.71913,0.428571,152.998
1.71913,0.4375,151.77
1.71913,0.446429,152.069
1.71913,0.455357,152.183
1.71913,0.464286,151.998
1.71913,0.473214,151.286
1.71913,0.482143,151.101
1.71913,0.491071,151.101
1.71913,0.5,151.215
1.71913,0.508929,150.275
1.71913,0.517857,149.862
1.71913,0.526786,149.862
1.71913,0.535714,149.976
1.71913,0.544643,150.09
1.71913,0.553571,150.09
1.71913,0.5625,150.329
1.71913,0.571429,149.503
1.71913,0.580357,148.204
1.71913,0.589286,149.019
1.71913,0.598214,149.791
1.71913,0.607143,149.976
1.71913,0.616071,150.862
1.71913,0.625,150.862
1.71913,0.633929,150.617
1.71913,0.642857,150.802
1.71913,0.651786,150.759
1.71913,0.660714,151.83
1.71913,0.669643,151.716
1.71913,0.678571,151.101
1.71913,0.6875,153.942
1.71913,0.696429,153.723
1.71913,0.705357,157.222
1.71913,0.714286,160.906
1.71913,0.723214,160.291
1.71913,0.732143,163.072
1.71913,0.741071,164.657
1.71913,0.75,165.84
1.71913,0.758929,168.083
1.71913,0.767857,168.995
1.71913,0.776786,170.608
1.71913,0.785714,174.606
1.71913,0.794643,173.72
1.71913,0.803571,176.763
1.71913,0.8125,176.806
1.71913,0.821429,176.479
1.71913,0.830357,175.38
1.71913,0.839286,175.124
1.71913,0.848214,174.173
1.71913,0.857143,175.347
1.71913,0.866071,172.031
1.71913,0.875,170.231
1.71913,0.883929,167.534
1.71913,0.892857,166.598
1.71913,0.901786,162.494
1.71913,0.910714,159.113
1.71913,0.919643,154.086
1.71913,0.928571,149.809
1.71913,0.9375,147.016
1.71913,0.946429,136.761
1.71913,0.955357,135.104
1.71913,0.964286,131.518
1.71913,0.973214,124.263
1.71913,0.982143,112.171
1.71913,0.991071,111.41
1.71913,1,107.834
1.71913,1.00893,101.753
1.71913,1.01786,97.188
1.71913,1.02679,94.612
1.71913,1.03571,91.509
1.71913,1.04464,90.509
1.71913,1.05357,89.748
1.71913,1.0625,86.976
1.71913,1.07143,84.449
1.71913,1.08036,84.15
1.71913,1.08929,83.449
1.71913,1.09821,83.862
1.71913,1.10714,83.46
1.71913,1.11607,84.645
1.71913,1.125,85.63
1.71913,1.13393,84.862
1.71913,1.14286,85.704
1.71913,1.15179,85.721
1.71913,1.16071,88.266
1.71913,1.16964,88.423
1.71913,1.17857,87.711
1.71913,1.1875,88.683
1.71913,1.19643,85.129
1.71913,1.20536,84.532
1.71913,1.21429,91.006
1.71913,1.22321,92.697
1.71913,1.23214,92.018
1.71913,1.24107,91.627
1.71913,1.25,93.133
1.71913,1.25893,92.454
1.71913,1.26786,91.764
1.71913,1.27679,89.373
1.71913,1.28571,89.498
1.71913,1.29464,89.52
1.71913,1.30357,87.83
1.71913,1.3125,84.553
1.71913,1.32143,81.852
1.71913,1.33036,83.102
1.71913,1.33929,81.102
1.71913,1.34821,78.173
1.71913,1.35714,79.173
1.71913,1.36607,76.244
1.71913,1.375,74.728
1.71913,1.38393,74.027
1.71913,1.39286,72.141
1.71913,1.40179,70.261
1.71913,1.41071,71.207
1.71913,1.41964,66.979
1.71913,1.42857,65.751
1.71913,1.4375,61.224
1.71913,1.44643,59.996
1.71913,1.45536,65.996
1.71913,1.46429,59.654
1.71913,1.47321,59.013
1.71913,1.48214,55.899
1.71913,1.49107,59.899
1.71913,1.5,57.899
1.71913,1.50893,58.899
1.71913,1.51786,58.899
1.70944,0,75.302
1.70944,0.00892857,58.035
1.70944,0.0178571,57.318
1.70944,0.0267857,57.318
1.70944,0.0357143,57.671
1.70944,0.0446429,57.671
1.70944,0.0535714,57.671
1.70944,0.0625,57.671
1.70944,0.0714286,57.671
1.70944,0.0803571,57.671
1.70944,0.0892857,57.671
1.70944,0.0982143,57.671
1.70944,0.107143,57.671
1.70944,0.116071,57.671
1.70944,0.125,57.671
1.70944,0.133929,57.671
1.70944,0.142857,57.671
1.70944,0.151786,57.671
1.70944,0.160714,57.671
1.70944,0.169643,57.671
1.70944,0.178571,57.671
1.70944,0.1875,57.671
1.70944,0.196429,57.671
1.70944,0.205357,57.671
1.70944,0.214286,57.671
1.70944,0.223214,57.671
1.70944,0.232143,57.785
1.70944,0.241071,57.372
1.70944,0.25,57.959
1.70944,0.258929,57.133
1.70944,0.267857,57.731
1.70944,0.276786,58.03
1.70944,0.285714,58.041
1.70944,0.294643,57.454
1.70944,0.303571,56.373
1.70944,0.3125,133.017
1.70944,0.321429,165.698
1.70944,0.330357,165.378
1.70944,0.339286,163.806
1.70944,0.348214,162.973
1.70944,0.357143,160.799
1.70944,0.366071,159.517
1.70944,0.375,156.962
1.70944,0.383929,155.777
1.70944,0.392857,155.706
1.70944,0.401786,155.521
1.70944,0.410714,154.037
1.70944,0.419643,153.667
1.70944,0.428571,154.069
1.70944,0.4375,152.77
1.70944,0.446429,153.058
1.70944,0.455357,152.471
1.70944,0.464286,153.058
1.70944,0.473214,152.058
1.70944,0.482143,152.286
1.70944,0.491071,152.286
1.70944,0.5,151.4
1.70944,0.508929,151.987
1.70944,0.517857,150.987
1.70944,0.526786,150.987
1.70944,0.535714,151.101
1.70944,0.544643,150.09
1.70944,0.553571,150.09
1.70944,0.5625,150.09
1.70944,0.571429,150.09
1.70944,0.580357,149.688
1.70944,0.589286,149.503
1.70944,0.598214,150.09
1.70944,0.607143,150.09
1.70944,0.616071,149.503
1.70944,0.625,149.617
1.70944,0.633929,149.731
1.70944,0.642857,149.916
1.70944,0.651786,150.987
1.70944,0.660714,150.873
1.70944,0.669643,151.232
1.70944,0.678571,150.873
1.70944,0.6875,152.101
1.70944,0.696429,152.557
1.70944,0.705357,153.899
1.70944,0.714286,155.153
1.70944,0.723214,159.119
1.70944,0.732143,161.242
1.70944,0.741071,162.425
1.70944,0.75,162.44
1.70944,0.758929,163.455
1.70944,0.767857,166.541
1.70944,0.776786,166.855
1.70944,0.785714,168.967
1.70944,0.794643,174.178
1.70944,0.803571,174.09
1.70944,0.8125,175.176
1.70944,0.821429,176.034
1.70944,0.830357,176.533
1.70944,0.839286,176.505
1.70944,0.848214,175.494
1.70944,0.857143,174.597
1.70944,0.866071,172.569
1.70944,0.875,170.128
1.70944,0.883929,169.975
1.70944,0.892857,167.099
1.70944,0.901786,163.918
1.70944,0.910714,161.281
1.70944,0.919643,157.694
1.70944,0.928571,153.591
1.70944,0.9375,149.254
1.70944,0.946429,147.7
1.70944,0.955357,143.989
1.70944,0.964286,136.99
1.70944,0.973214,127.279
1.70944,0.982143,124.785
1.70944,0.991071,117.16
1.70944,1,114.296
1.70944,1.00893,107.916
1.70944,1.01786,102.454
1.70944,1.02679,98.878
1.70944,1.03571,99.59
1.70944,1.04464,95.487
1.70944,1.05357,91.911
1.70944,1.0625,88.335
1.70944,1.07143,87.335
1.70944,1.08036,84.449
1.70944,1.08929,85.161
1.70944,1.09821,84.161
1.70944,1.10714,83.862
1.70944,1.11607,84.09
1.70944,1.125,83.873
1.70944,1.13393,83.585
1.70944,1.14286,84.297
1.70944,1.15179,85.368
1.70944,1.16071,84.977
1.70944,1.16964,87.472
1.70944,1.17857,89.369
1.70944,1.1875,88.657
1.70944,1.19643,86.988
1.70944,1.20536,90.109
1.70944,1.21429,92.757
1.70944,1.22321,92.697
1.70944,1.23214,91.783
1.70944,1.24107,94.321
1.70944,1.25,94.67
1.70944,1.25893,93.361
1.70944,1.26786,92.579
1.70944,1.27679,91.362
1.70944,1.28571,89.145
1.70944,1.29464,88.444
1.70944,1.30357,89.754
1.70944,1.3125,88.292
1.70944,1.32143,86.428
1.70944,1.33036,82.276
1.70944,1.33929,82.173
1.70944,1.34821,81.173
1.70944,1.35714,79.173
1.70944,1.36607,77.276
1.70944,1.375,77.461
1.70944,1.38393,74.07
1.70944,1.39286,76.782
1.70944,1.40179,74.027
1.70944,1.41071,73.799
1.70944,1.41964,72.087
1.70944,1.42857,68.446
1.70944,1.4375,71.919
1.70944,1.44643,66.979
1.70944,1.45536,64.865
1.70944,1.46429,62.224
1.70944,1.47321,61.768
1.70944,1.48214,60.127
1.70944,1.49107,58.127
1.70944,1.5,58.013
1.70944,1.50893,57.899
1.70944,1.51786,58.127
1.69976,0,74.949
1.69976,0.00892857,57.209
1.69976,0.0178571,57.905
1.69976,0.0267857,57.318
1.69976,0.0357143,57.671
1.69976,0.0446429,57.671
1.69976,0.0535714,57.671
1.69976,0.0625,57.671
1.69976,0.0714286,57.671
1.69976,0.0803571,57.671
1.69976,0.0892857,57.671
1.69976,0.0982143,57.671
1.69976,0.107143,57.671
1.69976,0.116071,57.671
1.69976,0.125,57.671
1.69976,0.133929,57.671
1.69976,0.142857,57.671
1.69976,0.151786,57.671
1.69976,0.160714,57.671
1.69976,0.169643,57.671
1.69976,0.178571,57.671
1.69976,0.1875,57.671
1.69976,0.196429,57.671
1.69976,0.205357,57.671
1.69976,0.214286,57.671
1.69976,0.223214,57.671
1.69976,0.232143,57.785
1.69976,0.241071,57.372
1.69976,0.25,57.959
1.69976,0.258929,57.959
1.69976,0.267857,57.959
1.69976,0.276786,57.671
1.69976,0.285714,58.269
1.69976,0.294643,57.155
1.69976,0.303571,57.456
1.69976,0.3125,161.846
1.69976,0.321429,169.612
1.69976,0.330357,169.047
1.69976,0.339286,165.894
1.69976,0.348214,165.072
1.69976,0.357143,163.898
1.69976,0.366071,162.898
1.69976,0.375,160.517
1.69976,0.383929,158.745
1.69976,0.392857,157.962
1.69976,0.401786,156.891
1.69976,0.410714,156.407
1.69976,0.419643,155.336
1.69976,0.428571,154.151
1.69976,0.4375,154.14
1.69976,0.446429,154.428
1.69976,0.455357,153.542
1.69976,0.464286,153.542
1.69976,0.473214,152.77
1.69976,0.482143,152.471
1.69976,0.491071,153.058
1.69976,0.5,152.058
1.69976,0.508929,152.286
1.69976,0.517857,152.286
1.69976,0.526786,151.987
1.69976,0.535714,151.987
1.69976,0.544643,151.987
1.69976,0.553571,152.101
1.69976,0.5625,151.503
1.69976,0.571429,152.09
1.69976,0.580357,150.987
1.69976,0.589286,149.987
1.69976,0.598214,150.101
1.69976,0.607143,149.688
1.69976,0.616071,149.09
1.69976,0.625,149.503
1.69976,0.633929,149.731
1.69976,0.642857,149.916
1.69976,0.651786,151.101
1.69976,0.660714,150.987
1.69976,0.669643,150.759
1.69976,0.678571,149.873
1.69976,0.6875,150.987
1.69976,0.696429,152.101
1.69976,0.705357,152.329
1.69976,0.714286,153.415
1.69976,0.723214,156.153
1.69976,0.732143,157.347
1.69976,0.741071,159.416
1.69976,0.75,161.143
1.69976,0.758929,162.56
1.69976,0.767857,165.586
1.69976,0.776786,166.715
1.69976,0.785714,167.311
1.69976,0.794643,170.451
1.69976,0.803571,171.477
1.69976,0.8125,173.449
1.69976,0.821429,175.535
1.69976,0.830357,177.507
1.69976,0.839286,177.305
1.69976,0.848214,177.049
1.69976,0.857143,177.451
1.69976,0.866071,176.135
1.69976,0.875,174.466
1.69976,0.883929,173.9
1.69976,0.892857,167.736
1.69976,0.901786,167.028
1.69976,0.910714,164.402
1.69976,0.919643,160.434
1.69976,0.928571,160.651
1.69976,0.9375,158.004
1.69976,0.946429,153.841
1.69976,0.955357,152.874
1.69976,0.964286,144.451
1.69976,0.973214,141.381
1.69976,0.982143,132.36
1.69976,0.991071,125.458
1.69976,1,118.192
1.69976,1.00893,111.823
1.69976,1.01786,108.432
1.69976,1.02679,105.557
1.69976,1.03571,106.269
1.69976,1.04464,98.465
1.69976,1.05357,94.9
1.69976,1.0625,90.21
1.69976,1.07143,87.623
1.69976,1.08036,87.047
1.69976,1.08929,85.161
1.69976,1.09821,84.161
1.69976,1.10714,83.862
1.69976,1.11607,83.503
1.69976,1.125,83.802
1.69976,1.13393,83.873
1.69976,1.14286,84.286
1.69976,1.15179,84.656
1.69976,1.16071,86.368
1.69976,1.16964,86.45
1.69976,1.17857,87.059
1.69976,1.1875,88.369
1.69976,1.19643,90.255
1.69976,1.20536,90.522
1.69976,1.21429,91.789
1.69976,1.22321,91.957
1.69976,1.23214,91
1.69976,1.24107,90.191
1.69976,1.25,90.997
1.69976,1.25893,92.443
1.69976,1.26786,92.339
1.69976,1.27679,91.97
1.69976,1.28571,92.362
1.69976,1.29464,91.444
1.69976,1.30357,89.156
1.69976,1.3125,89.455
1.69976,1.32143,88.395
1.69976,1.33036,86.83
1.69976,1.33929,84.852
1.69976,1.34821,84.564
1.69976,1.35714,85.45
1.69976,1.36607,89.564
1.69976,1.375,74.575
1.69976,1.38393,76.782
1.69976,1.39286,74.793
1.69976,1.40179,73.44
1.69976,1.41071,72.027
1.69976,1.41964,73.799
1.69976,1.42857,73.973
1.69976,1.4375,70.859
1.69976,1.44643,68.332
1.69976,1.45536,66.691
1.69976,1.46429,64.751
1.69976,1.47321,62.768
1.69976,1.48214,60.654
1.69976,1.49107,62.013
1.69976,1.5,57.899
1.69976,1.50893,57.899
1.69976,1.51786,56.899
1.69007,0,75.297
1.69007,0.00892857,57.497
1.69007,0.0178571,56.731
1.69007,0.0267857,57.318
1.69007,0.0357143,57.671
1.69007,0.0446429,57.671
1.69007,0.0535714,57.671
1.69007,0.0625,57.671
1.69007,0.0714286,57.671
1.69007,0.0803571,57.671
1.69007,0.0892857,57.671
1.69007,0.0982143,57.671
1.69007,0.107143,57.671
1.69007,0.116071,57.671
1.69007,0.125,57.671
1.69007,0.133929,57.671
1.69007,0.142857,57.671
1.69007,0.151786,57.671
1.69007,0.160714,57.671
1.69007,0.169643,57.671
1.69007,0.178571,57.671
1.69007,0.1875,57.671
1.69007,0.196429,57.671
1.69007,0.205357,57.671
1.69007,0.214286,57.671
1.69007,0.223214,57.671
1.69007,0.232143,57.671
1.69007,0.241071,57.671
1.69007,0.25,57.372
1.69007,0.258929,58.187
1.69007,0.267857,58.187
1.69007,0.276786,57.899
1.69007,0.285714,57.899
1.69007,0.294643,57.443
1.69007,0.303571,73.545
1.69007,0.3125,173.806
1.69007,0.321429,173.238
1.69007,0.330357,170.058
1.69007,0.339286,168.694
1.69007,0.348214,167.883
1.69007,0.357143,166.253
1.69007,0.366071,166.04
1.69007,0.375,163.898
1.69007,0.383929,163.3
1.69007,0.392857,162.229
1.69007,0.401786,159.745
1.69007,0.410714,158.261
1.69007,0.419643,156.891
1.69007,0.428571,156.005
1.69007,0.4375,155.222
1.69007,0.446429,154.923
1.69007,0.455357,153.923
1.69007,0.464286,154.211
1.69007,0.473214,154.026
1.69007,0.482143,153.841
1.69007,0.491071,153.542
1.69007,0.5,153.428
1.69007,0.508929,152.77
1.69007,0.517857,153.058
1.69007,0.526786,152.471
1.69007,0.535714,153.058
1.69007,0.544643,152.286
1.69007,0.553571,151.987
1.69007,0.5625,151.987
1.69007,0.571429,151.987
1.69007,0.580357,152.286
1.69007,0.589286,150.987
1.69007,0.598214,149.987
1.69007,0.607143,149.987
1.69007,0.616071,149.802
1.69007,0.625,150.09
1.69007,0.633929,150.09
1.69007,0.642857,149.916
1.69007,0.651786,150.101
1.69007,0.660714,149.987
1.69007,0.669643,149.987
1.69007,0.678571,149.987
1.69007,0.6875,150.987
1.69007,0.696429,150.987
1.69007,0.705357,151.101
1.69007,0.714286,151.987
1.69007,0.723214,153.557
1.69007,0.732143,154.295
1.69007,0.741071,156.022
1.69007,0.75,158.151
1.69007,0.758929,160.106
1.69007,0.767857,160.702
1.69007,0.776786,162.657
1.69007,0.785714,165.715
1.69007,0.794643,166.855
1.69007,0.803571,170.696
1.69007,0.8125,170.608
1.69007,0.821429,172.922
1.69007,0.830357,174.894
1.69007,0.839286,174.692
1.69007,0.848214,176.262
1.69007,0.857143,177.718
1.69007,0.866071,176.473
1.69007,0.875,175.619
1.69007,0.883929,173.423
1.69007,0.892857,174.156
1.69007,0.901786,170.106
1.69007,0.910714,168.377
1.69007,0.919643,165.544
1.69007,0.928571,165.391
1.69007,0.9375,161.711
1.69007,0.946429,158.58
1.69007,0.955357,157.406
1.69007,0.964286,149.14
1.69007,0.973214,149.347
1.69007,0.982143,139.793
1.69007,0.991071,139.68
1.69007,1,129.436
1.69007,1.00893,122.377
1.69007,1.01786,117.698
1.69007,1.02679,109.236
1.69007,1.03571,108.432
1.69007,1.04464,99.557
1.69007,1.05357,99.465
1.69007,1.0625,94.601
1.69007,1.07143,90.498
1.69007,1.08036,90.851
1.69007,1.08929,87.748
1.69007,1.09821,86.161
1.69007,1.10714,84.161
1.69007,1.11607,84.161
1.69007,1.125,84.161
1.69007,1.13393,84.161
1.69007,1.14286,84.161
1.69007,1.15179,84.645
1.69007,1.16071,85.656
1.69007,1.16964,84.966
1.69007,1.17857,85.749
1.69007,1.1875,87.771
1.69007,1.19643,88.451
1.69007,1.20536,90.109
1.69007,1.21429,90.636
1.69007,1.22321,91.815
1.69007,1.23214,91.473
1.69007,1.24107,92.3
1.69007,1.25,108.318
1.69007,1.25893,130.383
1.69007,1.26786,92.512
1.69007,1.27679,92.453
1.69007,1.28571,91.671
1.69007,1.29464,90.063
1.69007,1.30357,91.433
1.69007,1.3125,90.145
1.69007,1.32143,90.145
1.69007,1.33036,89.395
1.69007,1.33929,87.118
1.69007,1.34821,85.542
1.69007,1.35714,86.852
1.69007,1.36607,80.151
1.69007,1.375,80.575
1.69007,1.38393,75.896
1.69007,1.39286,78.206
1.69007,1.40179,73.967
1.69007,1.41071,73.255
1.69007,1.41964,73.141
1.69007,1.42857,75.027
1.69007,1.4375,71.386
1.69007,1.44643,73.973
1.69007,1.45536,70.56
1.69007,1.46429,67.577
1.69007,1.47321,60.882
1.69007,1.48214,58.768
1.69007,1.49107,59.54
1.69007,1.5,58.899
1.69007,1.50893,58.899
1.69007,1.51786,57.899
1.68039,0,75.77
1.68039,0.00892857,57.91
1.68039,0.0178571,57.198
1.68039,0.0267857,57.258
1.68039,0.0357143,57.671
1.68039,0.0446429,57.671
1.68039,0.0535714,57.671
1.68039,0.0625,57.671
1.68039,0.0714286,57.671
1.68039,0.0803571,57.671
1.68039,0.0892857,57.671
1.68039,0.0982143,57.671
1.68039,0.107143,57.671
1.68039,0.116071,57.671
1.68039,0.125,57.671
1.68039,0.133929,57.671
1.68039,0.142857,57.671
1.68039,0.151786,57.671
1.68039,0.160714,57.671
1.68039,0.169643,57.671
1.68039,0.178571,57.671
1.68039,0.1875,57.671
1.68039,0.196429,57.671
1.68039,0.205357,57.671
1.68039,0.214286,57.671
1.68039,0.223214,57.671
1.68039,0.232143,57.443
1.68039,0.241071,57.557
1.68039,0.25,57.785
1.68039,0.258929,58.187
1.68039,0.267857,57.899
1.68039,0.276786,57.899
1.68039,0.285714,57.899
1.68039,0.294643,57.204
1.68039,0.303571,97.782
1.68039,0.3125,177.646
1.68039,0.321429,175.619
1.68039,0.330357,175.667
1.68039,0.339286,172.548
1.68039,0.348214,171.634
1.68039,0.357143,169.292
1.68039,0.366071,166.937
1.68039,0.375,166.225
1.68039,0.383929,165.752
1.68039,0.392857,164.268
1.68039,0.401786,162.898
1.68039,0.410714,162.414
1.68039,0.419643,160.343
1.68039,0.428571,159.446
1.68039,0.4375,157.663
1.68039,0.446429,157.592
1.68039,0.455357,156.706
1.68039,0.464286,156.293
1.68039,0.473214,154.222
1.68039,0.482143,154.51
1.68039,0.491071,154.51
1.68039,0.5,153.624
1.68039,0.508929,153.553
1.68039,0.517857,153.841
1.68039,0.526786,153.841
1.68039,0.535714,153.542
1.68039,0.544643,152.77
1.68039,0.553571,152.77
1.68039,0.5625,152.77
1.68039,0.571429,153.357
1.68039,0.580357,151.471
1.68039,0.589286,152.058
1.68039,0.598214,152.286
1.68039,0.607143,151.286
1.68039,0.616071,150.987
1.68039,0.625,150.688
1.68039,0.633929,150.09
1.68039,0.642857,149.916
1.68039,0.651786,150.329
1.68039,0.660714,150.101
1.68039,0.669643,149.987
1.68039,0.678571,149.987
1.68039,0.6875,150.987
1.68039,0.696429,150.987
1.68039,0.705357,150.873
1.68039,0.714286,152.346
1.68039,0.723214,152.058
1.68039,0.732143,152.514
1.68039,0.741071,154.312
1.68039,0.75,155.338
1.68039,0.758929,158.695
1.68039,0.767857,159.932
1.68039,0.776786,162.186
1.68039,0.785714,163.831
1.68039,0.794643,164.199
1.68039,0.803571,167.926
1.68039,0.8125,167.653
1.68039,0.821429,170.967
1.68039,0.830357,172.993
1.68039,0.839286,173.492
1.68039,0.848214,175.877
1.68039,0.857143,176.86
1.68039,0.866071,177.544
1.68039,0.875,176.989
1.68039,0.883929,175.391
1.68039,0.892857,175.309
1.68039,0.901786,174.455
1.68039,0.910714,171.313
1.68039,0.919643,169.263
1.68039,0.928571,167.398
1.68039,0.9375,164.234
1.68039,0.946429,164.483
1.68039,0.955357,159.868
1.68039,0.964286,155.808
1.68039,0.973214,154.645
1.68039,0.982143,153.14
1.68039,0.991071,145.266
1.68039,1,138.196
1.68039,1.00893,132.92
1.68039,1.01786,126.366
1.68039,1.02679,119.687
1.68039,1.03571,110.823
1.68039,1.04464,108.834
1.68039,1.05357,106.443
1.68039,1.0625,96.764
1.68039,1.07143,96.889
1.68039,1.08036,90.9
1.68039,1.08929,88.851
1.68039,1.09821,88.449
1.68039,1.10714,86.161
1.68039,1.11607,84.161
1.68039,1.125,84.449
1.68039,1.13393,84.449
1.68039,1.14286,84.449
1.68039,1.15179,84.161
1.68039,1.16071,83.645
1.68039,1.16964,84.069
1.68039,1.17857,85.667
1.68039,1.1875,86.977
1.68039,1.19643,88.668
1.68039,1.20536,88.728
1.68039,1.21429,89.614
1.68039,1.22321,90.473
1.68039,1.23214,92.082
1.68039,1.24107,96.838
1.68039,1.25,90.105
1.68039,1.25893,91.811
1.68039,1.26786,91.626
1.68039,1.27679,93.947
1.68039,1.28571,92.926
1.68039,1.29464,93.72
1.68039,1.30357,91.856
1.68039,1.3125,92.063
1.68039,1.32143,89.498
1.68039,1.33036,88.395
1.68039,1.33929,86.118
1.68039,1.34821,83.955
1.68039,1.35714,84.852
1.68039,1.36607,82.151
1.68039,1.375,79.276
1.68039,1.38393,76.885
1.68039,1.39286,77.309
1.68039,1.40179,75.608
1.68039,1.41071,76.608
1.68039,1.41964,72.967
1.68039,1.42857,74.255
1.68039,1.4375,71.027
1.68039,1.44643,72.027
1.68039,1.45536,70.799
1.68039,1.46429,70.631
1.68039,1.47321,66.11
1.68039,1.48214,64.996
1.68039,1.49107,62.654
1.68039,1.5,64.013
1.68039,1.50893,57.899
1.68039,1.51786,58.899
1.6707,0,76.944
1.6707,0.00892857,55.611
1.6707,0.0178571,55.964
1.6707,0.0267857,57.198
1.6707,0.0357143,57.671
1.6707,0.0446429,57.671
1.6707,0.0535714,57.671
1.6707,0.0625,57.671
1.6707,0.0714286,57.671
1.6707,0.0803571,57.671
1.6707,0.0892857,57.671
1.6707,0.0982143,57.671
1.6707,0.107143,57.671
1.6707,0.116071,57.671
1.6707,0.125,57.671
1.6707,0.133929,57.671
1.6707,0.142857,57.671
1.6707,0.151786,57.671
1.6707,0.160714,57.671
1.6707,0.169643,57.671
1.6707,0.178571,57.671
1.6707,0.1875,57.671
1.6707,0.196429,57.671
1.6707,0.205357,57.671
1.6707,0.214286,57.671
1.6707,0.223214,57.671
1.6707,0.232143,57.443
1.6707,0.241071,57.557
1.6707,0.25,57.785
1.6707,0.258929,57.899
1.6707,0.267857,57.013
1.6707,0.276786,54.899
1.6707,0.285714,60.258
1.6707,0.294643,57.281
1.6707,0.303571,119.09
1.6707,0.3125,181.865
1.6707,0.321429,177.413
1.6707,0.330357,176.222
1.6707,0.339286,174.445
1.6707,0.348214,173.542
1.6707,0.357143,170.559
1.6707,0.366071,168.834
1.6707,0.375,167.307
1.6707,0.383929,166.894
1.6707,0.392857,165.823
1.6707,0.401786,164.752
1.6707,0.410714,164.268
1.6707,0.419643,162.485
1.6707,0.428571,161.414
1.6707,0.4375,160.631
1.6707,0.446429,160.446
1.6707,0.455357,158.446
1.6707,0.464286,158.261
1.6707,0.473214,156.478
1.6707,0.482143,156.179
1.6707,0.491071,155.82
1.6707,0.5,155.108
1.6707,0.508929,154.624
1.6707,0.517857,153.624
1.6707,0.526786,154.624
1.6707,0.535714,153.325
1.6707,0.544643,153.325
1.6707,0.553571,154.14
1.6707,0.5625,153.14
1.6707,0.571429,153.14
1.6707,0.580357,152.77
1.6707,0.589286,152.77
1.6707,0.598214,152.357
1.6707,0.607143,151.172
1.6707,0.616071,151.987
1.6707,0.625,151.987
1.6707,0.633929,150.275
1.6707,0.642857,149.688
1.6707,0.651786,150.101
1.6707,0.660714,150.101
1.6707,0.669643,150.101
1.6707,0.678571,150.101
1.6707,0.6875,149.987
1.6707,0.696429,149.873
1.6707,0.705357,151.346
1.6707,0.714286,151.346
1.6707,0.723214,152.058
1.6707,0.732143,152.286
1.6707,0.741071,152.514
1.6707,0.75,152.97
1.6707,0.758929,154.566
1.6707,0.767857,158.162
1.6707,0.776786,160.416
1.6707,0.785714,160.833
1.6707,0.794643,164.5
1.6707,0.803571,166.156
1.6707,0.8125,167.997
1.6707,0.821429,167.653
1.6707,0.830357,171.679
1.6707,0.839286,172.107
1.6707,0.848214,173.307
1.6707,0.857143,175.393
1.6707,0.866071,177.903
1.6707,0.875,176.647
1.6707,0.883929,177.348
1.6707,0.892857,176.266
1.6707,0.901786,174.124
1.6707,0.910714,174.167
1.6707,0.919643,172.498
1.6707,0.928571,170.231
1.6707,0.9375,167.355
1.6707,0.946429,166.419
1.6707,0.955357,161.195
1.6707,0.964286,160.167
1.6707,0.973214,157.993
1.6707,0.982143,154.531
1.6707,0.991071,150.407
1.6707,1,147.152
1.6707,1.00893,138.207
1.6707,1.01786,130.664
1.6707,1.02679,125.942
1.6707,1.03571,120.79
1.6707,1.04464,112.524
1.6707,1.05357,111.019
1.6707,1.0625,105.443
1.6707,1.07143,99.166
1.6707,1.08036,94.889
1.6707,1.08929,93.199
1.6707,1.09821,89.139
1.6707,1.10714,88.15
1.6707,1.11607,84.449
1.6707,1.125,84.449
1.6707,1.13393,84.449
1.6707,1.14286,84.449
1.6707,1.15179,83.449
1.6707,1.16071,84.161
1.6707,1.16964,84.645
1.6707,1.17857,84.656
1.6707,1.1875,85.667
1.6707,1.19643,84.928
1.6707,1.20536,86.646
1.6707,1.21429,88.603
1.6707,1.22321,90.006
1.6707,1.23214,91.626
1.6707,1.24107,92.43
1.6707,1.25,90.728
1.6707,1.25893,91.337
1.6707,1.26786,92.577
1.6707,1.27679,93.349
1.6707,1.28571,93.121
1.6707,1.29464,93.192
1.6707,1.30357,93.04
1.6707,1.3125,91.796
1.6707,1.32143,90.541
1.6707,1.33036,89.21
1.6707,1.33929,88.819
1.6707,1.34821,87.14
1.6707,1.35714,85.45
1.6707,1.36607,83.151
1.6707,1.375,91.151
1.6707,1.38393,84.564
1.6707,1.39286,79.173
1.6707,1.40179,78.124
1.6707,1.41071,78.896
1.6707,1.41964,76.896
1.6707,1.42857,74.896
1.6707,1.4375,75.255
1.6707,1.44643,71.853
1.6707,1.45536,71.739
1.6707,1.46429,69.272
1.6707,1.47321,63.751
1.6707,1.48214,64.637
1.6707,1.49107,62.996
1.6707,1.5,62.654
1.6707,1.50893,61.127
1.6707,1.51786,57.899
1.66102,0,76.825
1.66102,0.00892857,58.378
1.66102,0.0178571,55.209
1.66102,0.0267857,56.671
1.66102,0.0357143,57.671
1.66102,0.0446429,57.671
1.66102,0.0535714,57.671
1.66102,0.0625,57.671
1.66102,0.0714286,57.671
1.66102,0.0803571,57.671
1.66102,0.0892857,57.671
1.66102,0.0982143,57.671
1.66102,0.107143,57.671
1.66102,0.116071,57.671
1.66102,0.125,57.671
1.66102,0.133929,57.671
1.66102,0.142857,57.671
1.66102,0.151786,57.671
1.66102,0.160714,57.671
1.66102,0.169643,57.671
1.66102,0.178571,57.671
1.66102,0.1875,57.671
1.66102,0.196429,57.671
1.66102,0.205357,57.671
1.66102,0.214286,57.671
1.66102,0.223214,57.671
1.66102,0.232143,57.443
1.66102,0.241071,57.557
1.66102,0.25,57.198
1.66102,0.258929,57.91
1.66102,0.267857,57.198
1.66102,0.276786,57.443
1.66102,0.285714,55.976
1.66102,0.294643,58.059
1.66102,0.303571,176.116
1.66102,0.3125,180.893
1.66102,0.321429,182.751
1.66102,0.330357,179.033
1.66102,0.339286,177.168
1.66102,0.348214,175.407
1.66102,0.357143,172.94
1.66102,0.366071,170.862
1.66102,0.375,169.161
1.66102,0.383929,168.563
1.66102,0.392857,167.264
1.66102,0.401786,166.894
1.66102,0.410714,166.524
1.66102,0.419643,165.04
1.66102,0.428571,163.567
1.66102,0.4375,163.784
1.66102,0.446429,162.599
1.66102,0.455357,160.887
1.66102,0.464286,161.115
1.66102,0.473214,159.332
1.66102,0.482143,158.56
1.66102,0.491071,158.489
1.66102,0.5,157.777
1.66102,0.508929,157.005
1.66102,0.517857,155.407
1.66102,0.526786,156.994
1.66102,0.535714,154.994
1.66102,0.544643,155.108
1.66102,0.553571,154.51
1.66102,0.5625,154.51
1.66102,0.571429,153.624
1.66102,0.580357,153.553
1.66102,0.589286,153.14
1.66102,0.598214,153.254
1.66102,0.607143,152.243
1.66102,0.616071,151.759
1.66102,0.625,151.759
1.66102,0.633929,151.161
1.66102,0.642857,151.161
1.66102,0.651786,151.873
1.66102,0.660714,150.101
1.66102,0.669643,150.101
1.66102,0.678571,149.101
1.66102,0.6875,150.101
1.66102,0.696429,149.987
1.66102,0.705357,149.759
1.66102,0.714286,149.688
1.66102,0.723214,150.101
1.66102,0.732143,151.286
1.66102,0.741071,151.172
1.66102,0.75,151.286
1.66102,0.758929,153.198
1.66102,0.767857,153.05
1.66102,0.776786,158.891
1.66102,0.785714,158.379
1.66102,0.794643,162.16
1.66102,0.803571,163.457
1.66102,0.8125,164.341
1.66102,0.821429,166.068
1.66102,0.830357,169.012
1.66102,0.839286,170.565
1.66102,0.848214,172.466
1.66102,0.857143,174.666
1.66102,0.866071,174.692
1.66102,0.875,175.849
1.66102,0.883929,176.778
1.66102,0.892857,177.707
1.66102,0.901786,176.679
1.66102,0.910714,175.249
1.66102,0.919643,175.124
1.66102,0.928571,173.341
1.66102,0.9375,172.487
1.66102,0.946429,167.551
1.66102,0.955357,167.213
1.66102,0.964286,164.174
1.66102,0.973214,161.32
1.66102,0.982143,157.064
1.66102,0.991071,155.004
1.66102,1,153.738
1.66102,1.00893,145.853
1.66102,1.01786,143.185
1.66102,1.02679,136.702
1.66102,1.03571,133.045
1.66102,1.04464,120.676
1.66102,1.05357,112.47
1.66102,1.0625,108.182
1.66102,1.07143,108.019
1.66102,1.08036,102.742
1.66102,1.08929,94.476
1.66102,1.09821,93.601
1.66102,1.10714,90.911
1.66102,1.11607,88.851
1.66102,1.125,87.449
1.66102,1.13393,86.449
1.66102,1.14286,84.851
1.66102,1.15179,85.449
1.66102,1.16071,84.449
1.66102,1.16964,84.161
1.66102,1.17857,84.873
1.66102,1.1875,84.884
1.66102,1.19643,85.009
1.66102,1.20536,85.852
1.66102,1.21429,87.82
1.66102,1.22321,89.212
1.66102,1.23214,90.533
1.66102,1.24107,90.473
1.66102,1.25,91.57
1.66102,1.25893,92.94
1.66102,1.26786,93.463
1.66102,1.27679,93.936
1.66102,1.28571,93.11
1.66102,1.29464,92.398
1.66102,1.30357,90.996
1.66102,1.3125,90.556
1.66102,1.32143,92.29
1.66102,1.33036,91.682
1.66102,1.33929,90.188
1.66102,1.34821,89.107
1.66102,1.35714,88.129
1.66102,1.36607,85.841
1.66102,1.375,86.14
1.66102,1.38393,80.852
1.66102,1.39286,80.863
1.66102,1.40179,80.885
1.66102,1.41071,76.184
1.66102,1.41964,75.597
1.66102,1.42857,73.597
1.66102,1.4375,76.255
1.66102,1.44643,73.255
1.66102,1.45536,72.255
1.66102,1.46429,72.614
1.66102,1.47321,68.734
1.66102,1.48214,69.392
1.66102,1.49107,66.637
1.66102,1.5,65.882
1.66102,1.50893,56.654
1.66102,1.51786,61.127
1.65133,0,99.695
1.65133,0.00892857,70.547
1.65133,0.0178571,57.079
1.65133,0.0267857,56.557
1.65133,0.0357143,57.671
1.65133,0.0446429,57.671
1.65133,0.0535714,57.671
1.65133,0.0625,57.671
1.65133,0.0714286,57.671
1.65133,0.0803571,57.671
1.65133,0.0892857,57.671
1.65133,0.0982143,57.671
1.65133,0.107143,57.671
1.65133,0.116071,57.671
1.65133,0.125,57.671
1.65133,0.133929,57.671
1.65133,0.142857,57.671
1.65133,0.151786,57.671
1.65133,0.160714,57.671
1.65133,0.169643,57.671
1.65133,0.178571,57.671
1.65133,0.1875,57.671
1.65133,0.196429,57.671
1.65133,0.205357,57.671
1.65133,0.214286,57.671
1.65133,0.223214,57.671
1.65133,0.232143,57.443
1.65133,0.241071,57.557
1.65133,0.25,57.497
1.65133,0.258929,57.91
1.65133,0.267857,58.269
1.65133,0.276786,57.802
1.65133,0.285714,59.221
1.65133,0.294643,61.609
1.65133,0.303571,184.375
1.65133,0.3125,185.306
1.65133,0.321429,182.85
1.65133,0.330357,180.779
1.65133,0.339286,178.652
1.65133,0.348214,177.25
1.65133,0.357143,174.897
1.65133,0.366071,172.993
1.65133,0.375,171.346
1.65133,0.383929,170.047
1.65133,0.392857,169.15
1.65133,0.401786,167.079
1.65133,0.410714,166.008
1.65133,0.419643,165.638
1.65133,0.428571,165.453
1.65133,0.4375,164.556
1.65133,0.446429,163.67
1.65133,0.455357,161.784
1.65133,0.464286,162.186
1.65133,0.473214,161.229
1.65133,0.482143,159.745
1.65133,0.491071,160.261
1.65133,0.5,159.147
1.65133,0.508929,158.777
1.65133,0.517857,158.179
1.65133,0.526786,158.179
1.65133,0.535714,157.179
1.65133,0.544643,156.706
1.65133,0.553571,155.994
1.65133,0.5625,155.108
1.65133,0.571429,154.108
1.65133,0.580357,153.852
1.65133,0.589286,153.852
1.65133,0.598214,154.727
1.65133,0.607143,152.83
1.65133,0.616071,152.471
1.65133,0.625,151.759
1.65133,0.633929,152.346
1.65133,0.642857,152.232
1.65133,0.651786,151.759
1.65133,0.660714,150.873
1.65133,0.669643,150.101
1.65133,0.678571,149.329
1.65133,0.6875,150.101
1.65133,0.696429,149.987
1.65133,0.705357,149.987
1.65133,0.714286,149.976
1.65133,0.723214,149.688
1.65133,0.732143,150.987
1.65133,0.741071,151.058
1.65133,0.75,150.944
1.65133,0.758929,152.286
1.65133,0.767857,153.198
1.65133,0.776786,157.295
1.65133,0.785714,156.196
1.65133,0.794643,159.564
1.65133,0.803571,161.16
1.65133,0.8125,162.745
1.65133,0.821429,165.515
1.65133,0.830357,166.47
1.65133,0.839286,169.311
1.65133,0.848214,168.625
1.65133,0.857143,170.537
1.65133,0.866071,172.15
1.65133,0.875,175.062
1.65133,0.883929,176.105
1.65133,0.892857,177.148
1.65133,0.901786,176.647
1.65133,0.910714,176.103
1.65133,0.919643,176.668
1.65133,0.928571,174.01
1.65133,0.9375,172.526
1.65133,0.946429,171.601
1.65133,0.955357,168.274
1.65133,0.964286,166.925
1.65133,0.973214,161.761
1.65133,0.982143,162.081
1.65133,0.991071,160.558
1.65133,1,156.395
1.65133,1.00893,151.026
1.65133,1.01786,146.532
1.65133,1.02679,141.462
1.65133,1.03571,130.3
1.65133,1.04464,127.942
1.65133,1.05357,116.861
1.65133,1.0625,116.16
1.65133,1.07143,111.182
1.65133,1.08036,104.731
1.65133,1.08929,98.867
1.65133,1.09821,96.889
1.65133,1.10714,89.9
1.65133,1.11607,89.911
1.65133,1.125,88.449
1.65133,1.13393,86.449
1.65133,1.14286,85.449
1.65133,1.15179,84.449
1.65133,1.16071,83.449
1.65133,1.16964,84.161
1.65133,1.17857,83.873
1.65133,1.1875,83.987
1.65133,1.19643,84.303
1.65133,1.20536,84.379
1.65133,1.21429,85.629
1.65133,1.22321,88.059
1.65133,1.23214,89.304
1.65133,1.24107,90.326
1.65133,1.25,91.658
1.65133,1.25893,92.256
1.65133,1.26786,93.202
1.65133,1.27679,92.637
1.65133,1.28571,92.833
1.65133,1.29464,94.235
1.65133,1.30357,92.327
1.65133,1.3125,88.832
1.65133,1.32143,85.174
1.65133,1.33036,91.078
1.65133,1.33929,92.307
1.65133,1.34821,91.878
1.65133,1.35714,91.096
1.65133,1.36607,86.52
1.65133,1.375,87.129
1.65133,1.38393,86.852
1.65133,1.39286,84.564
1.65133,1.40179,80.173
1.65133,1.41071,76.184
1.65133,1.41964,77.184
1.65133,1.42857,77.184
1.65133,1.4375,78.956
1.65133,1.44643,75.956
1.65133,1.45536,74.255
1.65133,1.46429,73.842
1.65133,1.47321,71.076
1.65133,1.48214,70.848
1.65133,1.49107,66.979
1.65133,1.5,64.224
1.65133,1.50893,60.654
1.65133,1.51786,64.241
1.64165,0,248.543
1.64165,0.00892857,161.346
1.64165,0.0178571,57.954
1.64165,0.0267857,57.318
1.64165,0.0357143,57.671
1.64165,0.0446429,57.671
1.64165,0.0535714,57.671
1.64165,0.0625,57.671
1.64165,0.0714286,57.671
1.64165,0.0803571,57.671
1.64165,0.0892857,57.671
1.64165,0.0982143,57.671
1.64165,0.107143,57.671
1.64165,0.116071,57.671
1.64165,0.125,57.671
1.64165,0.133929,57.671
1.64165,0.142857,57.671
1.64165,0.151786,57.671
1.64165,0.160714,57.671
1.64165,0.169643,57.671
1.64165,0.178571,57.671
1.64165,0.1875,57.671
1.64165,0.196429,57.671
1.64165,0.205357,57.671
1.64165,0.214286,57.671
1.64165,0.223214,57.671
1.64165,0.232143,57.443
1.64165,0.241071,56.97
1.64165,0.25,57.714
1.64165,0.258929,58.155
1.64165,0.267857,56.497
1.64165,0.276786,59.03
1.64165,0.285714,57.705
1.64165,0.294643,89.889
1.64165,0.303571,187.529
1.64165,0.3125,187.274
1.64165,0.321429,184.405
1.64165,0.330357,182.209
1.64165,0.339286,180.196
1.64165,0.348214,178.734
1.64165,0.357143,176.783
1.64165,0.366071,174.548
1.64165,0.375,172.232
1.64165,0.383929,170.645
1.64165,0.392857,170.047
1.64165,0.401786,168.378
1.64165,0.410714,167.894
1.64165,0.419643,166.937
1.64165,0.428571,166.638
1.64165,0.4375,166.04
1.64165,0.446429,166.04
1.64165,0.455357,163.681
1.64165,0.464286,163.67
1.64165,0.473214,162.887
1.64165,0.482143,161.816
1.64165,0.491071,161.517
1.64165,0.5,161.218
1.64165,0.508929,159.734
1.64165,0.517857,158.261
1.64165,0.526786,158.19
1.64165,0.535714,157.478
1.64165,0.544643,157.065
1.64165,0.553571,156.179
1.64165,0.5625,155.706
1.64165,0.571429,155.82
1.64165,0.580357,154.624
1.64165,0.589286,154.738
1.64165,0.598214,154.026
1.64165,0.607143,153.428
1.64165,0.616071,152.656
1.64165,0.625,152.058
1.64165,0.633929,151.471
1.64165,0.642857,151.645
1.64165,0.651786,151.531
1.64165,0.660714,151.759
1.64165,0.669643,151.574
1.64165,0.678571,149.101
1.64165,0.6875,149.802
1.64165,0.696429,149.802
1.64165,0.705357,149.688
1.64165,0.714286,149.976
1.64165,0.723214,150.09
1.64165,0.732143,150.688
1.64165,0.741071,150.873
1.64165,0.75,149.83
1.64165,0.758929,150.645
1.64165,0.767857,151.699
1.64165,0.776786,152.557
1.64165,0.785714,153.882
1.64165,0.794643,157.495
1.64165,0.803571,158.091
1.64165,0.8125,160.274
1.64165,0.821429,163.272
1.64165,0.830357,164.341
1.64165,0.839286,166.997
1.64165,0.848214,167.083
1.64165,0.857143,169.995
1.64165,0.866071,171.494
1.64165,0.875,172.634
1.64165,0.883929,175.247
1.64165,0.892857,176.105
1.64165,0.901786,177.017
1.64165,0.910714,176.946
1.64165,0.919643,175.152
1.64165,0.928571,177.38
1.64165,0.9375,174.309
1.64165,0.946429,173.939
1.64165,0.955357,171.014
1.64165,0.964286,170.551
1.64165,0.973214,169.985
1.64165,0.982143,163.462
1.64165,0.991071,160.629
1.64165,1,157.341
1.64165,1.00893,157.053
1.64165,1.01786,151.189
1.64165,1.02679,146.82
1.64165,1.03571,141.245
1.64165,1.04464,134.371
1.64165,1.05357,127.116
1.64165,1.0625,125.252
1.64165,1.07143,120.986
1.64165,1.08036,108.481
1.64165,1.08929,105.443
1.64165,1.09821,103.454
1.64165,1.10714,100.177
1.64165,1.11607,95.487
1.64165,1.125,89.737
1.64165,1.13393,88.449
1.64165,1.14286,86.449
1.64165,1.15179,85.449
1.64165,1.16071,83.449
1.64165,1.16964,83.161
1.64165,1.17857,83.389
1.64165,1.1875,83.976
1.64165,1.19643,84.118
1.64165,1.20536,84.183
1.64165,1.21429,84.835
1.64165,1.22321,86.422
1.64165,1.23214,85.738
1.64165,1.24107,88.076
1.64165,1.25,88.767
1.64165,1.25893,89.593
1.64165,1.26786,90.81
1.64165,1.27679,91.028
1.64165,1.28571,91.947
1.64165,1.29464,92.235
1.64165,1.30357,93.327
1.64165,1.3125,93.821
1.64165,1.32143,89.44
1.64165,1.33036,87.892
1.64165,1.33929,90.708
1.64165,1.34821,92.948
1.64165,1.35714,91.362
1.64165,1.36607,89.281
1.64165,1.375,87.004
1.64165,1.38393,85.428
1.64165,1.39286,89.553
1.64165,1.40179,85.14
1.64165,1.41071,81.162
1.64165,1.41964,82.483
1.64165,1.42857,79.059
1.64165,1.4375,77.934
1.64165,1.44643,75.668
1.64165,1.45536,73.38
1.64165,1.46429,71.956
1.64165,1.47321,73.016
1.64165,1.48214,73.261
1.64165,1.49107,67.506
1.64165,1.5,64.05
1.64165,1.50893,62.295
1.64165,1.51786,58.654
1.63196,0,151.205
1.63196,0.00892857,103.943
1.63196,0.0178571,57.677
1.63196,0.0267857,56.731
1.63196,0.0357143,57.671
1.63196,0.0446429,57.671
1.63196,0.0535714,57.671
1.63196,0.0625,57.671
1.63196,0.0714286,57.671
1.63196,0.0803571,57.671
1.63196,0.0892857,57.671
1.63196,0.0982143,57.671
1.63196,0.107143,57.671
1.63196,0.116071,57.671
1.63196,0.125,57.671
1.63196,0.133929,57.671
1.63196,0.142857,57.671
1.63196,0.151786,57.671
1.63196,0.160714,57.671
1.63196,0.169643,57.671
1.63196,0.178571,57.671
1.63196,0.1875,57.671
1.63196,0.196429,57.671
1.63196,0.205357,57.671
1.63196,0.214286,57.671
1.63196,0.223214,57.671
1.63196,0.232143,57.742
1.63196,0.241071,58.024
1.63196,0.25,57.518
1.63196,0.258929,58.286
1.63196,0.267857,57.301
1.63196,0.276786,56.002
1.63196,0.285714,56.901
1.63196,0.294643,117.503
1.63196,0.303571,188.763
1.63196,0.3125,186.601
1.63196,0.321429,184.932
1.63196,0.330357,183.263
1.63196,0.339286,180.637
1.63196,0.348214,180.267
1.63196,0.357143,177.125
1.63196,0.366071,174.157
1.63196,0.375,173.787
1.63196,0.383929,172.602
1.63196,0.392857,171.346
1.63196,0.401786,168.862
1.63196,0.410714,168.193
1.63196,0.419643,167.122
1.63196,0.428571,166.638
1.63196,0.4375,166.638
1.63196,0.446429,166.638
1.63196,0.455357,166.04
1.63196,0.464286,164.556
1.63196,0.473214,162.485
1.63196,0.482143,162.773
1.63196,0.491071,161.887
1.63196,0.5,160.99
1.63196,0.508929,160.745
1.63196,0.517857,158.745
1.63196,0.526786,159.033
1.63196,0.535714,159.147
1.63196,0.544643,158.663
1.63196,0.553571,158.663
1.63196,0.5625,157.364
1.63196,0.571429,157.179
1.63196,0.580357,155.521
1.63196,0.589286,155.521
1.63196,0.598214,155.222
1.63196,0.607143,153.624
1.63196,0.616071,153.439
1.63196,0.625,153.553
1.63196,0.633929,153.254
1.63196,0.642857,152.542
1.63196,0.651786,152.83
1.63196,0.660714,151.944
1.63196,0.669643,151.759
1.63196,0.678571,149.873
1.63196,0.6875,149.976
1.63196,0.696429,150.09
1.63196,0.705357,150.09
1.63196,0.714286,150.09
1.63196,0.723214,150.09
1.63196,0.732143,151.09
1.63196,0.741071,151.09
1.63196,0.75,150.987
1.63196,0.758929,150.987
1.63196,0.767857,150.987
1.63196,0.776786,151.987
1.63196,0.785714,153.497
1.63196,0.794643,154.48
1.63196,0.803571,157.207
1.63196,0.8125,158.39
1.63196,0.821429,160.502
1.63196,0.830357,161.913
1.63196,0.839286,163.868
1.63196,0.848214,165.954
1.63196,0.857143,168.638
1.63196,0.866071,168.952
1.63196,0.875,172.021
1.63196,0.883929,173.389
1.63196,0.892857,175.404
1.63196,0.901786,177.262
1.63196,0.910714,177.12
1.63196,0.919643,177.821
1.63196,0.928571,177.049
1.63196,0.9375,175.462
1.63196,0.946429,174.38
1.63196,0.955357,173.455
1.63196,0.964286,171.003
1.63196,0.973214,168.551
1.63196,0.982143,167.398
1.63196,0.991071,167.06
1.63196,1,164.206
1.63196,1.00893,160.526
1.63196,1.01786,156.167
1.63196,1.02679,154.602
1.63196,1.03571,148.418
1.63196,1.04464,144.707
1.63196,1.05357,137.865
1.63196,1.0625,131.034
1.63196,1.07143,125.48
1.63196,1.08036,118.801
1.63196,1.08929,111.997
1.63196,1.09821,108.193
1.63196,1.10714,106.617
1.63196,1.11607,95.525
1.63196,1.125,94.188
1.63196,1.13393,90.498
1.63196,1.14286,87.438
1.63196,1.15179,88.161
1.63196,1.16071,86.161
1.63196,1.16964,84.449
1.63196,1.17857,83.965
1.63196,1.1875,83.78
1.63196,1.19643,83.791
1.63196,1.20536,83.802
1.63196,1.21429,84.688
1.63196,1.22321,84.77
1.63196,1.23214,85.966
1.63196,1.24107,85.863
1.63196,1.25,87.76
1.63196,1.25893,88.956
1.63196,1.26786,90.152
1.63196,1.27679,92.234
1.63196,1.28571,93.387
1.63196,1.29464,92.398
1.63196,1.30357,89.213
1.63196,1.3125,88.441
1.63196,1.32143,93.06
1.63196,1.33036,91.152
1.63196,1.33929,89.37
1.63196,1.34821,92.567
1.63196,1.35714,92.28
1.63196,1.36607,90.156
1.63196,1.375,90.167
1.63196,1.38393,88.178
1.63196,1.39286,87.705
1.63196,1.40179,87.395
1.63196,1.41071,84.151
1.63196,1.41964,82.184
1.63196,1.42857,81.874
1.63196,1.4375,75.874
1.63196,1.44643,74.608
1.63196,1.45536,73.907
1.63196,1.46429,74.483
1.63196,1.47321,73.141
1.63196,1.48214,71.386
1.63196,1.49107,70.104
1.63196,1.5,69.349
1.63196,1.50893,66.007
1.63196,1.51786,66.067
1.62228,0,74.868
1.62228,0.00892857,58.606
1.62228,0.0178571,55.568
1.62228,0.0267857,57.557
1.62228,0.0357143,57.671
1.62228,0.0446429,57.671
1.62228,0.0535714,57.671
1.62228,0.0625,57.671
1.62228,0.0714286,57.671
1.62228,0.0803571,57.671
1.62228,0.0892857,57.671
1.62228,0.0982143,57.671
1.62228,0.107143,57.671
1.62228,0.116071,57.671
1.62228,0.125,57.671
1.62228,0.133929,57.671
1.62228,0.142857,57.671
1.62228,0.151786,57.671
1.62228,0.160714,57.671
1.62228,0.169643,57.671
1.62228,0.178571,57.671
1.62228,0.1875,57.671
1.62228,0.196429,57.671
1.62228,0.205357,57.671
1.62228,0.214286,57.671
1.62228,0.223214,57.671
1.62228,0.232143,57.443
1.62228,0.241071,57.725
1.62228,0.25,57.475
1.62228,0.258929,57.101
1.62228,0.267857,56.899
1.62228,0.276786,58.714
1.62228,0.285714,56.178
1.62228,0.294643,143.973
1.62228,0.303571,187.524
1.62228,0.3125,186.117
1.62228,0.321429,184.16
1.62228,0.330357,182.605
1.62228,0.339286,179.751
1.62228,0.348214,178.794
1.62228,0.357143,176.826
1.62228,0.366071,174.157
1.62228,0.375,173.787
1.62228,0.383929,173.075
1.62228,0.392857,171.118
1.62228,0.401786,169.748
1.62228,0.410714,169.378
1.62228,0.419643,167.421
1.62228,0.428571,167.535
1.62228,0.4375,166.638
1.62228,0.446429,166.638
1.62228,0.455357,166.638
1.62228,0.464286,166.04
1.62228,0.473214,163.67
1.62228,0.482143,163.371
1.62228,0.491071,162.773
1.62228,0.5,162.001
1.62228,0.508929,161.93
1.62228,0.517857,160.631
1.62228,0.526786,159.745
1.62228,0.535714,160.033
1.62228,0.544643,159.147
1.62228,0.553571,158.549
1.62228,0.5625,157.663
1.62228,0.571429,157.663
1.62228,0.580357,155.706
1.62228,0.589286,155.706
1.62228,0.598214,156.108
1.62228,0.607143,154.222
1.62228,0.616071,153.624
1.62228,0.625,153.439
1.62228,0.633929,153.553
1.62228,0.642857,153.428
1.62228,0.651786,152.83
1.62228,0.660714,151.944
1.62228,0.669643,151.759
1.62228,0.678571,150.873
1.62228,0.6875,149.976
1.62228,0.696429,150.09
1.62228,0.705357,150.09
1.62228,0.714286,150.09
1.62228,0.723214,150.09
1.62228,0.732143,151.09
1.62228,0.741071,151.09
1.62228,0.75,150.987
1.62228,0.758929,150.987
1.62228,0.767857,150.987
1.62228,0.776786,151.987
1.62228,0.785714,152.813
1.62228,0.794643,153.796
1.62228,0.803571,155.882
1.62228,0.8125,157.478
1.62228,0.821429,158.775
1.62228,0.830357,161.773
1.62228,0.839286,163.614
1.62228,0.848214,163.629
1.62228,0.857143,167.068
1.62228,0.866071,167.382
1.62228,0.875,169.451
1.62228,0.883929,172.221
1.62228,0.892857,173.546
1.62228,0.901786,175.333
1.62228,0.910714,175.849
1.62228,0.919643,177.593
1.62228,0.928571,176.707
1.62228,0.9375,176.821
1.62228,0.946429,175.451
1.62228,0.955357,175.896
1.62228,0.964286,173.629
1.62228,0.973214,172.063
1.62228,0.982143,171.508
1.62228,0.991071,166.914
1.62228,1,168.946
1.62228,1.00893,161.195
1.62228,1.01786,159.754
1.62228,1.02679,155.406
1.62228,1.03571,151.439
1.62228,1.04464,146.945
1.62228,1.05357,141.163
1.62228,1.0625,140.68
1.62228,1.07143,129.311
1.62228,1.08036,122.768
1.62228,1.08929,117.388
1.62228,1.09821,111.883
1.62228,1.10714,110.307
1.62228,1.11607,104.802
1.62228,1.125,97.465
1.62228,1.13393,92.188
1.62228,1.14286,87.612
1.62228,1.15179,87.563
1.62228,1.16071,86.161
1.62228,1.16964,85.161
1.62228,1.17857,84.15
1.62228,1.1875,83.264
1.62228,1.19643,84.09
1.62228,1.20536,83.802
1.62228,1.21429,85.161
1.62228,1.22321,84.172
1.62228,1.23214,84.955
1.62228,1.24107,87.151
1.62228,1.25,87.461
1.62228,1.25893,87.07
1.62228,1.26786,89.152
1.62228,1.27679,91.821
1.62228,1.28571,92.604
1.62228,1.29464,92.789
1.62228,1.30357,91.604
1.62228,1.3125,86.109
1.62228,1.32143,85.326
1.62228,1.33036,90.141
1.62228,1.33929,92.946
1.62228,1.34821,93.257
1.62228,1.35714,91.97
1.62228,1.36607,91.134
1.62228,1.375,89.857
1.62228,1.38393,88.395
1.62228,1.39286,86.819
1.62228,1.40179,84.553
1.62228,1.41071,87.151
1.62228,1.41964,87.509
1.62228,1.42857,86.797
1.62228,1.4375,78.863
1.62228,1.44643,77.472
1.62228,1.45536,75.771
1.62228,1.46429,74.608
1.62228,1.47321,73.255
1.62228,1.48214,70.027
1.62228,1.49107,70.446
1.62228,1.5,67.99
1.62228,1.50893,64.235
1.62228,1.51786,64.594
1.61259,0,74.531
1.61259,0.00892857,54.97
1.61259,0.0178571,57.508
1.61259,0.0267857,57.269
1.61259,0.0357143,57.671
1.61259,0.0446429,57.671
1.61259,0.0535714,57.671
1.61259,0.0625,57.671
1.61259,0.0714286,57.671
1.61259,0.0803571,57.671
1.61259,0.0892857,57.671
1.61259,0.0982143,57.671
1.61259,0.107143,57.671
1.61259,0.116071,57.671
1.61259,0.125,57.671
1.61259,0.133929,57.671
1.61259,0.142857,57.671
1.61259,0.151786,57.671
1.61259,0.160714,57.671
1.61259,0.169643,57.671
1.61259,0.178571,57.671
1.61259,0.1875,57.671
1.61259,0.196429,57.671
1.61259,0.205357,57.671
1.61259,0.214286,57.671
1.61259,0.223214,57.671
1.61259,0.232143,57.731
1.61259,0.241071,57.839
1.61259,0.25,57.03
1.61259,0.258929,57.215
1.61259,0.267857,57.084
1.61259,0.276786,58.013
1.61259,0.285714,59.749
1.61259,0.294643,176.791
1.61259,0.303571,184.812
1.61259,0.3125,183.861
1.61259,0.321429,181.79
1.61259,0.330357,180.936
1.61259,0.339286,178.566
1.61259,0.348214,177.011
1.61259,0.357143,175.228
1.61259,0.366071,173.271
1.61259,0.375,172.787
1.61259,0.383929,171.303
1.61259,0.392857,169.819
1.61259,0.401786,168.748
1.61259,0.410714,168.378
1.61259,0.419643,166.72
1.61259,0.428571,166.535
1.61259,0.4375,167.122
1.61259,0.446429,167.236
1.61259,0.455357,165.752
1.61259,0.464286,164.567
1.61259,0.473214,163.567
1.61259,0.482143,162.784
1.61259,0.491071,162.485
1.61259,0.5,161.713
1.61259,0.508929,161.229
1.61259,0.517857,160.229
1.61259,0.526786,160.044
1.61259,0.535714,160.745
1.61259,0.544643,160.033
1.61259,0.553571,159.033
1.61259,0.5625,157.549
1.61259,0.571429,158.549
1.61259,0.580357,156.592
1.61259,0.589286,156.592
1.61259,0.598214,156.293
1.61259,0.607143,155.521
1.61259,0.616071,154.923
1.61259,0.625,153.624
1.61259,0.633929,153.738
1.61259,0.642857,154.026
1.61259,0.651786,153.83
1.61259,0.660714,152.944
1.61259,0.669643,152.759
1.61259,0.678571,151.873
1.61259,0.6875,150.389
1.61259,0.696429,150.09
1.61259,0.705357,150.09
1.61259,0.714286,150.09
1.61259,0.723214,150.09
1.61259,0.732143,151.09
1.61259,0.741071,151.09
1.61259,0.75,150.987
1.61259,0.758929,149.987
1.61259,0.767857,150.987
1.61259,0.776786,151.987
1.61259,0.785714,153.645
1.61259,0.794643,153.4
1.61259,0.803571,154.426
1.61259,0.8125,156.267
1.61259,0.821429,158.45
1.61259,0.830357,159.932
1.61259,0.839286,161.36
1.61259,0.848214,164.016
1.61259,0.857143,163.743
1.61259,0.866071,166.883
1.61259,0.875,167.653
1.61259,0.883929,170.608
1.61259,0.892857,172.563
1.61259,0.901786,175.763
1.61259,0.910714,176.692
1.61259,0.919643,177.365
1.61259,0.928571,177.593
1.61259,0.9375,176.707
1.61259,0.946429,176.935
1.61259,0.955357,173.266
1.61259,0.964286,173.711
1.61259,0.973214,172.917
1.61259,0.982143,171.661
1.61259,0.991071,168.665
1.61259,1,164.398
1.61259,1.00893,163.163
1.61259,1.01786,163.423
1.61259,1.02679,161.281
1.61259,1.03571,156.531
1.61259,1.04464,151.955
1.61259,1.05357,148.45
1.61259,1.0625,146.554
1.61259,1.07143,134.495
1.61259,1.08036,129.436
1.61259,1.08929,126.366
1.61259,1.09821,118.274
1.61259,1.10714,107.883
1.61259,1.11607,106.492
1.61259,1.125,101.155
1.61259,1.13393,97.878
1.61259,1.14286,92.188
1.61259,1.15179,90.324
1.61259,1.16071,87.748
1.61259,1.16964,86.161
1.61259,1.17857,84.748
1.61259,1.1875,83.449
1.61259,1.19643,83.976
1.61259,1.20536,83.389
1.61259,1.21429,85.161
1.61259,1.22321,83.873
1.61259,1.23214,85.243
1.61259,1.24107,85.966
1.61259,1.25,85.977
1.61259,1.25893,87.059
1.61259,1.26786,88.255
1.61259,1.27679,90.038
1.61259,1.28571,90.821
1.61259,1.29464,91.305
1.61259,1.30357,92.593
1.61259,1.3125,92.397
1.61259,1.32143,87.027
1.61259,1.33036,84.728
1.61259,1.33929,90.533
1.61259,1.34821,94.246
1.61259,1.35714,92.062
1.61259,1.36607,91.927
1.61259,1.375,90.362
1.61259,1.38393,90.085
1.61259,1.39286,89.922
1.61259,1.40179,89.428
1.61259,1.41071,87.14
1.61259,1.41964,87.052
1.61259,1.42857,87.366
1.61259,1.4375,103.584
1.61259,1.44643,78.417
1.61259,1.45536,74.608
1.61259,1.46429,74.309
1.61259,1.47321,74.369
1.61259,1.48214,74.141
1.61259,1.49107,71.386
1.61259,1.5,67.218
1.61259,1.50893,68.762
1.61259,1.51786,63.235
1.60291,0,75.471
1.60291,0.00892857,56.323
1.60291,0.0178571,56.85
1.60291,0.0267857,57.671
1.60291,0.0357143,57.671
1.60291,0.0446429,57.671
1.60291,0.0535714,57.671
1.60291,0.0625,57.671
1.60291,0.0714286,57.671
1.60291,0.0803571,57.671
1.60291,0.0892857,57.671
1.60291,0.0982143,57.671
1.60291,0.107143,57.671
1.60291,0.116071,57.671
1.60291,0.125,57.671
1.60291,0.133929,57.671
1.60291,0.142857,57.671
1.60291,0.151786,57.671
1.60291,0.160714,57.671
1.60291,0.169643,57.671
1.60291,0.178571,57.671
1.60291,0.1875,57.671
1.60291,0.196429,57.671
1.60291,0.205357,57.671
1.60291,0.214286,57.671
1.60291,0.223214,57.671
1.60291,0.232143,57.133
1.60291,0.241071,57.241
1.60291,0.25,57.699
1.60291,0.258929,57.144
1.60291,0.267857,54.97
1.60291,0.276786,59.084
1.60291,0.285714,71.169
1.60291,0.294643,183.695
1.60291,0.303571,182.605
1.60291,0.3125,180.822
1.60291,0.321429,179.452
1.60291,0.330357,177.794
1.60291,0.339286,175.826
1.60291,0.348214,174.456
1.60291,0.357143,173.673
1.60291,0.366071,172.488
1.60291,0.375,170.819
1.60291,0.383929,169.346
1.60291,0.392857,167.449
1.60291,0.401786,166.677
1.60291,0.410714,167.492
1.60291,0.419643,166.421
1.60291,0.428571,167.122
1.60291,0.4375,166.638
1.60291,0.446429,166.752
1.60291,0.455357,164.567
1.60291,0.464286,163.681
1.60291,0.473214,163.311
1.60291,0.482143,161.898
1.60291,0.491071,161.827
1.60291,0.5,161.827
1.60291,0.508929,161.229
1.60291,0.517857,161.229
1.60291,0.526786,160.631
1.60291,0.535714,158.745
1.60291,0.544643,159.033
1.60291,0.553571,159.033
1.60291,0.5625,157.549
1.60291,0.571429,157.663
1.60291,0.580357,156.891
1.60291,0.589286,156.592
1.60291,0.598214,156.592
1.60291,0.607143,155.521
1.60291,0.616071,155.108
1.60291,0.625,153.923
1.60291,0.633929,153.624
1.60291,0.642857,154.026
1.60291,0.651786,154.129
1.60291,0.660714,152.357
1.60291,0.669643,152.471
1.60291,0.678571,151.873
1.60291,0.6875,150.987
1.60291,0.696429,150.802
1.60291,0.705357,150.09
1.60291,0.714286,150.09
1.60291,0.723214,150.09
1.60291,0.732143,150.09
1.60291,0.741071,150.09
1.60291,0.75,149.987
1.60291,0.758929,149.987
1.60291,0.767857,150.987
1.60291,0.776786,150.987
1.60291,0.785714,152.232
1.60291,0.794643,150.987
1.60291,0.803571,152.97
1.60291,0.8125,155.523
1.60291,0.821429,157.179
1.60291,0.830357,159.134
1.60291,0.839286,160.861
1.60291,0.848214,161.631
1.60291,0.857143,162.945
1.60291,0.866071,165.672
1.60291,0.875,167.627
1.60291,0.883929,170.408
1.60291,0.892857,171.651
1.60291,0.901786,173.264
1.60291,0.910714,176.122
1.60291,0.919643,176.148
1.60291,0.928571,175.892
1.60291,0.9375,178.006
1.60291,0.946429,176.348
1.60291,0.955357,175.092
1.60291,0.964286,175.722
1.60291,0.973214,174.825
1.60291,0.982143,172.569
1.60291,0.991071,170.53
1.60291,1,167.85
1.60291,1.00893,166.8
1.60291,1.01786,163.391
1.60291,1.02679,161.352
1.60291,1.03571,158.509
1.60291,1.04464,155.922
1.60291,1.05357,152.705
1.60291,1.0625,147.923
1.60291,1.07143,147.978
1.60291,1.08036,138.93
1.60291,1.08929,128.746
1.60291,1.09821,128.551
1.60291,1.10714,119.459
1.60291,1.11607,110.894
1.60291,1.125,104.318
1.60291,1.13393,103.155
1.60291,1.14286,97.878
1.60291,1.15179,92.601
1.60291,1.16071,90.623
1.60291,1.16964,87.449
1.60291,1.17857,86.161
1.60291,1.1875,84.161
1.60291,1.19643,84.449
1.60291,1.20536,84.449
1.60291,1.21429,84.449
1.60291,1.22321,84.161
1.60291,1.23214,84.645
1.60291,1.24107,84.955
1.60291,1.25,85.966
1.60291,1.25893,85.678
1.60291,1.26786,86.646
1.60291,1.27679,87.728
1.60291,1.28571,89.924
1.60291,1.29464,91.348
1.60291,1.30357,92.245
1.60291,1.3125,92.832
1.60291,1.32143,92.06
1.60291,1.33036,88.511
1.60291,1.33929,88.12
1.60291,1.34821,94.523
1.60291,1.35714,92.627
1.60291,1.36607,91.948
1.60291,1.375,92.557
1.60291,1.38393,91.878
1.60291,1.39286,89.128
1.60291,1.40179,88.808
1.60291,1.41071,87.808
1.60291,1.41964,85.509
1.60291,1.42857,87.617
1.60291,1.4375,119.41
1.60291,1.44643,82.096
1.60291,1.45536,77.896
1.60291,1.46429,78.309
1.60291,1.47321,76.782
1.60291,1.48214,73.255
1.60291,1.49107,71.913
1.60291,1.5,73.859
1.60291,1.50893,70.104
1.60291,1.51786,66.876
1.59322,0,75.77
1.59322,0.00892857,57.323
1.59322,0.0178571,57.013
1.59322,0.0267857,57.073
1.59322,0.0357143,57.671
1.59322,0.0446429,57.671
1.59322,0.0535714,57.671
1.59322,0.0625,57.671
1.59322,0.0714286,57.671
1.59322,0.0803571,57.671
1.59322,0.0892857,57.671
1.59322,0.0982143,57.671
1.59322,0.107143,57.671
1.59322,0.116071,57.671
1.59322,0.125,57.671
1.59322,0.133929,57.671
1.59322,0.142857,57.671
1.59322,0.151786,57.671
1.59322,0.160714,57.671
1.59322,0.169643,57.671
1.59322,0.178571,57.671
1.59322,0.1875,57.671
1.59322,0.196429,57.671
1.59322,0.205357,57.671
1.59322,0.214286,57.671
1.59322,0.223214,57.671
1.59322,0.232143,57.133
1.59322,0.241071,57.241
1.59322,0.25,56.525
1.59322,0.258929,57.361
1.59322,0.267857,57.97
1.59322,0.276786,56.389
1.59322,0.285714,89.014
1.59322,0.294643,181.081
1.59322,0.303571,178.082
1.59322,0.3125,177.125
1.59322,0.321429,174.755
1.59322,0.330357,174.271
1.59322,0.339286,172.488
1.59322,0.348214,171.118
1.59322,0.357143,171.346
1.59322,0.366071,169.449
1.59322,0.375,168.264
1.59322,0.383929,167.851
1.59322,0.392857,167.78
1.59322,0.401786,167.307
1.59322,0.410714,166.937
1.59322,0.419643,166.453
1.59322,0.428571,165.567
1.59322,0.4375,164.083
1.59322,0.446429,164.083
1.59322,0.455357,162.898
1.59322,0.464286,162.898
1.59322,0.473214,162.528
1.59322,0.482143,161.528
1.59322,0.491071,161.642
1.59322,0.5,161.229
1.59322,0.508929,160.93
1.59322,0.517857,159.745
1.59322,0.526786,159.446
1.59322,0.535714,159.147
1.59322,0.544643,158.549
1.59322,0.553571,157.848
1.59322,0.5625,157.663
1.59322,0.571429,157.478
1.59322,0.580357,156.592
1.59322,0.589286,156.592
1.59322,0.598214,156.293
1.59322,0.607143,155.521
1.59322,0.616071,154.923
1.59322,0.625,153.624
1.59322,0.633929,153.738
1.59322,0.642857,154.026
1.59322,0.651786,154.129
1.59322,0.660714,152.656
1.59322,0.669643,152.471
1.59322,0.678571,151.873
1.59322,0.6875,150.987
1.59322,0.696429,151.101
1.59322,0.705357,150.802
1.59322,0.714286,150.09
1.59322,0.723214,150.09
1.59322,0.732143,150.09
1.59322,0.741071,150.09
1.59322,0.75,150.987
1.59322,0.758929,150.987
1.59322,0.767857,150.987
1.59322,0.776786,150.987
1.59322,0.785714,151.873
1.59322,0.794643,152.101
1.59322,0.803571,153.97
1.59322,0.8125,156.295
1.59322,0.821429,157.136
1.59322,0.830357,159.977
1.59322,0.839286,160.003
1.59322,0.848214,161.431
1.59322,0.857143,164.087
1.59322,0.866071,163.287
1.59322,0.875,166.541
1.59322,0.883929,168.61
1.59322,0.892857,170.853
1.59322,0.901786,170.879
1.59322,0.910714,173.15
1.59322,0.919643,175.692
1.59322,0.928571,175.735
1.59322,0.9375,177.604
1.59322,0.946429,175.761
1.59322,0.955357,175.804
1.59322,0.964286,176.434
1.59322,0.973214,175.249
1.59322,0.982143,174.651
1.59322,0.991071,172.683
1.59322,1,170.416
1.59322,1.00893,169.654
1.59322,1.01786,167.729
1.59322,1.02679,162.092
1.59322,1.03571,158.939
1.59322,1.04464,158.683
1.59322,1.05357,157.395
1.59322,1.0625,154.015
1.59322,1.07143,149.657
1.59322,1.08036,141.598
1.59322,1.08929,138.001
1.59322,1.09821,132.333
1.59322,1.10714,125.85
1.59322,1.11607,110.47
1.59322,1.125,109.307
1.59322,1.13393,103.432
1.59322,1.14286,100.329
1.59322,1.15179,96.878
1.59322,1.16071,94.601
1.59322,1.16964,90.025
1.59322,1.17857,87.634
1.59322,1.1875,84.862
1.59322,1.19643,85.449
1.59322,1.20536,84.449
1.59322,1.21429,84.449
1.59322,1.22321,83.862
1.59322,1.23214,84.46
1.59322,1.24107,84.172
1.59322,1.25,85.069
1.59322,1.25893,85.368
1.59322,1.26786,86.265
1.59322,1.27679,86.461
1.59322,1.28571,88.842
1.59322,1.29464,90.761
1.59322,1.30357,91.658
1.59322,1.3125,92.555
1.59322,1.32143,93.267
1.59322,1.33036,94.12
1.59322,1.33929,91.832
1.59322,1.34821,90.224
1.59322,1.35714,93.018
1.59322,1.36607,92.741
1.59322,1.375,93.35
1.59322,1.38393,91.97
1.59322,1.39286,90.992
1.59322,1.40179,89.373
1.59322,1.41071,89.096
1.59322,1.41964,89.797
1.59322,1.42857,90.373
1.59322,1.4375,86.509
1.59322,1.44643,84.83
1.59322,1.45536,83.564
1.59322,1.46429,78.287
1.59322,1.47321,76.195
1.59322,1.48214,74.195
1.59322,1.49107,73.141
1.59322,1.5,70.913
1.59322,1.50893,72.158
1.59322,1.51786,69.104
1.58354,0,75.482
1.58354,0.00892857,57.796
1.58354,0.0178571,57.66
1.58354,0.0267857,57.546
1.58354,0.0357143,57.671
1.58354,0.0446429,57.671
1.58354,0.0535714,57.671
1.58354,0.0625,57.671
1.58354,0.0714286,57.671
1.58354,0.0803571,57.671
1.58354,0.0892857,57.671
1.58354,0.0982143,57.671
1.58354,0.107143,57.671
1.58354,0.116071,57.671
1.58354,0.125,57.671
1.58354,0.133929,57.671
1.58354,0.142857,57.671
1.58354,0.151786,57.671
1.58354,0.160714,57.671
1.58354,0.169643,57.671
1.58354,0.178571,57.671
1.58354,0.1875,57.671
1.58354,0.196429,57.671
1.58354,0.205357,57.671
1.58354,0.214286,57.671
1.58354,0.223214,57.671
1.58354,0.232143,56.834
1.58354,0.241071,57.714
1.58354,0.25,57.351
1.58354,0.258929,57.877
1.58354,0.267857,55.557
1.58354,0.276786,59.982
1.58354,0.285714,102.044
1.58354,0.294643,172.02
1.58354,0.303571,173.374
1.58354,0.3125,172.417
1.58354,0.321429,171.232
1.58354,0.330357,170.335
1.58354,0.339286,169.563
1.58354,0.348214,169.079
1.58354,0.357143,168.122
1.58354,0.366071,166.41
1.58354,0.375,166.225
1.58354,0.383929,165.926
1.58354,0.392857,166.04
1.58354,0.401786,165.442
1.58354,0.410714,165.083
1.58354,0.419643,164.012
1.58354,0.428571,163.827
1.58354,0.4375,161.887
1.58354,0.446429,161.588
1.58354,0.455357,161.816
1.58354,0.464286,161.816
1.58354,0.473214,160.745
1.58354,0.482143,160.446
1.58354,0.491071,160.56
1.58354,0.5,159.446
1.58354,0.508929,159.147
1.58354,0.517857,158.56
1.58354,0.526786,159.147
1.58354,0.535714,157.777
1.58354,0.544643,157.777
1.58354,0.553571,157.478
1.58354,0.5625,157.065
1.58354,0.571429,156.88
1.58354,0.580357,156.706
1.58354,0.589286,156.293
1.58354,0.598214,155.521
1.58354,0.607143,155.809
1.58354,0.616071,154.624
1.58354,0.625,153.439
1.58354,0.633929,153.553
1.58354,0.642857,154.14
1.58354,0.651786,153.542
1.58354,0.660714,152.656
1.58354,0.669643,152.471
1.58354,0.678571,152.172
1.58354,0.6875,150.987
1.58354,0.696429,151.101
1.58354,0.705357,151.101
1.58354,0.714286,150.09
1.58354,0.723214,150.09
1.58354,0.732143,150.09
1.58354,0.741071,150.09
1.58354,0.75,150.987
1.58354,0.758929,150.987
1.58354,0.767857,150.987
1.58354,0.776786,150.987
1.58354,0.785714,151.759
1.58354,0.794643,151.4
1.58354,0.803571,153.041
1.58354,0.8125,154.252
1.58354,0.821429,155.979
1.58354,0.830357,158.119
1.58354,0.839286,158.618
1.58354,0.848214,159.502
1.58354,0.857143,163.272
1.58354,0.866071,163.358
1.58354,0.875,166.384
1.58354,0.883929,165.04
1.58354,0.892857,167.995
1.58354,0.901786,169.896
1.58354,0.910714,170.993
1.58354,0.919643,174.421
1.58354,0.928571,175.692
1.58354,0.9375,177.148
1.58354,0.946429,177.305
1.58354,0.955357,176.049
1.58354,0.964286,176.206
1.58354,0.973214,175.32
1.58354,0.982143,174.722
1.58354,0.991071,173.754
1.58354,1,173.786
1.58354,1.00893,171.633
1.58354,1.01786,169.181
1.58354,1.02679,162.832
1.58354,1.03571,160.679
1.58354,1.04464,160.526
1.58354,1.05357,154.569
1.58354,1.0625,155.406
1.58354,1.07143,149.738
1.58354,1.08036,147.842
1.58354,1.08929,141.245
1.58354,1.09821,133.99
1.58354,1.10714,124.817
1.58354,1.11607,117.16
1.58354,1.125,114.883
1.58354,1.13393,108.894
1.58354,1.14286,107.606
1.58354,1.15179,100.454
1.58354,1.16071,97.878
1.58354,1.16964,93.188
1.58354,1.17857,87.911
1.58354,1.1875,86.623
1.58354,1.19643,86.335
1.58354,1.20536,85.449
1.58354,1.21429,84.449
1.58354,1.22321,83.851
1.58354,1.23214,83.862
1.58354,1.24107,83.574
1.58354,1.25,84.172
1.58354,1.25893,85.656
1.58354,1.26786,86.368
1.58354,1.27679,87.45
1.58354,1.28571,88.358
1.58354,1.29464,89.152
1.58354,1.30357,90.761
1.58354,1.3125,90.957
1.58354,1.32143,92.555
1.58354,1.33036,91.544
1.58354,1.33929,95.028
1.58354,1.34821,91.224
1.58354,1.35714,93.121
1.58354,1.36607,94.018
1.58354,1.375,93.328
1.58354,1.38393,93.247
1.58354,1.39286,93.269
1.58354,1.40179,90.041
1.58354,1.41071,87.797
1.58354,1.41964,91.318
1.58354,1.42857,91.975
1.58354,1.4375,88.063
1.58354,1.44643,84.129
1.58354,1.45536,85.542
1.58354,1.46429,81.265
1.58354,1.47321,76.836
1.58354,1.48214,73.836
1.58354,1.49107,72.309
1.58354,1.5,74.255
1.58354,1.50893,69.799
1.58354,1.51786,72.158
1.57385,0,74.792
1.57385,0.00892857,57.28
1.57385,0.0178571,57.204
1.57385,0.0267857,57.318
1.57385,0.0357143,57.671
1.57385,0.0446429,57.671
1.57385,0.0535714,57.671
1.57385,0.0625,57.671
1.57385,0.0714286,57.671
1.57385,0.0803571,57.671
1.57385,0.0892857,57.671
1.57385,0.0982143,57.671
1.57385,0.107143,57.671
1.57385,0.116071,57.671
1.57385,0.125,57.671
1.57385,0.133929,57.671
1.57385,0.142857,57.671
1.57385,0.151786,57.671
1.57385,0.160714,57.671
1.57385,0.169643,57.671
1.57385,0.178571,57.671
1.57385,0.1875,57.671
1.57385,0.196429,57.671
1.57385,0.205357,57.671
1.57385,0.214286,57.671
1.57385,0.223214,57.671
1.57385,0.232143,57.421
1.57385,0.241071,57.714
1.57385,0.25,57.405
1.57385,0.258929,57.578
1.57385,0.267857,58.187
1.57385,0.276786,57.629
1.57385,0.285714,148.307
1.57385,0.294643,169.312
1.57385,0.303571,168.378
1.57385,0.3125,167.492
1.57385,0.321429,166.894
1.57385,0.330357,166.122
1.57385,0.339286,165.638
1.57385,0.348214,165.04
1.57385,0.357143,164.567
1.57385,0.366071,162.855
1.57385,0.375,163.485
1.57385,0.383929,163.072
1.57385,0.392857,162.3
1.57385,0.401786,161.115
1.57385,0.410714,161.229
1.57385,0.419643,161.343
1.57385,0.428571,159.745
1.57385,0.4375,159.631
1.57385,0.446429,158.919
1.57385,0.455357,158.919
1.57385,0.464286,159.033
1.57385,0.473214,158.848
1.57385,0.482143,157.663
1.57385,0.491071,157.891
1.57385,0.5,157.777
1.57385,0.508929,157.788
1.57385,0.517857,156.777
1.57385,0.526786,157.777
1.57385,0.535714,155.891
1.57385,0.544643,157.179
1.57385,0.553571,156.407
1.57385,0.5625,155.994
1.57385,0.571429,155.994
1.57385,0.580357,155.521
1.57385,0.589286,155.521
1.57385,0.598214,155.222
1.57385,0.607143,154.624
1.57385,0.616071,154.439
1.57385,0.625,153.553
1.57385,0.633929,154.254
1.57385,0.642857,154.14
1.57385,0.651786,153.542
1.57385,0.660714,152.656
1.57385,0.669643,152.471
1.57385,0.678571,151.585
1.57385,0.6875,150.987
1.57385,0.696429,151.101
1.57385,0.705357,151.101
1.57385,0.714286,150.09
1.57385,0.723214,150.09
1.57385,0.732143,150.09
1.57385,0.741071,150.09
1.57385,0.75,150.987
1.57385,0.758929,150.987
1.57385,0.767857,150.987
1.57385,0.776786,150.987
1.57385,0.785714,151.118
1.57385,0.794643,150.873
1.57385,0.803571,151.813
1.57385,0.8125,152.796
1.57385,0.821429,155.409
1.57385,0.830357,156.549
1.57385,0.839286,157.934
1.57385,0.848214,158.687
1.57385,0.857143,161.685
1.57385,0.866071,163.255
1.57385,0.875,166.743
1.57385,0.883929,165.296
1.57385,0.892857,168.539
1.57385,0.901786,169.853
1.57385,0.910714,172.238
1.57385,0.919643,172.15
1.57385,0.928571,174.894
1.57385,0.9375,176.051
1.57385,0.946429,177.137
1.57385,0.955357,175.821
1.57385,0.964286,176.565
1.57385,0.973214,176.266
1.57385,0.982143,175.081
1.57385,0.991071,175.238
1.57385,1,173.156
1.57385,1.00893,169.416
1.57385,1.01786,169.736
1.57385,1.02679,168.512
1.57385,1.03571,167.06
1.57385,1.04464,164.092
1.57385,1.05357,157.053
1.57385,1.0625,159.808
1.57385,1.07143,153.118
1.57385,1.08036,151.798
1.57385,1.08929,144.304
1.57385,1.09821,140.946
1.57385,1.10714,133.784
1.57385,1.11607,126.127
1.57385,1.125,122.573
1.57385,1.13393,114.883
1.57385,1.14286,109.193
1.57385,1.15179,104.731
1.57385,1.16071,100.454
1.57385,1.16964,98.59
1.57385,1.17857,93.188
1.57385,1.1875,88.911
1.57385,1.19643,87.922
1.57385,1.20536,86.221
1.57385,1.21429,84.623
1.57385,1.22321,83.851
1.57385,1.23214,83.862
1.57385,1.24107,83.275
1.57385,1.25,84.574
1.57385,1.25893,85.172
1.57385,1.26786,85.482
1.57385,1.27679,85.678
1.57385,1.28571,86.461
1.57385,1.29464,87.543
1.57385,1.30357,87.44
1.57385,1.3125,89.337
1.57385,1.32143,91.522
1.57385,1.33036,92.914
1.57385,1.33929,91.925
1.57385,1.34821,91.936
1.57385,1.35714,93.936
1.57385,1.36607,94.121
1.57385,1.375,93.018
1.57385,1.38393,92.638
1.57385,1.39286,93.959
1.57385,1.40179,93.443
1.57385,1.41071,92.938
1.57385,1.41964,90.764
1.57385,1.42857,88.731
1.57385,1.4375,92.041
1.57385,1.44643,86.107
1.57385,1.45536,83.564
1.57385,1.46429,83.287
1.57385,1.47321,81.836
1.57385,1.48214,78.836
1.57385,1.49107,76.309
1.57385,1.5,74.369
1.57385,1.50893,74.027
1.57385,1.51786,69.272
1.56416,0,73.873
1.56416,0.00892857,58.443
1.56416,0.0178571,58.372
1.56416,0.0267857,56.372
1.56416,0.0357143,57.671
1.56416,0.0446429,57.671
1.56416,0.0535714,57.671
1.56416,0.0625,57.671
1.56416,0.0714286,57.671
1.56416,0.0803571,57.671
1.56416,0.0892857,57.671
1.56416,0.0982143,57.671
1.56416,0.107143,57.671
1.56416,0.116071,57.671
1.56416,0.125,57.671
1.56416,0.133929,57.671
1.56416,0.142857,57.671
1.56416,0.151786,57.671
1.56416,0.160714,57.671
1.56416,0.169643,57.671
1.56416,0.178571,57.671
1.56416,0.1875,57.671
1.56416,0.196429,57.671
1.56416,0.205357,57.671
1.56416,0.214286,57.671
1.56416,0.223214,57.671
1.56416,0.232143,57.275
1.56416,0.241071,57.312
1.56416,0.25,57.633
1.56416,0.258929,57.475
1.56416,0.267857,55.737
1.56416,0.276786,61.977
1.56416,0.285714,168.754
1.56416,0.294643,164.671
1.56416,0.303571,165.154
1.56416,0.3125,164.442
1.56416,0.321429,163.442
1.56416,0.330357,163.958
1.56416,0.339286,162.887
1.56416,0.348214,162.001
1.56416,0.357143,161.517
1.56416,0.366071,159.631
1.56416,0.375,158.848
1.56416,0.383929,158.848
1.56416,0.392857,158.549
1.56416,0.401786,157.663
1.56416,0.410714,157.663
1.56416,0.419643,157.663
1.56416,0.428571,157.777
1.56416,0.4375,157.065
1.56416,0.446429,157.065
1.56416,0.455357,157.065
1.56416,0.464286,156.478
1.56416,0.473214,155.88
1.56416,0.482143,155.407
1.56416,0.491071,155.407
1.56416,0.5,155.82
1.56416,0.508929,155.82
1.56416,0.517857,155.521
1.56416,0.526786,155.407
1.56416,0.535714,155.407
1.56416,0.544643,156.222
1.56416,0.553571,156.222
1.56416,0.5625,156.108
1.56416,0.571429,156.108
1.56416,0.580357,154.325
1.56416,0.589286,154.439
1.56416,0.598214,154.439
1.56416,0.607143,154.026
1.56416,0.616071,154.14
1.56416,0.625,154.14
1.56416,0.633929,154.14
1.56416,0.642857,153.841
1.56416,0.651786,153.656
1.56416,0.660714,152.357
1.56416,0.669643,152.058
1.56416,0.678571,152.172
1.56416,0.6875,151.286
1.56416,0.696429,151.101
1.56416,0.705357,150.389
1.56416,0.714286,150.09
1.56416,0.723214,150.09
1.56416,0.732143,150.09
1.56416,0.741071,150.09
1.56416,0.75,150.101
1.56416,0.758929,150.101
1.56416,0.767857,150.987
1.56416,0.776786,150.987
1.56416,0.785714,149.944
1.56416,0.794643,151.699
1.56416,0.803571,152.34
1.56416,0.8125,154.383
1.56416,0.821429,154.768
1.56416,0.830357,156.25
1.56416,0.839286,158.276
1.56416,0.848214,161.459
1.56416,0.857143,161.887
1.56416,0.866071,163.272
1.56416,0.875,164.358
1.56416,0.883929,166.9
1.56416,0.892857,167.926
1.56416,0.901786,168.995
1.56416,0.910714,170.793
1.56416,0.919643,174.178
1.56416,0.928571,173.922
1.56416,0.9375,173.72
1.56416,0.946429,174.806
1.56416,0.955357,176.778
1.56416,0.964286,177.049
1.56416,0.973214,175.679
1.56416,0.982143,175.907
1.56416,0.991071,174.651
1.56416,1,172.754
1.56416,1.00893,171.199
1.56416,1.01786,171.231
1.56416,1.02679,167.48
1.56416,1.03571,167.925
1.56416,1.04464,166.359
1.56416,1.05357,161.092
1.56416,1.0625,161.939
1.56416,1.07143,158.281
1.56416,1.08036,151.993
1.56416,1.08929,152.314
1.56416,1.09821,144.07
1.56416,1.10714,138.495
1.56416,1.11607,130.909
1.56416,1.125,128.654
1.56416,1.13393,122.149
1.56416,1.14286,113.883
1.56416,1.15179,107.606
1.56416,1.16071,106.856
1.56416,1.16964,101.867
1.56416,1.17857,95.59
1.56416,1.1875,89.9
1.56416,1.19643,88.911
1.56416,1.20536,86.21
1.56416,1.21429,85.21
1.56416,1.22321,83.922
1.56416,1.23214,84.221
1.56416,1.24107,83.862
1.56416,1.25,83.862
1.56416,1.25893,84.161
1.56416,1.26786,84.884
1.56416,1.27679,85.069
1.56416,1.28571,84.966
1.56416,1.29464,85.45
1.56416,1.30357,85.945
1.56416,1.3125,87.141
1.56416,1.32143,90.739
1.56416,1.33036,92.43
1.56416,1.33929,91.925
1.56416,1.34821,93.338
1.56416,1.35714,91.936
1.56416,1.36607,93.42
1.56416,1.375,93.018
1.56416,1.38393,92.926
1.56416,1.39286,93.051
1.56416,1.40179,92.6
1.56416,1.41071,93.024
1.56416,1.41964,91.704
1.56416,1.42857,90.618
1.56416,1.4375,90.011
1.56416,1.44643,86.389
1.56416,1.45536,85.547
1.56416,1.46429,83.586
1.56416,1.47321,78.298
1.56416,1.48214,78.216
1.56416,1.49107,76.515
1.56416,1.5,77.206
1.56416,1.50893,72.989
1.56416,1.51786,75.038
1.55448,0,182.488
1.55448,0.00892857,173.042
1.55448,0.0178571,82.84
1.55448,0.0267857,57.084
1.55448,0.0357143,57.671
1.55448,0.0446429,57.671
1.55448,0.0535714,57.671
1.55448,0.0625,57.671
1.55448,0.0714286,57.671
1.55448,0.0803571,57.671
1.55448,0.0892857,57.671
1.55448,0.0982143,57.671
1.55448,0.107143,57.671
1.55448,0.116071,57.671
1.55448,0.125,57.671
1.55448,0.133929,57.671
1.55448,0.142857,57.671
1.55448,0.151786,57.671
1.55448,0.160714,57.671
1.55448,0.169643,57.671
1.55448,0.178571,57.671
1.55448,0.1875,57.671
1.55448,0.196429,57.671
1.55448,0.205357,57.671
1.55448,0.214286,57.671
1.55448,0.223214,57.671
1.55448,0.232143,57.574
1.55448,0.241071,57.312
1.55448,0.25,57.095
1.55448,0.258929,57.486
1.55448,0.267857,56.862
1.55448,0.276786,66.668
1.55448,0.285714,164.591
1.55448,0.294643,165.051
1.55448,0.303571,160.713
1.55448,0.3125,160.631
1.55448,0.321429,159.631
1.55448,0.330357,159.033
1.55448,0.339286,159.033
1.55448,0.348214,157.549
1.55448,0.357143,157.549
1.55448,0.366071,156.478
1.55448,0.375,156.108
1.55448,0.383929,156.108
1.55448,0.392857,156.108
1.55448,0.401786,155.108
1.55448,0.410714,155.108
1.55448,0.419643,155.108
1.55448,0.428571,155.108
1.55448,0.4375,155.108
1.55448,0.446429,154.624
1.55448,0.455357,154.624
1.55448,0.464286,154.624
1.55448,0.473214,154.624
1.55448,0.482143,154.624
1.55448,0.491071,154.624
1.55448,0.5,154.624
1.55448,0.508929,154.624
1.55448,0.517857,154.624
1.55448,0.526786,154.624
1.55448,0.535714,154.624
1.55448,0.544643,154.624
1.55448,0.553571,154.624
1.55448,0.5625,153.624
1.55448,0.571429,153.624
1.55448,0.580357,154.14
1.55448,0.589286,154.14
1.55448,0.598214,154.14
1.55448,0.607143,154.14
1.55448,0.616071,154.14
1.55448,0.625,154.14
1.55448,0.633929,154.14
1.55448,0.642857,153.656
1.55448,0.651786,153.77
1.55448,0.660714,152.471
1.55448,0.669643,152.058
1.55448,0.678571,152.286
1.55448,0.6875,151.987
1.55448,0.696429,150.976
1.55448,0.705357,150.976
1.55448,0.714286,150.09
1.55448,0.723214,150.09
1.55448,0.732143,150.09
1.55448,0.741071,150.09
1.55448,0.75,150.101
1.55448,0.758929,150.101
1.55448,0.767857,151.101
1.55448,0.776786,150.987
1.55448,0.785714,151.058
1.55448,0.794643,151.286
1.55448,0.803571,152.226
1.55448,0.8125,153.97
1.55448,0.821429,153.882
1.55448,0.830357,157.25
1.55448,0.839286,159.319
1.55448,0.848214,160.573
1.55448,0.857143,160.844
1.55448,0.866071,163.115
1.55448,0.875,163.429
1.55448,0.883929,164.971
1.55448,0.892857,166.339
1.55448,0.901786,169.294
1.55448,0.910714,168.864
1.55448,0.919643,172.064
1.55448,0.928571,173.221
1.55448,0.9375,174.492
1.55448,0.946429,175.991
1.55448,0.955357,176.789
1.55448,0.964286,177.533
1.55448,0.973214,176.576
1.55448,0.982143,176.32
1.55448,0.991071,174.537
1.55448,1,174.238
1.55448,1.00893,172.025
1.55448,1.01786,171.715
1.55448,1.02679,169.676
1.55448,1.03571,169.996
1.55448,1.04464,166.099
1.55448,1.05357,162.647
1.55448,1.0625,162.309
1.55448,1.07143,155.754
1.55448,1.08036,156.096
1.55448,1.08929,151.819
1.55448,1.09821,149.749
1.55448,1.10714,146.576
1.55448,1.11607,142.392
1.55448,1.125,136.382
1.55448,1.13393,125.415
1.55448,1.14286,119.861
1.55448,1.15179,112.883
1.55448,1.16071,108.834
1.55448,1.16964,108.845
1.55448,1.17857,98.166
1.55448,1.1875,95.889
1.55448,1.19643,93.188
1.55448,1.20536,90.199
1.55448,1.21429,86.21
1.55448,1.22321,83.922
1.55448,1.23214,84.335
1.55448,1.24107,84.449
1.55448,1.25,84.15
1.55448,1.25893,84.449
1.55448,1.26786,84.574
1.55448,1.27679,84.759
1.55448,1.28571,85.656
1.55448,1.29464,85.738
1.55448,1.30357,86.347
1.55448,1.3125,87.543
1.55448,1.32143,89.44
1.55448,1.33036,91.658
1.55448,1.33929,90.729
1.55448,1.34821,93.213
1.55448,1.35714,92.936
1.55448,1.36607,92.42
1.55448,1.375,92.73
1.55448,1.38393,92.915
1.55448,1.39286,92.915
1.55448,1.40179,92.225
1.55448,1.41071,92.507
1.55448,1.41964,92.247
1.55448,1.42857,91.54
1.55448,1.4375,90.482
1.55448,1.44643,88.612
1.55448,1.45536,87.901
1.55448,1.46429,83.216
1.55448,1.47321,82.01
1.55448,1.48214,77.113
1.55448,1.49107,77.113
1.55448,1.5,76.309
1.55448,1.50893,70.494
1.55448,1.51786,71.44
1.54479,0,252.06
1.54479,0.00892857,250.049
1.54479,0.0178571,101.243
1.54479,0.0267857,57.568
1.54479,0.0357143,57.671
1.54479,0.0446429,57.671
1.54479,0.0535714,57.671
1.54479,0.0625,57.671
1.54479,0.0714286,57.671
1.54479,0.0803571,57.671
1.54479,0.0892857,57.671
1.54479,0.0982143,57.671
1.54479,0.107143,57.671
1.54479,0.116071,57.671
1.54479,0.125,57.671
1.54479,0.133929,57.671
1.54479,0.142857,57.671
1.54479,0.151786,57.671
1.54479,0.160714,57.671
1.54479,0.169643,57.671
1.54479,0.178571,57.671
1.54479,0.1875,57.671
1.54479,0.196429,57.671
1.54479,0.205357,57.671
1.54479,0.214286,57.671
1.54479,0.223214,57.671
1.54479,0.232143,57.443
1.54479,0.241071,57.475
1.54479,0.25,57.019
1.54479,0.258929,57.312
1.54479,0.267857,57.91
1.54479,0.276786,84.164
1.54479,0.285714,157.498
1.54479,0.294643,156.756
1.54479,0.303571,156.076
1.54479,0.3125,156.592
1.54479,0.321429,155.592
1.54479,0.330357,155.521
1.54479,0.339286,154.521
1.54479,0.348214,154.336
1.54479,0.357143,153.923
1.54479,0.366071,153.325
1.54479,0.375,154.026
1.54479,0.383929,154.026
1.54479,0.392857,154.026
1.54479,0.401786,154.026
1.54479,0.410714,153.026
1.54479,0.419643,153.14
1.54479,0.428571,153.14
1.54479,0.4375,153.841
1.54479,0.446429,153.656
1.54479,0.455357,153.656
1.54479,0.464286,153.656
1.54479,0.473214,152.656
1.54479,0.482143,152.656
1.54479,0.491071,152.656
1.54479,0.5,152.955
1.54479,0.508929,153.841
1.54479,0.517857,153.841
1.54479,0.526786,153.841
1.54479,0.535714,153.841
1.54479,0.544643,153.841
1.54479,0.553571,153.841
1.54479,0.5625,153.841
1.54479,0.571429,154.14
1.54479,0.580357,154.368
1.54479,0.589286,154.368
1.54479,0.598214,154.368
1.54479,0.607143,153.368
1.54479,0.616071,153.368
1.54479,0.625,153.368
1.54479,0.633929,153.368
1.54479,0.642857,152.77
1.54479,0.651786,152.471
1.54479,0.660714,152.058
1.54479,0.669643,152.172
1.54479,0.678571,151.987
1.54479,0.6875,151.987
1.54479,0.696429,150.976
1.54479,0.705357,150.976
1.54479,0.714286,150.09
1.54479,0.723214,150.09
1.54479,0.732143,150.09
1.54479,0.741071,150.09
1.54479,0.75,150.101
1.54479,0.758929,150.101
1.54479,0.767857,151.101
1.54479,0.776786,150.987
1.54479,0.785714,150.83
1.54479,0.794643,151.058
1.54479,0.803571,151.699
1.54479,0.8125,153.269
1.54479,0.821429,154.654
1.54479,0.830357,157.723
1.54479,0.839286,157.091
1.54479,0.848214,159.633
1.54479,0.857143,161.545
1.54479,0.866071,162.115
1.54479,0.875,163.728
1.54479,0.883929,164.971
1.54479,0.892857,166.638
1.54479,0.901786,168.294
1.54479,0.910714,169.75
1.54479,0.919643,171.95
1.54479,0.928571,172.993
1.54479,0.9375,173.378
1.54479,0.946429,176.763
1.54479,0.955357,176.034
1.54479,0.964286,178.006
1.54479,0.973214,176.935
1.54479,0.982143,176.565
1.54479,0.991071,175.608
1.54479,1,175.01
1.54479,1.00893,173.455
1.54479,1.01786,172.786
1.54479,1.02679,172.519
1.54479,1.03571,167.953
1.54479,1.04464,168.284
1.54479,1.05357,166.06
1.54479,1.0625,163.608
1.54479,1.07143,158.053
1.54479,1.08036,161.085
1.54479,1.08929,159.036
1.54479,1.09821,153.14
1.54479,1.10714,150.771
1.54479,1.11607,137.875
1.54479,1.125,134.05
1.54479,1.13393,133.67
1.54479,1.14286,122.828
1.54479,1.15179,119.85
1.54479,1.16071,109.801
1.54479,1.16964,109.535
1.54479,1.17857,106.144
1.54479,1.1875,101.878
1.54479,1.19643,94.188
1.54479,1.20536,92.9
1.54479,1.21429,88.911
1.54479,1.22321,87.509
1.54479,1.23214,85.634
1.54479,1.24107,84.161
1.54479,1.25,84.161
1.54479,1.25893,84.161
1.54479,1.26786,84.161
1.54479,1.27679,84.46
1.54479,1.28571,84.944
1.54479,1.29464,85.254
1.54479,1.30357,86.151
1.54479,1.3125,86.76
1.54479,1.32143,87.07
1.54479,1.33036,89.636
1.54479,1.33929,89.832
1.54479,1.34821,91.544
1.54479,1.35714,93.213
1.54479,1.36607,93.637
1.54479,1.375,93.42
1.54479,1.38393,93.73
1.54479,1.39286,93.388
1.54479,1.40179,93.377
1.54479,1.41071,92.072
1.54479,1.41964,93.502
1.54479,1.42857,93.892
1.54479,1.4375,91.045
1.54479,1.44643,86.895
1.54479,1.45536,88.494
1.54479,1.46429,84.134
1.54479,1.47321,84.874
1.54479,1.48214,77.711
1.54479,1.49107,80.124
1.54479,1.5,77.597
1.54479,1.50893,75.07
1.54479,1.51786,74.141
1.53511,0,253.06
1.53511,0.00892857,251.522
1.53511,0.0178571,96.819
1.53511,0.0267857,56.671
1.53511,0.0357143,57.671
1.53511,0.0446429,57.671
1.53511,0.0535714,57.671
1.53511,0.0625,57.671
1.53511,0.0714286,57.671
1.53511,0.0803571,57.671
1.53511,0.0892857,57.671
1.53511,0.0982143,57.671
1.53511,0.107143,57.671
1.53511,0.116071,57.671
1.53511,0.125,57.671
1.53511,0.133929,57.671
1.53511,0.142857,57.671
1.53511,0.151786,57.671
1.53511,0.160714,57.671
1.53511,0.169643,57.671
1.53511,0.178571,57.671
1.53511,0.1875,57.671
1.53511,0.196429,57.671
1.53511,0.205357,57.671
1.53511,0.214286,57.671
1.53511,0.223214,57.671
1.53511,0.232143,58.013
1.53511,0.241071,57.475
1.53511,0.25,57.666
1.53511,0.258929,56.964
1.53511,0.267857,58.263
1.53511,0.276786,116.916
1.53511,0.285714,155.003
1.53511,0.294643,155.293
1.53511,0.303571,153.923
1.53511,0.3125,154.325
1.53511,0.321429,153.553
1.53511,0.330357,153.254
1.53511,0.339286,154.254
1.53511,0.348214,153.368
1.53511,0.357143,152.77
1.53511,0.366071,152.357
1.53511,0.375,152.058
1.53511,0.383929,152.058
1.53511,0.392857,152.058
1.53511,0.401786,152.058
1.53511,0.410714,152.058
1.53511,0.419643,152.058
1.53511,0.428571,152.058
1.53511,0.4375,152.172
1.53511,0.446429,152.286
1.53511,0.455357,152.286
1.53511,0.464286,152.286
1.53511,0.473214,152.286
1.53511,0.482143,152.286
1.53511,0.491071,152.286
1.53511,0.5,152.172
1.53511,0.508929,152.058
1.53511,0.517857,152.058
1.53511,0.526786,152.058
1.53511,0.535714,152.058
1.53511,0.544643,152.058
1.53511,0.553571,152.058
1.53511,0.5625,152.471
1.53511,0.571429,153.357
1.53511,0.580357,151.77
1.53511,0.589286,151.77
1.53511,0.598214,151.77
1.53511,0.607143,151.77
1.53511,0.616071,151.77
1.53511,0.625,151.77
1.53511,0.633929,151.77
1.53511,0.642857,151.471
1.53511,0.651786,152.058
1.53511,0.660714,151.873
1.53511,0.669643,151.987
1.53511,0.678571,151.987
1.53511,0.6875,150.987
1.53511,0.696429,151.09
1.53511,0.705357,151.09
1.53511,0.714286,150.09
1.53511,0.723214,150.09
1.53511,0.732143,150.09
1.53511,0.741071,150.09
1.53511,0.75,150.101
1.53511,0.758929,150.101
1.53511,0.767857,151.101
1.53511,0.776786,150.987
1.53511,0.785714,150.83
1.53511,0.794643,152.058
1.53511,0.803571,151.699
1.53511,0.8125,151.927
1.53511,0.821429,154.426
1.53511,0.830357,156.794
1.53511,0.839286,156.276
1.53511,0.848214,160.519
1.53511,0.857143,160.73
1.53511,0.866071,160.115
1.53511,0.875,163.429
1.53511,0.883929,165.085
1.53511,0.892857,166.638
1.53511,0.901786,169.066
1.53511,0.910714,170.337
1.53511,0.919643,170.95
1.53511,0.928571,173.107
1.53511,0.9375,173.264
1.53511,0.946429,176.649
1.53511,0.955357,175.92
1.53511,0.964286,177.892
1.53511,0.973214,176.821
1.53511,0.982143,176.636
1.53511,0.991071,176.266
1.53511,1,175.782
1.53511,1.00893,173.814
1.53511,1.01786,173.259
1.53511,1.02679,172.117
1.53511,1.03571,167.024
1.53511,1.04464,168.241
1.53511,1.05357,168.142
1.53511,1.0625,161.32
1.53511,1.07143,158.939
1.53511,1.08036,159.384
1.53511,1.08929,156.324
1.53511,1.09821,152.819
1.53511,1.10714,154.439
1.53511,1.11607,148.358
1.53511,1.125,143.533
1.53511,1.13393,138.05
1.53511,1.14286,134.382
1.53511,1.15179,123.828
1.53511,1.16071,121.377
1.53511,1.16964,115.812
1.53511,1.17857,105.432
1.53511,1.1875,103.454
1.53511,1.19643,96.59
1.53511,1.20536,97.188
1.53511,1.21429,90.9
1.53511,1.22321,89.21
1.53511,1.23214,86.634
1.53511,1.24107,85.161
1.53511,1.25,84.161
1.53511,1.25893,83.161
1.53511,1.26786,84.161
1.53511,1.27679,84.161
1.53511,1.28571,84.346
1.53511,1.29464,85.243
1.53511,1.30357,85.667
1.53511,1.3125,85.048
1.53511,1.32143,86.76
1.53511,1.33036,88.739
1.53511,1.33929,88.75
1.53511,1.34821,90.647
1.53511,1.35714,90.843
1.53511,1.36607,92.925
1.53511,1.375,93.121
1.53511,1.38393,92.719
1.53511,1.39286,92.73
1.53511,1.40179,93.051
1.53511,1.41071,92.051
1.53511,1.41964,93.051
1.53511,1.42857,94.524
1.53511,1.4375,91.492
1.53511,1.44643,89.781
1.53511,1.45536,88.406
1.53511,1.46429,85.585
1.53511,1.47321,85.705
1.53511,1.48214,83.265
1.53511,1.49107,79.999
1.53511,1.5,78.309
1.53511,1.50893,76.369
1.53511,1.51786,75.255
1.52542,0,244.717
1.52542,0.00892857,241.195
1.52542,0.0178571,96.052
1.52542,0.0267857,57.899
1.52542,0.0357143,57.671
1.52542,0.0446429,57.671
1.52542,0.0535714,57.671
1.52542,0.0625,57.671
1.52542,0.0714286,57.671
1.52542,0.0803571,57.671
1.52542,0.0892857,57.671
1.52542,0.0982143,57.671
1.52542,0.107143,57.671
1.52542,0.116071,57.671
1.52542,0.125,57.671
1.52542,0.133929,57.671
1.52542,0.142857,57.671
1.52542,0.151786,57.671
1.52542,0.160714,57.671
1.52542,0.169643,57.671
1.52542,0.178571,57.671
1.52542,0.1875,57.671
1.52542,0.196429,57.671
1.52542,0.205357,57.671
1.52542,0.214286,57.671
1.52542,0.223214,57.671
1.52542,0.232143,57.839
1.52542,0.241071,56.97
1.52542,0.25,57.079
1.52542,0.258929,57.562
1.52542,0.267857,58.372
1.52542,0.276786,137.157
1.52542,0.285714,155.052
1.52542,0.294643,153.151
1.52542,0.303571,152.243
1.52542,0.3125,152.83
1.52542,0.321429,152.83
1.52542,0.330357,152.83
1.52542,0.339286,151.83
1.52542,0.348214,151.759
1.52542,0.357143,152.346
1.52542,0.366071,151.759
1.52542,0.375,151.987
1.52542,0.383929,151.987
1.52542,0.392857,151.987
1.52542,0.401786,150.987
1.52542,0.410714,150.987
1.52542,0.419643,150.987
1.52542,0.428571,150.987
1.52542,0.4375,150.987
1.52542,0.446429,151.101
1.52542,0.455357,151.101
1.52542,0.464286,151.101
1.52542,0.473214,151.101
1.52542,0.482143,151.101
1.52542,0.491071,151.101
1.52542,0.5,151.101
1.52542,0.508929,152.46
1.52542,0.517857,152.346
1.52542,0.526786,152.346
1.52542,0.535714,152.346
1.52542,0.544643,152.346
1.52542,0.553571,152.346
1.52542,0.5625,152.346
1.52542,0.571429,152.346
1.52542,0.580357,152.286
1.52542,0.589286,152.286
1.52542,0.598214,152.286
1.52542,0.607143,152.286
1.52542,0.616071,152.286
1.52542,0.625,152.286
1.52542,0.633929,152.286
1.52542,0.642857,150.987
1.52542,0.651786,150.987
1.52542,0.660714,151.987
1.52542,0.669643,151.987
1.52542,0.678571,150.987
1.52542,0.6875,151.09
1.52542,0.696429,151.09
1.52542,0.705357,151.09
1.52542,0.714286,150.09
1.52542,0.723214,150.09
1.52542,0.732143,150.09
1.52542,0.741071,150.09
1.52542,0.75,150.101
1.52542,0.758929,150.101
1.52542,0.767857,151.101
1.52542,0.776786,150.987
1.52542,0.785714,151.118
1.52542,0.794643,151.058
1.52542,0.803571,151.286
1.52542,0.8125,150.699
1.52542,0.821429,153.198
1.52542,0.830357,156.566
1.52542,0.839286,157.706
1.52542,0.848214,158.59
1.52542,0.857143,162.317
1.52542,0.866071,160.588
1.52542,0.875,163.429
1.52542,0.883929,166.085
1.52542,0.892857,168.225
1.52542,0.901786,168.952
1.52542,0.910714,169.636
1.52542,0.919643,170.95
1.52542,0.928571,171.993
1.52542,0.9375,173.264
1.52542,0.946429,174.649
1.52542,0.955357,176.92
1.52542,0.964286,176.892
1.52542,0.973214,176.821
1.52542,0.982143,175.935
1.52542,0.991071,176.924
1.52542,1,174.967
1.52542,1.00893,174.124
1.52542,1.01786,173.629
1.52542,1.02679,172.074
1.52542,1.03571,169.394
1.52542,1.04464,168.312
1.52542,1.05357,165.626
1.52542,1.0625,163.402
1.52542,1.07143,160.722
1.52542,1.08036,162.156
1.52542,1.08929,160.085
1.52542,1.09821,154.808
1.52542,1.10714,152.531
1.52542,1.11607,154.026
1.52542,1.125,147.625
1.52542,1.13393,135.555
1.52542,1.14286,137.414
1.52542,1.15179,130.632
1.52542,1.16071,124.839
1.52542,1.16964,115.573
1.52542,1.17857,108.606
1.52542,1.1875,106.628
1.52542,1.19643,102.753
1.52542,1.20536,95.579
1.52542,1.21429,93.188
1.52542,1.22321,90.612
1.52542,1.23214,88.623
1.52542,1.24107,85.862
1.52542,1.25,84.161
1.52542,1.25893,83.161
1.52542,1.26786,84.161
1.52542,1.27679,84.161
1.52542,1.28571,84.047
1.52542,1.29464,84.944
1.52542,1.30357,84.656
1.52542,1.3125,84.966
1.52542,1.32143,85.678
1.52542,1.33036,87.543
1.52542,1.33929,88.842
1.52542,1.34821,90.451
1.52542,1.35714,91.533
1.52542,1.36607,92.43
1.52542,1.375,93.039
1.52542,1.38393,93.708
1.52542,1.39286,93.317
1.52542,1.40179,93.204
1.52542,1.41071,93.905
1.52542,1.41964,93.008
1.52542,1.42857,93.356
1.52542,1.4375,88.111
1.52542,1.44643,88.836
1.52542,1.45536,91.564
1.52542,1.46429,87.911
1.52542,1.47321,83.58
1.52542,1.48214,84.83
1.52542,1.49107,80.401
1.52542,1.5,77.918
1.52542,1.50893,76.907
1.52542,1.51786,77.314
1.51574,0,95.14
1.51574,0.00892857,59.302
1.51574,0.0178571,57.535
1.51574,0.0267857,56.959
1.51574,0.0357143,57.671
1.51574,0.0446429,57.671
1.51574,0.0535714,57.671
1.51574,0.0625,57.671
1.51574,0.0714286,57.671
1.51574,0.0803571,57.671
1.51574,0.0892857,57.671
1.51574,0.0982143,57.671
1.51574,0.107143,57.671
1.51574,0.116071,57.671
1.51574,0.125,57.671
1.51574,0.133929,57.671
1.51574,0.142857,57.671
1.51574,0.151786,57.671
1.51574,0.160714,57.671
1.51574,0.169643,57.671
1.51574,0.178571,57.671
1.51574,0.1875,57.671
1.51574,0.196429,57.671
1.51574,0.205357,57.671
1.51574,0.214286,57.671
1.51574,0.223214,57.671
1.51574,0.232143,57.426
1.51574,0.241071,57.34
1.51574,0.25,57.389
1.51574,0.258929,57.437
1.51574,0.267857,58.058
1.51574,0.276786,149.631
1.51574,0.285714,152.226
1.51574,0.294643,152.596
1.51574,0.303571,151.531
1.51574,0.3125,152.346
1.51574,0.321429,152.346
1.51574,0.330357,152.346
1.51574,0.339286,152.346
1.51574,0.348214,151.346
1.51574,0.357143,151.346
1.51574,0.366071,150.161
1.51574,0.375,150.09
1.51574,0.383929,150.09
1.51574,0.392857,150.09
1.51574,0.401786,150.09
1.51574,0.410714,150.09
1.51574,0.419643,150.09
1.51574,0.428571,150.09
1.51574,0.4375,150.09
1.51574,0.446429,150.09
1.51574,0.455357,150.09
1.51574,0.464286,150.09
1.51574,0.473214,150.09
1.51574,0.482143,150.09
1.51574,0.491071,150.09
1.51574,0.5,150.09
1.51574,0.508929,150.976
1.51574,0.517857,150.976
1.51574,0.526786,150.976
1.51574,0.535714,150.976
1.51574,0.544643,149.976
1.51574,0.553571,151.976
1.51574,0.5625,151.976
1.51574,0.571429,149.976
1.51574,0.580357,150.987
1.51574,0.589286,150.987
1.51574,0.598214,150.987
1.51574,0.607143,150.987
1.51574,0.616071,151.987
1.51574,0.625,151.987
1.51574,0.633929,151.987
1.51574,0.642857,151.987
1.51574,0.651786,150.987
1.51574,0.660714,150.987
1.51574,0.669643,150.389
1.51574,0.678571,150.09
1.51574,0.6875,151.09
1.51574,0.696429,151.09
1.51574,0.705357,151.09
1.51574,0.714286,150.09
1.51574,0.723214,150.09
1.51574,0.732143,150.09
1.51574,0.741071,150.09
1.51574,0.75,150.101
1.51574,0.758929,150.101
1.51574,0.767857,151.101
1.51574,0.776786,150.987
1.51574,0.785714,150.759
1.51574,0.794643,150.759
1.51574,0.803571,151.286
1.51574,0.8125,151.286
1.51574,0.821429,152.155
1.51574,0.830357,154.11
1.51574,0.839286,157.25
1.51574,0.848214,157.835
1.51574,0.857143,160.089
1.51574,0.866071,161.001
1.51574,0.875,163.956
1.51574,0.883929,166.199
1.51574,0.892857,167.638
1.51574,0.901786,168.838
1.51574,0.910714,169.408
1.51574,0.919643,172.363
1.51574,0.928571,173.634
1.51574,0.9375,173.791
1.51574,0.946429,174.763
1.51574,0.955357,176.92
1.51574,0.964286,176.892
1.51574,0.973214,176.821
1.51574,0.982143,175.935
1.51574,0.991071,176.924
1.51574,1,176.565
1.51574,1.00893,175.309
1.51574,1.01786,173.814
1.51574,1.02679,171.786
1.51574,1.03571,171.106
1.51574,1.04464,170.437
1.51574,1.05357,168.882
1.51574,1.0625,164.957
1.51574,1.07143,160.505
1.51574,1.08036,160.526
1.51574,1.08929,157.27
1.51574,1.09821,157.683
1.51574,1.10714,154.993
1.51574,1.11607,149.015
1.51574,1.125,146.717
1.51574,1.13393,142.832
1.51574,1.14286,137.278
1.51574,1.15179,133.137
1.51574,1.16071,128.116
1.51574,1.16964,120.85
1.51574,1.17857,111.883
1.51574,1.1875,109.204
1.51574,1.19643,108.144
1.51574,1.20536,103.856
1.51574,1.21429,97.579
1.51574,1.22321,96.188
1.51574,1.23214,89.911
1.51574,1.24107,86.851
1.51574,1.25,86.748
1.51574,1.25893,84.748
1.51574,1.26786,84.449
1.51574,1.27679,84.449
1.51574,1.28571,83.862
1.51574,1.29464,84.161
1.51574,1.30357,84.286
1.51574,1.3125,85.884
1.51574,1.32143,85.895
1.51574,1.33036,86.461
1.51574,1.33929,87.059
1.51574,1.34821,88.842
1.51574,1.35714,90.451
1.51574,1.36607,91.832
1.51574,1.375,92.914
1.51574,1.38393,93.996
1.51574,1.39286,92.947
1.51574,1.40179,91.963
1.51574,1.41071,92.963
1.51574,1.41964,92.96
1.51574,1.42857,93.667
1.51574,1.4375,130.248
1.51574,1.44643,93.109
1.51574,1.45536,90.746
1.51574,1.46429,89.547
1.51574,1.47321,87.499
1.51574,1.48214,86.211
1.51574,1.49107,82.885
1.51574,1.5,79.505
1.51574,1.50893,78.173
1.51574,1.51786,85.547
1.50605,0,116.717
1.50605,0.00892857,58.763
1.50605,0.0178571,58.66
1.50605,0.0267857,57.432
1.50605,0.0357143,57.671
1.50605,0.0446429,57.671
1.50605,0.0535714,57.671
1.50605,0.0625,57.671
1.50605,0.0714286,57.671
1.50605,0.0803571,57.671
1.50605,0.0892857,57.671
1.50605,0.0982143,57.671
1.50605,0.107143,57.671
1.50605,0.116071,57.671
1.50605,0.125,57.671
1.50605,0.133929,57.671
1.50605,0.142857,57.671
1.50605,0.151786,57.671
1.50605,0.160714,57.671
1.50605,0.169643,57.671
1.50605,0.178571,57.671
1.50605,0.1875,57.671
1.50605,0.196429,57.671
1.50605,0.205357,57.671
1.50605,0.214286,57.671
1.50605,0.223214,57.671
1.50605,0.232143,57.372
1.50605,0.241071,57.514
1.50605,0.25,57.329
1.50605,0.258929,57.127
1.50605,0.267857,67.95
1.50605,0.276786,151.039
1.50605,0.285714,150.449
1.50605,0.294643,151.699
1.50605,0.303571,151.101
1.50605,0.3125,150.987
1.50605,0.321429,150.987
1.50605,0.330357,150.987
1.50605,0.339286,149.987
1.50605,0.348214,149.987
1.50605,0.357143,149.987
1.50605,0.366071,149.688
1.50605,0.375,150.09
1.50605,0.383929,150.09
1.50605,0.392857,150.09
1.50605,0.401786,150.09
1.50605,0.410714,150.09
1.50605,0.419643,150.09
1.50605,0.428571,150.09
1.50605,0.4375,150.09
1.50605,0.446429,150.09
1.50605,0.455357,150.09
1.50605,0.464286,150.09
1.50605,0.473214,150.09
1.50605,0.482143,150.09
1.50605,0.491071,150.09
1.50605,0.5,150.09
1.50605,0.508929,150.09
1.50605,0.517857,150.09
1.50605,0.526786,150.09
1.50605,0.535714,150.09
1.50605,0.544643,150.09
1.50605,0.553571,150.09
1.50605,0.5625,150.09
1.50605,0.571429,150.09
1.50605,0.580357,151.101
1.50605,0.589286,151.101
1.50605,0.598214,151.101
1.50605,0.607143,150.101
1.50605,0.616071,150.101
1.50605,0.625,150.101
1.50605,0.633929,150.101
1.50605,0.642857,150.389
1.50605,0.651786,149.976
1.50605,0.660714,149.976
1.50605,0.669643,149.976
1.50605,0.678571,150.09
1.50605,0.6875,150.09
1.50605,0.696429,150.09
1.50605,0.705357,150.09
1.50605,0.714286,150.09
1.50605,0.723214,150.09
1.50605,0.732143,150.09
1.50605,0.741071,150.09
1.50605,0.75,150.101
1.50605,0.758929,150.101
1.50605,0.767857,151.101
1.50605,0.776786,151.101
1.50605,0.785714,150.987
1.50605,0.794643,150.987
1.50605,0.803571,151.286
1.50605,0.8125,151.286
1.50605,0.821429,152.514
1.50605,0.830357,154.241
1.50605,0.839286,156.908
1.50605,0.848214,159.493
1.50605,0.857143,160.975
1.50605,0.866071,162.588
1.50605,0.875,162.657
1.50605,0.883929,166.085
1.50605,0.892857,168.638
1.50605,0.901786,169.838
1.50605,0.910714,170.881
1.50605,0.919643,172.477
1.50605,0.928571,172.862
1.50605,0.9375,173.905
1.50605,0.946429,174.877
1.50605,0.955357,177.148
1.50605,0.964286,177.006
1.50605,0.973214,176.935
1.50605,0.982143,176.935
1.50605,0.991071,176.924
1.50605,1,176.565
1.50605,1.00893,174.608
1.50605,1.01786,173.526
1.50605,1.02679,172.786
1.50605,1.03571,172.117
1.50605,1.04464,170.035
1.50605,1.05357,167.893
1.50605,1.0625,165.626
1.50605,1.07143,164.06
1.50605,1.08036,163.309
1.50605,1.08929,159.341
1.50605,1.09821,159.868
1.50605,1.10714,152.993
1.50605,1.11607,153.662
1.50605,1.125,152.88
1.50605,1.13393,146.212
1.50605,1.14286,139.957
1.50605,1.15179,134.289
1.50605,1.16071,131.496
1.50605,1.16964,126.415
1.50605,1.17857,118.562
1.50605,1.1875,114.584
1.50605,1.19643,108.122
1.50605,1.20536,104.834
1.50605,1.21429,99.856
1.50605,1.22321,98.59
1.50605,1.23214,93.9
1.50605,1.24107,88.15
1.50605,1.25,86.449
1.50605,1.25893,85.449
1.50605,1.26786,85.449
1.50605,1.27679,84.449
1.50605,1.28571,84.449
1.50605,1.29464,83.862
1.50605,1.30357,84.46
1.50605,1.3125,84.585
1.50605,1.32143,84.884
1.50605,1.33036,86.265
1.50605,1.33929,86.749
1.50605,1.34821,88.646
1.50605,1.35714,89.554
1.50605,1.36607,90.533
1.50605,1.375,91.615
1.50605,1.38393,92.996
1.50605,1.39286,93.594
1.50605,1.40179,93.491
1.50605,1.41071,93.616
1.50605,1.41964,93.117
1.50605,1.42857,92.556
1.50605,1.4375,96.747
1.50605,1.44643,92.661
1.50605,1.45536,93.156
1.50605,1.46429,92.106
1.50605,1.47321,89.89
1.50605,1.48214,86.314
1.50605,1.49107,84.863
1.50605,1.5,82.173
1.50605,1.50893,82.265
1.50605,1.51786,80.971
1.49637,0,149.126
1.49637,0.00892857,57.633
1.49637,0.0178571,57.318
1.49637,0.0267857,56.617
1.49637,0.0357143,57.671
1.49637,0.0446429,57.671
1.49637,0.0535714,57.671
1.49637,0.0625,57.671
1.49637,0.0714286,57.671
1.49637,0.0803571,57.671
1.49637,0.0892857,57.671
1.49637,0.0982143,57.671
1.49637,0.107143,57.671
1.49637,0.116071,57.671
1.49637,0.125,57.671
1.49637,0.133929,57.671
1.49637,0.142857,57.671
1.49637,0.151786,57.671
1.49637,0.160714,57.671
1.49637,0.169643,57.671
1.49637,0.178571,57.671
1.49637,0.1875,57.671
1.49637,0.196429,57.671
1.49637,0.205357,57.671
1.49637,0.214286,57.671
1.49637,0.223214,57.671
1.49637,0.232143,57.247
1.49637,0.241071,57.215
1.49637,0.25,57.013
1.49637,0.258929,57.29
1.49637,0.267857,76.038
1.49637,0.276786,153.262
1.49637,0.285714,150.025
1.49637,0.294643,149.976
1.49637,0.303571,150.329
1.49637,0.3125,150.215
1.49637,0.321429,150.215
1.49637,0.330357,150.215
1.49637,0.339286,149.101
1.49637,0.348214,149.215
1.49637,0.357143,150.101
1.49637,0.366071,149.802
1.49637,0.375,150.09
1.49637,0.383929,150.09
1.49637,0.392857,150.09
1.49637,0.401786,150.09
1.49637,0.410714,150.09
1.49637,0.419643,150.09
1.49637,0.428571,150.09
1.49637,0.4375,150.09
1.49637,0.446429,150.09
1.49637,0.455357,150.09
1.49637,0.464286,150.09
1.49637,0.473214,150.09
1.49637,0.482143,150.09
1.49637,0.491071,150.09
1.49637,0.5,150.09
1.49637,0.508929,150.09
1.49637,0.517857,150.09
1.49637,0.526786,150.09
1.49637,0.535714,150.09
1.49637,0.544643,150.09
1.49637,0.553571,149.09
1.49637,0.5625,149.09
1.49637,0.571429,150.09
1.49637,0.580357,150.09
1.49637,0.589286,150.09
1.49637,0.598214,150.09
1.49637,0.607143,150.09
1.49637,0.616071,150.09
1.49637,0.625,150.09
1.49637,0.633929,150.09
1.49637,0.642857,148.976
1.49637,0.651786,148.976
1.49637,0.660714,149.976
1.49637,0.669643,149.389
1.49637,0.678571,149.503
1.49637,0.6875,149.503
1.49637,0.696429,150.09
1.49637,0.705357,149.617
1.49637,0.714286,150.09
1.49637,0.723214,150.09
1.49637,0.732143,149.976
1.49637,0.741071,149.976
1.49637,0.75,149.987
1.49637,0.758929,149.987
1.49637,0.767857,150.987
1.49637,0.776786,151.101
1.49637,0.785714,151.09
1.49637,0.794643,151.101
1.49637,0.803571,150.987
1.49637,0.8125,151.172
1.49637,0.821429,152.4
1.49637,0.830357,154.013
1.49637,0.839286,155.039
1.49637,0.848214,157.863
1.49637,0.857143,159.747
1.49637,0.866071,163.474
1.49637,0.875,162.842
1.49637,0.883929,165.384
1.49637,0.892857,166.524
1.49637,0.901786,167.838
1.49637,0.910714,169.881
1.49637,0.919643,172.292
1.49637,0.928571,174.09
1.49637,0.9375,175.019
1.49637,0.946429,175.991
1.49637,0.955357,176.561
1.49637,0.964286,177.006
1.49637,0.973214,177.821
1.49637,0.982143,176.935
1.49637,0.991071,176.935
1.49637,1,174.679
1.49637,1.00893,173.608
1.49637,1.01786,173.825
1.49637,1.02679,172.971
1.49637,1.03571,172.416
1.49637,1.04464,170.747
1.49637,1.05357,168.605
1.49637,1.0625,166.11
1.49637,1.07143,166.658
1.49637,1.08036,163.505
1.49637,1.08929,159.227
1.49637,1.09821,162.868
1.49637,1.10714,155.879
1.49637,1.11607,155.363
1.49637,1.125,150.271
1.49637,1.13393,148.489
1.49637,1.14286,144.234
1.49637,1.15179,140.968
1.49637,1.16071,135.36
1.49637,1.16964,133.795
1.49637,1.17857,126.828
1.49637,1.1875,116.149
1.49637,1.19643,112.111
1.49637,1.20536,107.834
1.49637,1.21429,104.557
1.49637,1.22321,99.878
1.49637,1.23214,95.188
1.49637,1.24107,89.253
1.49637,1.25,88.851
1.49637,1.25893,86.449
1.49637,1.26786,85.449
1.49637,1.27679,84.15
1.49637,1.28571,83.851
1.49637,1.29464,84.15
1.49637,1.30357,83.862
1.49637,1.3125,83.574
1.49637,1.32143,84.585
1.49637,1.33036,84.667
1.49637,1.33929,86.265
1.49637,1.34821,87.048
1.49637,1.35714,88.842
1.49637,1.36607,89.935
1.49637,1.375,90.903
1.49637,1.38393,92.925
1.49637,1.39286,93.409
1.49637,1.40179,93.534
1.49637,1.41071,93.741
1.49637,1.41964,93.051
1.49637,1.42857,92.66
1.49637,1.4375,93.372
1.49637,1.44643,92.645
1.49637,1.45536,92.938
1.49637,1.46429,90.508
1.49637,1.47321,91.422
1.49637,1.48214,87.982
1.49637,1.49107,86.428
1.49637,1.5,82.553
1.49637,1.50893,81.841
1.49637,1.51786,88.129
1.48668,0,154.807
1.48668,0.00892857,58.206
1.48668,0.0178571,53.856
1.48668,0.0267857,57.671
1.48668,0.0357143,57.671
1.48668,0.0446429,57.671
1.48668,0.0535714,57.671
1.48668,0.0625,57.671
1.48668,0.0714286,57.671
1.48668,0.0803571,57.671
1.48668,0.0892857,57.671
1.48668,0.0982143,57.671
1.48668,0.107143,57.671
1.48668,0.116071,57.671
1.48668,0.125,57.671
1.48668,0.133929,57.671
1.48668,0.142857,57.671
1.48668,0.151786,57.671
1.48668,0.160714,57.671
1.48668,0.169643,57.671
1.48668,0.178571,57.671
1.48668,0.1875,57.671
1.48668,0.196429,57.671
1.48668,0.205357,57.671
1.48668,0.214286,57.671
1.48668,0.223214,57.671
1.48668,0.232143,57.503
1.48668,0.241071,56.241
1.48668,0.25,58.523
1.48668,0.258929,57.144
1.48668,0.267857,98.567
1.48668,0.276786,151.127
1.48668,0.285714,149.073
1.48668,0.294643,148.606
1.48668,0.303571,150.09
1.48668,0.3125,150.09
1.48668,0.321429,150.09
1.48668,0.330357,150.09
1.48668,0.339286,150.09
1.48668,0.348214,150.09
1.48668,0.357143,150.09
1.48668,0.366071,149.976
1.48668,0.375,149.976
1.48668,0.383929,149.976
1.48668,0.392857,149.976
1.48668,0.401786,149.976
1.48668,0.410714,150.976
1.48668,0.419643,150.976
1.48668,0.428571,150.976
1.48668,0.4375,150.688
1.48668,0.446429,150.987
1.48668,0.455357,150.987
1.48668,0.464286,150.987
1.48668,0.473214,150.987
1.48668,0.482143,150.987
1.48668,0.491071,150.987
1.48668,0.5,150.987
1.48668,0.508929,149.976
1.48668,0.517857,149.976
1.48668,0.526786,149.976
1.48668,0.535714,149.976
1.48668,0.544643,149.976
1.48668,0.553571,149.976
1.48668,0.5625,149.976
1.48668,0.571429,149.976
1.48668,0.580357,149.976
1.48668,0.589286,149.976
1.48668,0.598214,149.976
1.48668,0.607143,149.976
1.48668,0.616071,149.976
1.48668,0.625,149.976
1.48668,0.633929,149.976
1.48668,0.642857,147.791
1.48668,0.651786,147.09
1.48668,0.660714,150.688
1.48668,0.669643,160.471
1.48668,0.678571,149.585
1.48668,0.6875,150.286
1.48668,0.696429,147.802
1.48668,0.705357,150.791
1.48668,0.714286,150.688
1.48668,0.723214,150.987
1.48668,0.732143,150.759
1.48668,0.741071,150.759
1.48668,0.75,150.759
1.48668,0.758929,150.759
1.48668,0.767857,150.759
1.48668,0.776786,150.873
1.48668,0.785714,150.09
1.48668,0.794643,150.987
1.48668,0.803571,151.172
1.48668,0.8125,151.83
1.48668,0.821429,151.058
1.48668,0.830357,153.856
1.48668,0.839286,155.295
1.48668,0.848214,158.25
1.48668,0.857143,157.661
1.48668,0.866071,161.801
1.48668,0.875,163.283
1.48668,0.883929,164.167
1.48668,0.892857,167.883
1.48668,0.901786,168.838
1.48668,0.910714,170.109
1.48668,0.919643,173.178
1.48668,0.928571,172.563
1.48668,0.9375,173.29
1.48668,0.946429,176.675
1.48668,0.955357,176.892
1.48668,0.964286,177.892
1.48668,0.973214,176.892
1.48668,0.982143,175.647
1.48668,0.991071,176.804
1.48668,1,175.907
1.48668,1.00893,175.124
1.48668,1.01786,174.113
1.48668,1.02679,173.558
1.48668,1.03571,171.416
1.48668,1.04464,170.687
1.48668,1.05357,168.192
1.48668,1.0625,164.626
1.48668,1.07143,167.174
1.48668,1.08036,160.309
1.48668,1.08929,159.868
1.48668,1.09821,161.982
1.48668,1.10714,157.509
1.48668,1.11607,156.292
1.48668,1.125,153.075
1.48668,1.13393,148.097
1.48668,1.14286,148.842
1.48668,1.15179,139.658
1.48668,1.16071,134.278
1.48668,1.16964,133.382
1.48668,1.17857,126.116
1.48668,1.1875,122.85
1.48668,1.19643,119.171
1.48668,1.20536,110.894
1.48668,1.21429,105.204
1.48668,1.22321,103.215
1.48668,1.23214,95.753
1.48668,1.24107,92.188
1.48668,1.25,89.623
1.48668,1.25893,87.933
1.48668,1.26786,85.933
1.48668,1.27679,84.933
1.48668,1.28571,82.933
1.48668,1.29464,83.161
1.48668,1.30357,84.161
1.48668,1.3125,83.574
1.48668,1.32143,83.873
1.48668,1.33036,85.841
1.48668,1.33929,85.738
1.48668,1.34821,86.45
1.48668,1.35714,87.646
1.48668,1.36607,89.554
1.48668,1.375,90.049
1.48668,1.38393,91.43
1.48668,1.39286,91.626
1.48668,1.40179,93.349
1.48668,1.41071,93.36
1.48668,1.41964,93.442
1.48668,1.42857,93.051
1.48668,1.4375,92.546
1.48668,1.44643,92.443
1.48668,1.45536,92.443
1.48668,1.46429,92.041
1.48668,1.47321,91.433
1.48668,1.48214,89.167
1.48668,1.49107,87.129
1.48668,1.5,85.14
1.48668,1.50893,80.232
1.48668,1.51786,93.9
1.477,0,157.405
1.477,0.00892857,69.374
1.477,0.0178571,53.959
1.477,0.0267857,56.671
1.477,0.0357143,57.671
1.477,0.0446429,57.671
1.477,0.0535714,57.671
1.477,0.0625,57.671
1.477,0.0714286,57.671
1.477,0.0803571,57.671
1.477,0.0892857,57.671
1.477,0.0982143,57.671
1.477,0.107143,57.671
1.477,0.116071,57.671
1.477,0.125,57.671
1.477,0.133929,57.671
1.477,0.142857,57.671
1.477,0.151786,57.671
1.477,0.160714,57.671
1.477,0.169643,57.671
1.477,0.178571,57.671
1.477,0.1875,57.671
1.477,0.196429,57.671
1.477,0.205357,57.671
1.477,0.214286,57.671
1.477,0.223214,57.671
1.477,0.232143,56.802
1.477,0.241071,57.828
1.477,0.25,57.54
1.477,0.258929,56.552
1.477,0.267857,138.237
1.477,0.276786,146.546
1.477,0.285714,149.073
1.477,0.294643,149.378
1.477,0.303571,149.976
1.477,0.3125,150.09
1.477,0.321429,150.09
1.477,0.330357,150.09
1.477,0.339286,150.09
1.477,0.348214,150.09
1.477,0.357143,150.09
1.477,0.366071,149.976
1.477,0.375,149.976
1.477,0.383929,149.976
1.477,0.392857,149.976
1.477,0.401786,149.976
1.477,0.410714,150.976
1.477,0.419643,150.976
1.477,0.428571,150.976
1.477,0.4375,150.688
1.477,0.446429,150.987
1.477,0.455357,150.987
1.477,0.464286,150.987
1.477,0.473214,150.987
1.477,0.482143,150.987
1.477,0.491071,150.987
1.477,0.5,150.987
1.477,0.508929,149.976
1.477,0.517857,149.976
1.477,0.526786,149.976
1.477,0.535714,149.976
1.477,0.544643,149.976
1.477,0.553571,149.976
1.477,0.5625,149.976
1.477,0.571429,149.976
1.477,0.580357,149.976
1.477,0.589286,149.976
1.477,0.598214,149.976
1.477,0.607143,149.976
1.477,0.616071,149.976
1.477,0.625,149.976
1.477,0.633929,149.976
1.477,0.642857,148.09
1.477,0.651786,149.09
1.477,0.660714,150.987
1.477,0.669643,151.77
1.477,0.678571,149.77
1.477,0.6875,150.987
1.477,0.696429,149.688
1.477,0.705357,150.09
1.477,0.714286,151.101
1.477,0.723214,150.987
1.477,0.732143,150.987
1.477,0.741071,150.987
1.477,0.75,150.987
1.477,0.758929,150.987
1.477,0.767857,150.987
1.477,0.776786,150.987
1.477,0.785714,151.101
1.477,0.794643,150.514
1.477,0.803571,151.585
1.477,0.8125,151.77
1.477,0.821429,152.585
1.477,0.830357,153.91
1.477,0.839286,155.523
1.477,0.848214,155.777
1.477,0.857143,159.205
1.477,0.866071,159.687
1.477,0.875,162.055
1.477,0.883929,164.412
1.477,0.892857,166.655
1.477,0.901786,168.197
1.477,0.910714,170.81
1.477,0.919643,173.765
1.477,0.928571,173.492
1.477,0.9375,174.105
1.477,0.946429,177.376
1.477,0.955357,175.892
1.477,0.964286,176.892
1.477,0.973214,178.12
1.477,0.982143,176.761
1.477,0.991071,176.69
1.477,1,175.793
1.477,1.00893,174.01
1.477,1.01786,173.113
1.477,1.02679,172.145
1.477,1.03571,172.302
1.477,1.04464,171.932
1.477,1.05357,169.192
1.477,1.0625,168.512
1.477,1.07143,168.359
1.477,1.08036,160.309
1.477,1.08929,160.868
1.477,1.09821,159.085
1.477,1.10714,157.797
1.477,1.11607,154.281
1.477,1.125,152.178
1.477,1.13393,151.798
1.477,1.14286,148.842
1.477,1.15179,142.533
1.477,1.16071,142.267
1.477,1.16964,132.186
1.477,1.17857,132.105
1.477,1.1875,125.54
1.477,1.19643,120.459
1.477,1.20536,115.182
1.477,1.21429,109.492
1.477,1.22321,106.329
1.477,1.23214,99.454
1.477,1.24107,96.291
1.477,1.25,91.612
1.477,1.25893,88.221
1.477,1.26786,87.221
1.477,1.27679,85.221
1.477,1.28571,83.933
1.477,1.29464,84.047
1.477,1.30357,84.161
1.477,1.3125,84.161
1.477,1.32143,83.574
1.477,1.33036,84.542
1.477,1.33929,85.727
1.477,1.34821,86.325
1.477,1.35714,86.162
1.477,1.36607,87.543
1.477,1.375,88.75
1.477,1.38393,91.131
1.477,1.39286,92.327
1.477,1.40179,93.637
1.477,1.41071,93.349
1.477,1.41964,92.431
1.477,1.42857,92.453
1.477,1.4375,92.361
1.477,1.44643,92.557
1.477,1.45536,92.742
1.477,1.46429,92.226
1.477,1.47321,90.547
1.477,1.48214,89.868
1.477,1.49107,87.944
1.477,1.5,85.439
1.477,1.50893,85.14
1.477,1.51786,83.232
1.46731,0,158.869
1.46731,0.00892857,86.946
1.46731,0.0178571,57.133
1.46731,0.0267857,56.671
1.46731,0.0357143,57.671
1.46731,0.0446429,57.671
1.46731,0.0535714,57.671
1.46731,0.0625,57.671
1.46731,0.0714286,57.671
1.46731,0.0803571,57.671
1.46731,0.0892857,57.671
1.46731,0.0982143,57.671
1.46731,0.107143,57.671
1.46731,0.116071,57.671
1.46731,0.125,57.671
1.46731,0.133929,57.671
1.46731,0.142857,57.671
1.46731,0.151786,57.671
1.46731,0.160714,57.671
1.46731,0.169643,57.671
1.46731,0.178571,57.671
1.46731,0.1875,57.671
1.46731,0.196429,57.671
1.46731,0.205357,57.671
1.46731,0.214286,57.671
1.46731,0.223214,57.671
1.46731,0.232143,56.041
1.46731,0.241071,57.959
1.46731,0.25,57.329
1.46731,0.258929,59.813
1.46731,0.267857,147.668
1.46731,0.276786,150.677
1.46731,0.285714,148.959
1.46731,0.294643,149.335
1.46731,0.303571,149.976
1.46731,0.3125,150.09
1.46731,0.321429,150.09
1.46731,0.330357,150.09
1.46731,0.339286,151.09
1.46731,0.348214,151.09
1.46731,0.357143,151.09
1.46731,0.366071,150.976
1.46731,0.375,150.976
1.46731,0.383929,150.976
1.46731,0.392857,150.976
1.46731,0.401786,150.976
1.46731,0.410714,150.976
1.46731,0.419643,150.976
1.46731,0.428571,150.976
1.46731,0.4375,150.688
1.46731,0.446429,150.987
1.46731,0.455357,150.987
1.46731,0.464286,150.987
1.46731,0.473214,150.987
1.46731,0.482143,150.987
1.46731,0.491071,150.987
1.46731,0.5,150.987
1.46731,0.508929,150.976
1.46731,0.517857,150.976
1.46731,0.526786,150.976
1.46731,0.535714,150.976
1.46731,0.544643,150.976
1.46731,0.553571,150.976
1.46731,0.5625,150.976
1.46731,0.571429,150.976
1.46731,0.580357,150.976
1.46731,0.589286,150.976
1.46731,0.598214,150.976
1.46731,0.607143,150.976
1.46731,0.616071,150.976
1.46731,0.625,150.976
1.46731,0.633929,150.976
1.46731,0.642857,149.976
1.46731,0.651786,148.987
1.46731,0.660714,150.759
1.46731,0.669643,149.471
1.46731,0.678571,147.77
1.46731,0.6875,149.058
1.46731,0.696429,150.987
1.46731,0.705357,150.976
1.46731,0.714286,150.987
1.46731,0.723214,151.101
1.46731,0.732143,151.101
1.46731,0.741071,151.101
1.46731,0.75,151.101
1.46731,0.758929,151.101
1.46731,0.767857,151.101
1.46731,0.776786,151.101
1.46731,0.785714,151.101
1.46731,0.794643,151.813
1.46731,0.803571,151.699
1.46731,0.8125,151.998
1.46731,0.821429,153.813
1.46731,0.830357,153.551
1.46731,0.839286,155.691
1.46731,0.848214,155.478
1.46731,0.857143,158.977
1.46731,0.866071,158.932
1.46731,0.875,160.3
1.46731,0.883929,165.07
1.46731,0.892857,166.498
1.46731,0.901786,166.855
1.46731,0.910714,168.881
1.46731,0.919643,172.537
1.46731,0.928571,173.563
1.46731,0.9375,174.518
1.46731,0.946429,176.675
1.46731,0.955357,176.12
1.46731,0.964286,177.12
1.46731,0.973214,177.647
1.46731,0.982143,176.875
1.46731,0.991071,177.163
1.46731,1,175.793
1.46731,1.00893,176.01
1.46731,1.01786,174.227
1.46731,1.02679,171.672
1.46731,1.03571,172.302
1.46731,1.04464,170.932
1.46731,1.05357,169.551
1.46731,1.0625,167.099
1.46731,1.07143,163.359
1.46731,1.08036,161.206
1.46731,1.08929,161.64
1.46731,1.09821,161.384
1.46731,1.10714,158.085
1.46731,1.11607,156.096
1.46731,1.125,153.281
1.46731,1.13393,153.374
1.46731,1.14286,151.532
1.46731,1.15179,143.924
1.46731,1.16071,139.957
1.46731,1.16964,138.637
1.46731,1.17857,134.784
1.46731,1.1875,127.817
1.46731,1.19643,123.149
1.46731,1.20536,122.285
1.46731,1.21429,114.595
1.46731,1.22321,109.905
1.46731,1.23214,103.557
1.46731,1.24107,99.579
1.46731,1.25,94.9
1.46731,1.25893,91.21
1.46731,1.26786,89.509
1.46731,1.27679,87.221
1.46731,1.28571,85.221
1.46731,1.29464,84.047
1.46731,1.30357,84.161
1.46731,1.3125,84.161
1.46731,1.32143,84.161
1.46731,1.33036,84.645
1.46731,1.33929,84.955
1.46731,1.34821,85.966
1.46731,1.35714,84.977
1.46731,1.36607,88.771
1.46731,1.375,90.152
1.46731,1.38393,91.12
1.46731,1.39286,91.316
1.46731,1.40179,92.914
1.46731,1.41071,92.626
1.46731,1.41964,92.061
1.46731,1.42857,92.154
1.46731,1.4375,92.35
1.46731,1.44643,92.073
1.46731,1.45536,92.856
1.46731,1.46429,92.34
1.46731,1.47321,92.547
1.46731,1.48214,90.085
1.46731,1.49107,88.819
1.46731,1.5,88.14
1.46731,1.50893,83.564
1.46731,1.51786,84.575
1.45763,0,158.105
1.45763,0.00892857,106.089
1.45763,0.0178571,56.193
1.45763,0.0267857,57.97
1.45763,0.0357143,57.671
1.45763,0.0446429,57.671
1.45763,0.0535714,57.671
1.45763,0.0625,57.671
1.45763,0.0714286,57.671
1.45763,0.0803571,57.671
1.45763,0.0892857,57.671
1.45763,0.0982143,57.671
1.45763,0.107143,57.671
1.45763,0.116071,57.671
1.45763,0.125,57.671
1.45763,0.133929,57.671
1.45763,0.142857,57.671
1.45763,0.151786,57.671
1.45763,0.160714,57.671
1.45763,0.169643,57.671
1.45763,0.178571,57.671
1.45763,0.1875,57.671
1.45763,0.196429,57.671
1.45763,0.205357,57.671
1.45763,0.214286,57.671
1.45763,0.223214,57.671
1.45763,0.232143,58.497
1.45763,0.241071,58.959
1.45763,0.25,57.802
1.45763,0.258929,62.667
1.45763,0.267857,147.925
1.45763,0.276786,149.791
1.45763,0.285714,150.073
1.45763,0.294643,148.46
1.45763,0.303571,149.389
1.45763,0.3125,150.09
1.45763,0.321429,150.09
1.45763,0.330357,150.09
1.45763,0.339286,151.09
1.45763,0.348214,151.09
1.45763,0.357143,151.09
1.45763,0.366071,150.389
1.45763,0.375,150.987
1.45763,0.383929,150.987
1.45763,0.392857,150.987
1.45763,0.401786,150.987
1.45763,0.410714,150.987
1.45763,0.419643,150.987
1.45763,0.428571,150.987
1.45763,0.4375,150.987
1.45763,0.446429,150.987
1.45763,0.455357,150.987
1.45763,0.464286,150.987
1.45763,0.473214,150.987
1.45763,0.482143,150.987
1.45763,0.491071,150.987
1.45763,0.5,150.987
1.45763,0.508929,150.987
1.45763,0.517857,150.987
1.45763,0.526786,150.987
1.45763,0.535714,150.987
1.45763,0.544643,150.987
1.45763,0.553571,150.987
1.45763,0.5625,150.987
1.45763,0.571429,150.987
1.45763,0.580357,150.987
1.45763,0.589286,150.987
1.45763,0.598214,150.987
1.45763,0.607143,150.987
1.45763,0.616071,150.987
1.45763,0.625,150.987
1.45763,0.633929,150.987
1.45763,0.642857,151.275
1.45763,0.651786,150.161
1.45763,0.660714,150.759
1.45763,0.669643,148.129
1.45763,0.678571,151.129
1.45763,0.6875,149.058
1.45763,0.696429,153.346
1.45763,0.705357,151.574
1.45763,0.714286,150.759
1.45763,0.723214,150.759
1.45763,0.732143,150.987
1.45763,0.741071,151.101
1.45763,0.75,151.101
1.45763,0.758929,151.101
1.45763,0.767857,150.987
1.45763,0.776786,150.987
1.45763,0.785714,152.058
1.45763,0.794643,151.699
1.45763,0.803571,153.112
1.45763,0.8125,152.112
1.45763,0.821429,153.454
1.45763,0.830357,153.067
1.45763,0.839286,157.392
1.45763,0.848214,156.592
1.45763,0.857143,158.265
1.45763,0.866071,159.818
1.45763,0.875,161.474
1.45763,0.883929,162.842
1.45763,0.892857,166.085
1.45763,0.901786,167.513
1.45763,0.910714,168.952
1.45763,0.919643,172.021
1.45763,0.928571,172.976
1.45763,0.9375,174.589
1.45763,0.946429,175.675
1.45763,0.955357,177.12
1.45763,0.964286,178.12
1.45763,0.973214,176.647
1.45763,0.982143,176.163
1.45763,0.991071,176.565
1.45763,1,175.494
1.45763,1.00893,174.711
1.45763,1.01786,172.156
1.45763,1.02679,171.373
1.45763,1.03571,171.003
1.45763,1.04464,169.932
1.45763,1.05357,169.964
1.45763,1.0625,168.099
1.45763,1.07143,166.832
1.45763,1.08036,164.266
1.45763,1.08929,162.526
1.45763,1.09821,156.971
1.45763,1.10714,157.085
1.45763,1.11607,156.085
1.45763,1.125,157.982
1.45763,1.13393,152.303
1.45763,1.14286,148.407
1.45763,1.15179,142.554
1.45763,1.16071,144.935
1.45763,1.16964,139.669
1.45763,1.17857,133.061
1.45763,1.1875,132.208
1.45763,1.19643,124.839
1.45763,1.20536,118.861
1.45763,1.21429,116.769
1.45763,1.22321,108.307
1.45763,1.23214,104.845
1.45763,1.24107,100.155
1.45763,1.25,98.177
1.45763,1.25893,94.313
1.45763,1.26786,91.21
1.45763,1.27679,88.21
1.45763,1.28571,85.922
1.45763,1.29464,84.748
1.45763,1.30357,84.161
1.45763,1.3125,84.161
1.45763,1.32143,84.161
1.45763,1.33036,84.645
1.45763,1.33929,85.243
1.45763,1.34821,84.955
1.45763,1.35714,84.966
1.45763,1.36607,87.874
1.45763,1.375,88.956
1.45763,1.38393,90.522
1.45763,1.39286,91.12
1.45763,1.40179,92.131
1.45763,1.41071,91.615
1.45763,1.41964,92.936
1.45763,1.42857,93.431
1.45763,1.4375,92.051
1.45763,1.44643,92.66
1.45763,1.45536,92.383
1.45763,1.46429,92.166
1.45763,1.47321,91.775
1.45763,1.48214,90.487
1.45763,1.49107,88.808
1.45763,1.5,88.417
1.45763,1.50893,86.852
1.45763,1.51786,86.575
1.44794,0,156.163
1.44794,0.00892857,122.485
1.44794,0.0178571,56.242
1.44794,0.0267857,57.671
1.44794,0.0357143,57.671
1.44794,0.0446429,57.671
1.44794,0.0535714,57.671
1.44794,0.0625,57.671
1.44794,0.0714286,57.671
1.44794,0.0803571,57.671
1.44794,0.0892857,57.671
1.44794,0.0982143,57.671
1.44794,0.107143,57.671
1.44794,0.116071,57.671
1.44794,0.125,57.671
1.44794,0.133929,57.671
1.44794,0.142857,57.671
1.44794,0.151786,57.671
1.44794,0.160714,57.671
1.44794,0.169643,57.671
1.44794,0.178571,57.671
1.44794,0.1875,57.671
1.44794,0.196429,57.671
1.44794,0.205357,57.671
1.44794,0.214286,57.671
1.44794,0.223214,57.671
1.44794,0.232143,58.138
1.44794,0.241071,58.475
1.44794,0.25,54.503
1.44794,0.258929,68.168
1.44794,0.267857,149.197
1.44794,0.276786,149.503
1.44794,0.285714,149.774
1.44794,0.294643,150.101
1.44794,0.303571,150.987
1.44794,0.3125,150.987
1.44794,0.321429,150.987
1.44794,0.330357,150.987
1.44794,0.339286,150.987
1.44794,0.348214,150.987
1.44794,0.357143,150.987
1.44794,0.366071,150.987
1.44794,0.375,150.987
1.44794,0.383929,150.987
1.44794,0.392857,150.987
1.44794,0.401786,150.987
1.44794,0.410714,150.987
1.44794,0.419643,150.987
1.44794,0.428571,150.987
1.44794,0.4375,150.987
1.44794,0.446429,150.987
1.44794,0.455357,150.987
1.44794,0.464286,150.987
1.44794,0.473214,150.987
1.44794,0.482143,150.987
1.44794,0.491071,149.987
1.44794,0.5,149.987
1.44794,0.508929,149.987
1.44794,0.517857,150.987
1.44794,0.526786,150.987
1.44794,0.535714,150.987
1.44794,0.544643,150.987
1.44794,0.553571,150.987
1.44794,0.5625,150.987
1.44794,0.571429,150.987
1.44794,0.580357,150.987
1.44794,0.589286,150.987
1.44794,0.598214,150.987
1.44794,0.607143,150.987
1.44794,0.616071,150.987
1.44794,0.625,150.987
1.44794,0.633929,150.987
1.44794,0.642857,150.987
1.44794,0.651786,150.987
1.44794,0.660714,151.172
1.44794,0.669643,151.058
1.44794,0.678571,151.058
1.44794,0.6875,150.058
1.44794,0.696429,151.286
1.44794,0.705357,150.987
1.44794,0.714286,152.232
1.44794,0.723214,152.118
1.44794,0.732143,151.987
1.44794,0.741071,152.101
1.44794,0.75,151.101
1.44794,0.758929,151.101
1.44794,0.767857,151.987
1.44794,0.776786,151.346
1.44794,0.785714,151.574
1.44794,0.794643,152.4
1.44794,0.803571,153.041
1.44794,0.8125,153.041
1.44794,0.821429,154.383
1.44794,0.830357,155.583
1.44794,0.839286,156.136
1.44794,0.848214,157.407
1.44794,0.857143,159.379
1.44794,0.866071,160.405
1.44794,0.875,161.36
1.44794,0.883929,164.201
1.44794,0.892857,164.743
1.44794,0.901786,166.997
1.44794,0.910714,168.838
1.44794,0.919643,169.679
1.44794,0.928571,172.52
1.44794,0.9375,174.948
1.44794,0.946429,175.447
1.44794,0.955357,176.892
1.44794,0.964286,176.821
1.44794,0.973214,176.935
1.44794,0.982143,176.69
1.44794,0.991071,174.853
1.44794,1,175.195
1.44794,1.00893,172.113
1.44794,1.01786,173.085
1.44794,1.02679,172.302
1.44794,1.03571,171.704
1.44794,1.04464,171.035
1.44794,1.05357,167.594
1.44794,1.0625,165.615
1.44794,1.07143,165.06
1.44794,1.08036,164.793
1.44794,1.08929,160.939
1.44794,1.09821,161.27
1.44794,1.10714,159.085
1.44794,1.11607,156.313
1.44794,1.125,155.395
1.44794,1.13393,155.417
1.44794,1.14286,150.048
1.44794,1.15179,145.429
1.44794,1.16071,144.636
1.44794,1.16964,141.245
1.44794,1.17857,138.979
1.44794,1.1875,135.485
1.44794,1.19643,123.116
1.44794,1.20536,122.437
1.44794,1.21429,120.171
1.44794,1.22321,113.709
1.44794,1.23214,108.834
1.44794,1.24107,104.845
1.44794,1.25,97.867
1.44794,1.25893,94.889
1.44794,1.26786,93.9
1.44794,1.27679,90.21
1.44794,1.28571,85.922
1.44794,1.29464,84.748
1.44794,1.30357,84.161
1.44794,1.3125,83.862
1.44794,1.32143,84.449
1.44794,1.33036,84.161
1.44794,1.33929,84.873
1.44794,1.34821,84.884
1.44794,1.35714,85.482
1.44794,1.36607,85.863
1.44794,1.375,87.657
1.44794,1.38393,89.44
1.44794,1.39286,91.049
1.44794,1.40179,89.12
1.44794,1.41071,90.43
1.44794,1.41964,94.626
1.44794,1.42857,92.648
1.44794,1.4375,92.855
1.44794,1.44643,92.763
1.44794,1.45536,93.671
1.44794,1.46429,92.867
1.44794,1.47321,92.074
1.44794,1.48214,91.487
1.44794,1.49107,90.498
1.44794,1.5,87.808
1.44794,1.50893,86.83
1.44794,1.51786,83.852
1.43826,0,242.708
1.43826,0.00892857,201.098
1.43826,0.0178571,55.275
1.43826,0.0267857,56.671
1.43826,0.0357143,57.671
1.43826,0.0446429,57.671
1.43826,0.0535714,57.671
1.43826,0.0625,57.671
1.43826,0.0714286,57.671
1.43826,0.0803571,57.671
1.43826,0.0892857,57.671
1.43826,0.0982143,57.671
1.43826,0.107143,57.671
1.43826,0.116071,57.671
1.43826,0.125,57.671
1.43826,0.133929,57.671
1.43826,0.142857,57.671
1.43826,0.151786,57.671
1.43826,0.160714,57.671
1.43826,0.169643,57.671
1.43826,0.178571,57.671
1.43826,0.1875,57.671
1.43826,0.196429,57.671
1.43826,0.205357,57.671
1.43826,0.214286,57.671
1.43826,0.223214,57.671
1.43826,0.232143,58.437
1.43826,0.241071,58.475
1.43826,0.25,56.66
1.43826,0.258929,109.54
1.43826,0.267857,149.235
1.43826,0.276786,149.389
1.43826,0.285714,150.133
1.43826,0.294643,150.34
1.43826,0.303571,150.4
1.43826,0.3125,150.987
1.43826,0.321429,150.987
1.43826,0.330357,150.987
1.43826,0.339286,150.987
1.43826,0.348214,150.987
1.43826,0.357143,150.987
1.43826,0.366071,150.987
1.43826,0.375,150.987
1.43826,0.383929,150.987
1.43826,0.392857,150.987
1.43826,0.401786,150.987
1.43826,0.410714,150.987
1.43826,0.419643,150.987
1.43826,0.428571,150.987
1.43826,0.4375,150.987
1.43826,0.446429,151.286
1.43826,0.455357,151.286
1.43826,0.464286,151.286
1.43826,0.473214,152.286
1.43826,0.482143,152.286
1.43826,0.491071,151.286
1.43826,0.5,151.286
1.43826,0.508929,150.987
1.43826,0.517857,150.987
1.43826,0.526786,150.987
1.43826,0.535714,150.987
1.43826,0.544643,150.987
1.43826,0.553571,150.987
1.43826,0.5625,150.987
1.43826,0.571429,150.987
1.43826,0.580357,150.987
1.43826,0.589286,150.987
1.43826,0.598214,150.987
1.43826,0.607143,150.987
1.43826,0.616071,150.987
1.43826,0.625,150.987
1.43826,0.633929,150.987
1.43826,0.642857,151.4
1.43826,0.651786,151.813
1.43826,0.660714,151.699
1.43826,0.669643,152.172
1.43826,0.678571,152.058
1.43826,0.6875,152.286
1.43826,0.696429,150.813
1.43826,0.705357,152.813
1.43826,0.714286,152.232
1.43826,0.723214,151.873
1.43826,0.732143,152.101
1.43826,0.741071,152.557
1.43826,0.75,153.084
1.43826,0.758929,153.557
1.43826,0.767857,153.215
1.43826,0.776786,153.329
1.43826,0.785714,153.443
1.43826,0.794643,154.013
1.43826,0.803571,153.953
1.43826,0.8125,154.839
1.43826,0.821429,155.583
1.43826,0.830357,155.854
1.43826,0.839286,158.581
1.43826,0.848214,157.265
1.43826,0.857143,157.134
1.43826,0.866071,159.16
1.43826,0.875,161.474
1.43826,0.883929,162.973
1.43826,0.892857,164.515
1.43826,0.901786,166.47
1.43826,0.910714,168.909
1.43826,0.919643,170.75
1.43826,0.928571,172.292
1.43826,0.9375,174.72
1.43826,0.946429,175.92
1.43826,0.955357,176.778
1.43826,0.964286,177.18
1.43826,0.973214,176.935
1.43826,0.982143,176.565
1.43826,0.991071,175.369
1.43826,1,174.711
1.43826,1.00893,172.042
1.43826,1.01786,173.188
1.43826,1.02679,170.106
1.43826,1.03571,169.035
1.43826,1.04464,169.138
1.43826,1.05357,166.512
1.43826,1.0625,165.06
1.43826,1.07143,164.163
1.43826,1.08036,161.195
1.43826,1.08929,160.053
1.43826,1.09821,160.569
1.43826,1.10714,158.085
1.43826,1.11607,155.313
1.43826,1.125,154.808
1.43826,1.13393,156.015
1.43826,1.14286,152.048
1.43826,1.15179,149.842
1.43826,1.16071,145.451
1.43826,1.16964,143.245
1.43826,1.17857,143.381
1.43826,1.1875,133.702
1.43826,1.19643,131.507
1.43826,1.20536,127.426
1.43826,1.21429,116.861
1.43826,1.22321,111.171
1.43826,1.23214,110.41
1.43826,1.24107,109.133
1.43826,1.25,102.155
1.43826,1.25893,96.465
1.43826,1.26786,92.889
1.43826,1.27679,89.612
1.43826,1.28571,86.922
1.43826,1.29464,86.161
1.43826,1.30357,85.161
1.43826,1.3125,83.862
1.43826,1.32143,83.851
1.43826,1.33036,84.161
1.43826,1.33929,85.161
1.43826,1.34821,84.286
1.43826,1.35714,85.297
1.43826,1.36607,87.379
1.43826,1.375,86.76
1.43826,1.38393,87.842
1.43826,1.39286,89.739
1.43826,1.40179,89.821
1.43826,1.41071,89.419
1.43826,1.41964,90.615
1.43826,1.42857,93.925
1.43826,1.4375,93.143
1.43826,1.44643,93.051
1.43826,1.45536,93.361
1.43826,1.46429,93.269
1.43826,1.47321,92.291
1.43826,1.48214,92.661
1.43826,1.49107,89.786
1.43826,1.5,87.096
1.43826,1.50893,86.819
1.43826,1.51786,86.716
1.42857,0,245.42
1.42857,0.00892857,200.399
1.42857,0.0178571,67.499
1.42857,0.0267857,57.546
1.42857,0.0357143,57.671
1.42857,0.0446429,57.671
1.42857,0.0535714,57.671
1.42857,0.0625,57.671
1.42857,0.0714286,57.671
1.42857,0.0803571,57.671
1.42857,0.0892857,57.671
1.42857,0.0982143,57.671
1.42857,0.107143,57.671
1.42857,0.116071,57.671
1.42857,0.125,57.671
1.42857,0.133929,57.671
1.42857,0.142857,57.671
1.42857,0.151786,57.671
1.42857,0.160714,57.671
1.42857,0.169643,57.671
1.42857,0.178571,57.671
1.42857,0.1875,57.671
1.42857,0.196429,57.671
1.42857,0.205357,57.671
1.42857,0.214286,57.671
1.42857,0.223214,57.671
1.42857,0.232143,58.568
1.42857,0.241071,58.062
1.42857,0.25,57.546
1.42857,0.258929,136.151
1.42857,0.267857,149.045
1.42857,0.276786,149.879
1.42857,0.285714,150.694
1.42857,0.294643,150.639
1.42857,0.303571,150.4
1.42857,0.3125,150.987
1.42857,0.321429,150.987
1.42857,0.330357,150.987
1.42857,0.339286,150.987
1.42857,0.348214,150.987
1.42857,0.357143,150.987
1.42857,0.366071,150.987
1.42857,0.375,150.987
1.42857,0.383929,150.987
1.42857,0.392857,150.987
1.42857,0.401786,150.987
1.42857,0.410714,151.987
1.42857,0.419643,151.987
1.42857,0.428571,151.987
1.42857,0.4375,151.987
1.42857,0.446429,152.286
1.42857,0.455357,152.286
1.42857,0.464286,152.286
1.42857,0.473214,152.286
1.42857,0.482143,152.286
1.42857,0.491071,152.286
1.42857,0.5,152.286
1.42857,0.508929,151.987
1.42857,0.517857,151.987
1.42857,0.526786,151.987
1.42857,0.535714,151.987
1.42857,0.544643,151.987
1.42857,0.553571,151.987
1.42857,0.5625,151.987
1.42857,0.571429,151.987
1.42857,0.580357,151.987
1.42857,0.589286,151.987
1.42857,0.598214,151.987
1.42857,0.607143,151.987
1.42857,0.616071,151.987
1.42857,0.625,151.987
1.42857,0.633929,151.987
1.42857,0.642857,151.514
1.42857,0.651786,151.813
1.42857,0.660714,151.813
1.42857,0.669643,151.699
1.42857,0.678571,152.286
1.42857,0.6875,152.813
1.42857,0.696429,156.813
1.42857,0.705357,151.041
1.42857,0.714286,153.329
1.42857,0.723214,153.97
1.42857,0.732143,155.198
1.42857,0.741071,156.067
1.42857,0.75,154.181
1.42857,0.758929,154.953
1.42857,0.767857,153.839
1.42857,0.776786,154.426
1.42857,0.785714,156.398
1.42857,0.794643,155.452
1.42857,0.803571,156.093
1.42857,0.8125,155.794
1.42857,0.821429,157.196
1.42857,0.830357,156.282
1.42857,0.839286,157.607
1.42857,0.848214,159.063
1.42857,0.857143,160.291
1.42857,0.866071,160.975
1.42857,0.875,161.001
1.42857,0.883929,162.973
1.42857,0.892857,164.988
1.42857,0.901786,167.128
1.42857,0.910714,167.567
1.42857,0.919643,169.821
1.42857,0.928571,172.423
1.42857,0.9375,174.378
1.42857,0.946429,174.692
1.42857,0.955357,176.023
1.42857,0.964286,177.066
1.42857,0.973214,176.821
1.42857,0.982143,175.152
1.42857,0.991071,174.586
1.42857,1,172.814
1.42857,1.00893,172.014
1.42857,1.01786,171.117
1.42857,1.02679,169.921
1.42857,1.03571,169.366
1.42857,1.04464,166.067
1.42857,1.05357,165.843
1.42857,1.0625,166.217
1.42857,1.07143,166.021
1.42857,1.08036,161.423
1.42857,1.08929,160.053
1.42857,1.09821,159.868
1.42857,1.10714,158.096
1.42857,1.11607,157.324
1.42857,1.125,154.107
1.42857,1.13393,149.727
1.42857,1.14286,148.76
1.42857,1.15179,144.853
1.42857,1.16071,146.163
1.42857,1.16964,140.772
1.42857,1.17857,139.968
1.42857,1.1875,136.289
1.42857,1.19643,132.795
1.42857,1.20536,133.415
1.42857,1.21429,119.861
1.42857,1.22321,115.872
1.42857,1.23214,110.41
1.42857,1.24107,108.122
1.42857,1.25,107.432
1.42857,1.25893,102.454
1.42857,1.26786,94.59
1.42857,1.27679,95.601
1.42857,1.28571,88.922
1.42857,1.29464,88.748
1.42857,1.30357,87.449
1.42857,1.3125,84.15
1.42857,1.32143,82.851
1.42857,1.33036,83.503
1.42857,1.33929,83.802
1.42857,1.34821,84.802
1.42857,1.35714,85.112
1.42857,1.36607,85.493
1.42857,1.375,85.276
1.42857,1.38393,86.543
1.42857,1.39286,88.44
1.42857,1.40179,89.821
1.42857,1.41071,92.419
1.42857,1.41964,93.131
1.42857,1.42857,87.213
1.42857,1.4375,93.534
1.42857,1.44643,93.442
1.42857,1.45536,93.35
1.42857,1.46429,93.247
1.42857,1.47321,92.383
1.42857,1.48214,91.992
1.42857,1.49107,90.085
1.42857,1.5,88.808
1.42857,1.50893,86.118
1.42857,1.51786,87.2
1.41889,0,159.912
1.41889,0.00892857,149.381
1.41889,0.0178571,73.147
1.41889,0.0267857,57.535
1.41889,0.0357143,57.372
1.41889,0.0446429,57.258
1.41889,0.0535714,57.258
1.41889,0.0625,57.258
1.41889,0.0714286,57.258
1.41889,0.0803571,57.372
1.41889,0.0892857,57.372
1.41889,0.0982143,57.671
1.41889,0.107143,57.671
1.41889,0.116071,57.671
1.41889,0.125,57.671
1.41889,0.133929,57.671
1.41889,0.142857,57.671
1.41889,0.151786,57.671
1.41889,0.160714,57.671
1.41889,0.169643,57.671
1.41889,0.178571,57.671
1.41889,0.1875,57.671
1.41889,0.196429,57.671
1.41889,0.205357,57.671
1.41889,0.214286,57.671
1.41889,0.223214,57.671
1.41889,0.232143,57.383
1.41889,0.241071,57.421
1.41889,0.25,56.274
1.41889,0.258929,142.522
1.41889,0.267857,149.877
1.41889,0.276786,150.178
1.41889,0.285714,150.466
1.41889,0.294643,150.4
1.41889,0.303571,150.873
1.41889,0.3125,150.987
1.41889,0.321429,150.987
1.41889,0.330357,150.987
1.41889,0.339286,150.987
1.41889,0.348214,150.987
1.41889,0.357143,150.987
1.41889,0.366071,150.4
1.41889,0.375,151.226
1.41889,0.383929,151.699
1.41889,0.392857,151.699
1.41889,0.401786,152.286
1.41889,0.410714,152.286
1.41889,0.419643,152.286
1.41889,0.428571,151.699
1.41889,0.4375,152.286
1.41889,0.446429,152.286
1.41889,0.455357,151.699
1.41889,0.464286,151.4
1.41889,0.473214,153.4
1.41889,0.482143,153.699
1.41889,0.491071,153.286
1.41889,0.5,154.286
1.41889,0.508929,152.987
1.41889,0.517857,151.813
1.41889,0.526786,151.813
1.41889,0.535714,151.813
1.41889,0.544643,151.514
1.41889,0.553571,151.699
1.41889,0.5625,152.286
1.41889,0.571429,151.987
1.41889,0.580357,152.172
1.41889,0.589286,151.699
1.41889,0.598214,151.699
1.41889,0.607143,151.514
1.41889,0.616071,151.813
1.41889,0.625,151.813
1.41889,0.633929,151.514
1.41889,0.642857,152.454
1.41889,0.651786,153.269
1.41889,0.660714,153.041
1.41889,0.669643,153.041
1.41889,0.678571,152.383
1.41889,0.6875,154.024
1.41889,0.696429,151.024
1.41889,0.705357,153.024
1.41889,0.714286,153.953
1.41889,0.723214,154.594
1.41889,0.732143,155.637
1.41889,0.741071,156.979
1.41889,0.75,157.207
1.41889,0.758929,155.908
1.41889,0.767857,156.908
1.41889,0.776786,154.794
1.41889,0.785714,157.951
1.41889,0.794643,157.407
1.41889,0.803571,156.635
1.41889,0.8125,156.749
1.41889,0.821429,159.379
1.41889,0.830357,157.835
1.41889,0.839286,157.633
1.41889,0.848214,160.633
1.41889,0.857143,161.274
1.41889,0.866071,161.844
1.41889,0.875,162.93
1.41889,0.883929,161.201
1.41889,0.892857,163.7
1.41889,0.901786,165.954
1.41889,0.910714,167.393
1.41889,0.919643,167.066
1.41889,0.928571,170.081
1.41889,0.9375,173.335
1.41889,0.946429,173.464
1.41889,0.955357,175.208
1.41889,0.964286,176.55
1.41889,0.973214,176.707
1.41889,0.982143,174.152
1.41889,0.991071,174.287
1.41889,1,172.814
1.41889,1.00893,172.014
1.41889,1.01786,171.231
1.41889,1.02679,167.263
1.41889,1.03571,170.366
1.41889,1.04464,168.654
1.41889,1.05357,165.843
1.41889,1.0625,161.744
1.41889,1.07143,159.847
1.41889,1.08036,159.651
1.41889,1.08929,161.053
1.41889,1.09821,160.868
1.41889,1.10714,157.096
1.41889,1.11607,156.395
1.41889,1.125,152.993
1.41889,1.13393,152.314
1.41889,1.14286,148.347
1.41889,1.15179,147.38
1.41889,1.16071,146.576
1.41889,1.16964,139.772
1.41889,1.17857,140.968
1.41889,1.1875,134.278
1.41889,1.19643,128.67
1.41889,1.20536,131.806
1.41889,1.21429,127.85
1.41889,1.22321,118.16
1.41889,1.23214,111.997
1.41889,1.24107,108.122
1.41889,1.25,108.318
1.41889,1.25893,104.155
1.41889,1.26786,97.579
1.41889,1.27679,95.188
1.41889,1.28571,90.21
1.41889,1.29464,88.335
1.41889,1.30357,86.449
1.41889,1.3125,84.449
1.41889,1.32143,84.15
1.41889,1.33036,83.976
1.41889,1.33929,83.389
1.41889,1.34821,84.389
1.41889,1.35714,83.4
1.41889,1.36607,85.368
1.41889,1.375,86.678
1.41889,1.38393,87.771
1.41889,1.39286,89.956
1.41889,1.40179,90.223
1.41889,1.41071,88.419
1.41889,1.41964,91.718
1.41889,1.42857,89.213
1.41889,1.4375,92.822
1.41889,1.44643,92.844
1.41889,1.45536,93.051
1.41889,1.46429,93.247
1.41889,1.47321,92.671
1.41889,1.48214,91.394
1.41889,1.49107,91.188
1.41889,1.5,92.107
1.41889,1.50893,87.303
1.41889,1.51786,86.2
1.4092,0,158.609
1.4092,0.00892857,151.557
1.4092,0.0178571,87.49
1.4092,0.0267857,57.41
1.4092,0.0357143,57.372
1.4092,0.0446429,57.144
1.4092,0.0535714,57.731
1.4092,0.0625,57.731
1.4092,0.0714286,57.731
1.4092,0.0803571,57.959
1.4092,0.0892857,58.073
1.4092,0.0982143,57.671
1.4092,0.107143,57.671
1.4092,0.116071,57.671
1.4092,0.125,57.671
1.4092,0.133929,57.671
1.4092,0.142857,57.671
1.4092,0.151786,57.671
1.4092,0.160714,57.671
1.4092,0.169643,57.671
1.4092,0.178571,57.671
1.4092,0.1875,57.671
1.4092,0.196429,57.671
1.4092,0.205357,57.671
1.4092,0.214286,57.671
1.4092,0.223214,57.671
1.4092,0.232143,56.426
1.4092,0.241071,57.09
1.4092,0.25,55.867
1.4092,0.258929,148.865
1.4092,0.267857,150.546
1.4092,0.276786,150.46
1.4092,0.285714,150.09
1.4092,0.294643,150.987
1.4092,0.303571,150.759
1.4092,0.3125,150.873
1.4092,0.321429,150.873
1.4092,0.330357,150.987
1.4092,0.339286,150.987
1.4092,0.348214,150.987
1.4092,0.357143,150.987
1.4092,0.366071,150.813
1.4092,0.375,151.867
1.4092,0.383929,151.639
1.4092,0.392857,151.699
1.4092,0.401786,151.699
1.4092,0.410714,152.699
1.4092,0.419643,152.34
1.4092,0.428571,152.454
1.4092,0.4375,153.041
1.4092,0.446429,152.813
1.4092,0.455357,152.927
1.4092,0.464286,151.927
1.4092,0.473214,153.628
1.4092,0.482143,152.742
1.4092,0.491071,152.628
1.4092,0.5,153.041
1.4092,0.508929,153.329
1.4092,0.517857,153.742
1.4092,0.526786,154.97
1.4092,0.535714,152.97
1.4092,0.544643,152.97
1.4092,0.553571,152.329
1.4092,0.5625,151.215
1.4092,0.571429,150.987
1.4092,0.580357,152.172
1.4092,0.589286,151.813
1.4092,0.598214,151.927
1.4092,0.607143,152.155
1.4092,0.616071,153.084
1.4092,0.625,155.084
1.4092,0.633929,153.97
1.4092,0.642857,153.953
1.4092,0.651786,152.953
1.4092,0.660714,153.084
1.4092,0.669643,154.198
1.4092,0.678571,154.822
1.4092,0.6875,159.022
1.4092,0.696429,156.022
1.4092,0.705357,154.153
1.4092,0.714286,155.805
1.4092,0.723214,156.734
1.4092,0.732143,156.663
1.4092,0.741071,157.592
1.4092,0.75,157.749
1.4092,0.758929,157.792
1.4092,0.767857,158.906
1.4092,0.776786,159.721
1.4092,0.785714,157.835
1.4092,0.794643,160.063
1.4092,0.803571,159.992
1.4092,0.8125,162.22
1.4092,0.821429,163.089
1.4092,0.830357,161.317
1.4092,0.839286,159.659
1.4092,0.848214,161.431
1.4092,0.857143,160.958
1.4092,0.866071,161.702
1.4092,0.875,162.973
1.4092,0.883929,164.842
1.4092,0.892857,164.814
1.4092,0.901786,165.709
1.4092,0.910714,168.034
1.4092,0.919643,167.952
1.4092,0.928571,170.75
1.4092,0.9375,170.933
1.4092,0.946429,173.019
1.4092,0.955357,175.991
1.4092,0.964286,176.55
1.4092,0.973214,177.006
1.4092,0.982143,175.679
1.4092,0.991071,177.124
1.4092,1,175.64
1.4092,1.00893,169.672
1.4092,1.01786,170.117
1.4092,1.02679,169.263
1.4092,1.03571,168.181
1.4092,1.04464,166.996
1.4092,1.05357,166.555
1.4092,1.0625,165.228
1.4092,1.07143,160.32
1.4092,1.08036,157.352
1.4092,1.08929,159.857
1.4092,1.09821,158.085
1.4092,1.10714,155.683
1.4092,1.11607,155.58
1.4092,1.125,156.993
1.4092,1.13393,151.015
1.4092,1.14286,151.037
1.4092,1.15179,144.554
1.4092,1.16071,145.174
1.4092,1.16964,142.256
1.4092,1.17857,138.267
1.4092,1.1875,132.68
1.4092,1.19643,138.061
1.4092,1.20536,133.083
1.4092,1.21429,130.415
1.4092,1.22321,119.861
1.4092,1.23214,115.883
1.4092,1.24107,111.193
1.4092,1.25,105.318
1.4092,1.25893,102.144
1.4092,1.26786,100.155
1.4092,1.27679,98.579
1.4092,1.28571,93.487
1.4092,1.29464,89.509
1.4092,1.30357,88.047
1.4092,1.3125,85.449
1.4092,1.32143,84.449
1.4092,1.33036,84.449
1.4092,1.33929,84.449
1.4092,1.34821,84.161
1.4092,1.35714,83.873
1.4092,1.36607,84.955
1.4092,1.375,86.265
1.4092,1.38393,86.988
1.4092,1.39286,87.885
1.4092,1.40179,89.44
1.4092,1.41071,90.75
1.4092,1.41964,91.131
1.4092,1.42857,89.615
1.4092,1.4375,92.811
1.4092,1.44643,93.306
1.4092,1.45536,93.339
1.4092,1.46429,92.948
1.4092,1.47321,92.959
1.4092,1.48214,93.269
1.4092,1.49107,91.704
1.4092,1.5,89.498
1.4092,1.50893,87.52
1.4092,1.51786,87.118
1.39952,0,159.256
1.39952,0.00892857,150.617
1.39952,0.0178571,126.491
1.39952,0.0267857,57.117
1.39952,0.0357143,57.084
1.39952,0.0446429,57.671
1.39952,0.0535714,58.03
1.39952,0.0625,57.731
1.39952,0.0714286,57.731
1.39952,0.0803571,57.845
1.39952,0.0892857,57.845
1.39952,0.0982143,57.671
1.39952,0.107143,57.671
1.39952,0.116071,57.671
1.39952,0.125,57.671
1.39952,0.133929,57.671
1.39952,0.142857,57.671
1.39952,0.151786,57.671
1.39952,0.160714,57.671
1.39952,0.169643,57.671
1.39952,0.178571,57.671
1.39952,0.1875,57.671
1.39952,0.196429,57.671
1.39952,0.205357,57.671
1.39952,0.214286,57.671
1.39952,0.223214,57.671
1.39952,0.232143,56.725
1.39952,0.241071,57.557
1.39952,0.25,60.586
1.39952,0.258929,152.8
1.39952,0.267857,150.563
1.39952,0.276786,149.797
1.39952,0.285714,149.927
1.39952,0.294643,150.585
1.39952,0.303571,151.058
1.39952,0.3125,151.058
1.39952,0.321429,151.058
1.39952,0.330357,151.286
1.39952,0.339286,153.286
1.39952,0.348214,153.286
1.39952,0.357143,153.286
1.39952,0.366071,152.813
1.39952,0.375,153.041
1.39952,0.383929,152.927
1.39952,0.392857,152.699
1.39952,0.401786,152.286
1.39952,0.410714,151.699
1.39952,0.419643,152.927
1.39952,0.428571,153.155
1.39952,0.4375,153.269
1.39952,0.446429,153.97
1.39952,0.455357,155.084
1.39952,0.464286,155.084
1.39952,0.473214,155.198
1.39952,0.482143,154.198
1.39952,0.491071,153.198
1.39952,0.5,154.084
1.39952,0.508929,152.97
1.39952,0.517857,153.97
1.39952,0.526786,155.97
1.39952,0.535714,154.198
1.39952,0.544643,154.084
1.39952,0.553571,153.97
1.39952,0.5625,153.329
1.39952,0.571429,154.101
1.39952,0.580357,151.927
1.39952,0.589286,153.155
1.39952,0.598214,153.383
1.39952,0.607143,153.725
1.39952,0.616071,153.426
1.39952,0.625,154.426
1.39952,0.633929,154.426
1.39952,0.642857,154.839
1.39952,0.651786,153.426
1.39952,0.660714,154.084
1.39952,0.669643,155.084
1.39952,0.678571,152.882
1.39952,0.6875,154.794
1.39952,0.696429,157.794
1.39952,0.705357,156.153
1.39952,0.714286,157.25
1.39952,0.723214,157.293
1.39952,0.732143,157.407
1.39952,0.741071,157.564
1.39952,0.75,159.493
1.39952,0.758929,158.835
1.39952,0.767857,160.063
1.39952,0.776786,159.177
1.39952,0.785714,159.519
1.39952,0.794643,159.16
1.39952,0.803571,160.089
1.39952,0.8125,162.431
1.39952,0.821429,162.072
1.39952,0.830357,162.115
1.39952,0.839286,163.158
1.39952,0.848214,163.229
1.39952,0.857143,163.229
1.39952,0.866071,162.799
1.39952,0.875,162.728
1.39952,0.883929,163.472
1.39952,0.892857,164.156
1.39952,0.901786,166.068
1.39952,0.910714,167.507
1.39952,0.919643,168.066
1.39952,0.928571,171.565
1.39952,0.9375,172.819
1.39952,0.946429,174.019
1.39952,0.955357,174.877
1.39952,0.964286,177.92
1.39952,0.973214,177.006
1.39952,0.982143,176.391
1.39952,0.991071,175.423
1.39952,1,174.754
1.39952,1.00893,169.601
1.39952,1.01786,168.704
1.39952,1.02679,170.252
1.39952,1.03571,165.697
1.39952,1.04464,168.213
1.39952,1.05357,164.957
1.39952,1.0625,164.103
1.39952,1.07143,161.434
1.39952,1.08036,159.053
1.39952,1.08929,160.857
1.39952,1.09821,159.085
1.39952,1.10714,156.281
1.39952,1.11607,153.993
1.39952,1.125,150.292
1.39952,1.13393,156.015
1.39952,1.14286,149.037
1.39952,1.15179,146.141
1.39952,1.16071,141.875
1.39952,1.16964,141.669
1.39952,1.17857,140.267
1.39952,1.1875,138.68
1.39952,1.19643,136.36
1.39952,1.20536,133.795
1.39952,1.21429,128.817
1.39952,1.22321,121.149
1.39952,1.23214,118.171
1.39952,1.24107,113.595
1.39952,1.25,106.894
1.39952,1.25893,105.019
1.39952,1.26786,103.443
1.39952,1.27679,95.166
1.39952,1.28571,94.487
1.39952,1.29464,91.21
1.39952,1.30357,89.036
1.39952,1.3125,87.449
1.39952,1.32143,84.449
1.39952,1.33036,84.449
1.39952,1.33929,84.449
1.39952,1.34821,84.161
1.39952,1.35714,83.873
1.39952,1.36607,84.243
1.39952,1.375,85.966
1.39952,1.38393,86.276
1.39952,1.39286,88.472
1.39952,1.40179,89.44
1.39952,1.41071,91.049
1.39952,1.41964,91.131
1.39952,1.42857,88.843
1.39952,1.4375,93.099
1.39952,1.44643,93.007
1.39952,1.45536,93.04
1.39952,1.46429,92.649
1.39952,1.47321,93.546
1.39952,1.48214,93.269
1.39952,1.49107,91.704
1.39952,1.5,90.498
1.39952,1.50893,90.52
1.39952,1.51786,89.118
1.38983,0,160.615
1.38983,0.00892857,149.264
1.38983,0.0178571,146.373
1.38983,0.0267857,57.297
1.38983,0.0357143,57.91
1.38983,0.0446429,58.269
1.38983,0.0535714,57.443
1.38983,0.0625,57.443
1.38983,0.0714286,58.03
1.38983,0.0803571,57.731
1.38983,0.0892857,57.731
1.38983,0.0982143,57.671
1.38983,0.107143,57.671
1.38983,0.116071,57.671
1.38983,0.125,57.671
1.38983,0.133929,57.671
1.38983,0.142857,57.671
1.38983,0.151786,57.671
1.38983,0.160714,57.671
1.38983,0.169643,57.671
1.38983,0.178571,57.671
1.38983,0.1875,57.671
1.38983,0.196429,57.671
1.38983,0.205357,57.671
1.38983,0.214286,57.671
1.38983,0.223214,57.671
1.38983,0.232143,58.497
1.38983,0.241071,57.426
1.38983,0.25,87.311
1.38983,0.258929,151.083
1.38983,0.267857,150.591
1.38983,0.276786,150.145
1.38983,0.285714,149.579
1.38983,0.294643,149.998
1.38983,0.303571,151.058
1.38983,0.3125,151.058
1.38983,0.321429,152.058
1.38983,0.330357,152.286
1.38983,0.339286,151.699
1.38983,0.348214,151.699
1.38983,0.357143,151.699
1.38983,0.366071,151.813
1.38983,0.375,152.813
1.38983,0.383929,152.813
1.38983,0.392857,153.813
1.38983,0.401786,152.813
1.38983,0.410714,153.041
1.38983,0.419643,153.383
1.38983,0.428571,154.383
1.38983,0.4375,154.198
1.38983,0.446429,154.312
1.38983,0.455357,154.426
1.38983,0.464286,154.54
1.38983,0.473214,154.54
1.38983,0.482143,155.067
1.38983,0.491071,154.067
1.38983,0.5,153.953
1.38983,0.508929,154.198
1.38983,0.517857,153.084
1.38983,0.526786,154.198
1.38983,0.535714,153.198
1.38983,0.544643,153.198
1.38983,0.553571,152.97
1.38983,0.5625,152.856
1.38983,0.571429,152.443
1.38983,0.580357,152.155
1.38983,0.589286,151.91
1.38983,0.598214,153.839
1.38983,0.607143,155.295
1.38983,0.616071,155.295
1.38983,0.625,155.295
1.38983,0.633929,153.996
1.38983,0.642857,155.067
1.38983,0.651786,155.067
1.38983,0.660714,155.725
1.38983,0.669643,155.54
1.38983,0.678571,154.224
1.38983,0.6875,154.794
1.38983,0.696429,155.908
1.38983,0.705357,155.908
1.38983,0.714286,156.706
1.38983,0.723214,156.863
1.38983,0.732143,158.678
1.38983,0.741071,159.134
1.38983,0.75,158.291
1.38983,0.758929,159.106
1.38983,0.767857,161.035
1.38983,0.776786,162.149
1.38983,0.785714,162.317
1.38983,0.794643,159.545
1.38983,0.803571,161.072
1.38983,0.8125,161.528
1.38983,0.821429,161.685
1.38983,0.830357,161.913
1.38983,0.839286,162.141
1.38983,0.848214,164.027
1.38983,0.857143,163.141
1.38983,0.866071,165.597
1.38983,0.875,164.412
1.38983,0.883929,164.814
1.38983,0.892857,167.857
1.38983,0.901786,166.954
1.38983,0.910714,169.04
1.38983,0.919643,169.066
1.38983,0.928571,169.978
1.38983,0.9375,171.705
1.38983,0.946429,171.09
1.38983,0.955357,174.948
1.38983,0.964286,175.692
1.38983,0.973214,176.305
1.38983,0.982143,176.875
1.38983,0.991071,174.135
1.38983,1,171.754
1.38983,1.00893,171.601
1.38983,1.01786,171.334
1.38983,1.02679,165.768
1.38983,1.03571,162.099
1.38983,1.04464,164.245
1.38983,1.05357,162.174
1.38983,1.0625,161.505
1.38983,1.07143,162.423
1.38983,1.08036,158.341
1.38983,1.08929,155.27
1.38983,1.09821,155.096
1.38983,1.10714,155.281
1.38983,1.11607,153.004
1.38983,1.125,152.292
1.38983,1.13393,152.015
1.38983,1.14286,148.037
1.38983,1.15179,146.842
1.38983,1.16071,141.576
1.38983,1.16964,141.658
1.38983,1.17857,138.968
1.38983,1.1875,138.68
1.38983,1.19643,134.474
1.38983,1.20536,135.083
1.38983,1.21429,123.703
1.38983,1.22321,123.138
1.38983,1.23214,120.16
1.38983,1.24107,117.883
1.38983,1.25,110.182
1.38983,1.25893,108.008
1.38983,1.26786,104.443
1.38983,1.27679,99.454
1.38983,1.28571,98.889
1.38983,1.29464,92.498
1.38983,1.30357,89.15
1.38983,1.3125,88.15
1.38983,1.32143,86.449
1.38983,1.33036,83.862
1.38983,1.33929,83.862
1.38983,1.34821,84.161
1.38983,1.35714,83.574
1.38983,1.36607,84.243
1.38983,1.375,85.254
1.38983,1.38393,85.678
1.38983,1.39286,86.874
1.38983,1.40179,89.44
1.38983,1.41071,90.636
1.38983,1.41964,92.359
1.38983,1.42857,93.843
1.38983,1.4375,92.512
1.38983,1.44643,93.708
1.38983,1.45536,92.73
1.38983,1.46429,92.339
1.38983,1.47321,92.948
1.38983,1.48214,92.97
1.38983,1.49107,91.405
1.38983,1.5,91.199
1.38983,1.50893,90.808
1.38983,1.51786,89.118
1.38015,0,161.387
1.38015,0.00892857,151.036
1.38015,0.0178571,151.027
1.38015,0.0267857,60.412
1.38015,0.0357143,56.497
1.38015,0.0446429,57.269
1.38015,0.0535714,58.269
1.38015,0.0625,58.041
1.38015,0.0714286,58.03
1.38015,0.0803571,57.731
1.38015,0.0892857,57.731
1.38015,0.0982143,57.671
1.38015,0.107143,57.671
1.38015,0.116071,57.671
1.38015,0.125,57.671
1.38015,0.133929,57.671
1.38015,0.142857,57.671
1.38015,0.151786,57.671
1.38015,0.160714,57.671
1.38015,0.169643,57.671
1.38015,0.178571,57.671
1.38015,0.1875,57.671
1.38015,0.196429,57.671
1.38015,0.205357,57.671
1.38015,0.214286,57.671
1.38015,0.223214,57.671
1.38015,0.232143,57.796
1.38015,0.241071,56.415
1.38015,0.25,120.036
1.38015,0.258929,149.665
1.38015,0.267857,150.363
1.38015,0.276786,150.846
1.38015,0.285714,150.519
1.38015,0.294643,150.596
1.38015,0.303571,150.172
1.38015,0.3125,150.699
1.38015,0.321429,152.286
1.38015,0.330357,151.927
1.38015,0.339286,152.927
1.38015,0.348214,154.155
1.38015,0.357143,154.155
1.38015,0.366071,153.742
1.38015,0.375,152.927
1.38015,0.383929,152.155
1.38015,0.392857,152.742
1.38015,0.401786,153.383
1.38015,0.410714,153.611
1.38015,0.419643,152.725
1.38015,0.428571,154.252
1.38015,0.4375,153.54
1.38015,0.446429,154.426
1.38015,0.455357,153.953
1.38015,0.464286,153.953
1.38015,0.473214,153.953
1.38015,0.482143,156.067
1.38015,0.491071,155.181
1.38015,0.5,154.067
1.38015,0.508929,155.725
1.38015,0.517857,153.312
1.38015,0.526786,153.312
1.38015,0.535714,152.198
1.38015,0.544643,154.198
1.38015,0.553571,153.198
1.38015,0.5625,151.97
1.38015,0.571429,153.97
1.38015,0.580357,153.383
1.38015,0.589286,153.725
1.38015,0.598214,155.295
1.38015,0.607143,156.05
1.38015,0.616071,154.865
1.38015,0.625,155.452
1.38015,0.633929,153.039
1.38015,0.642857,154.523
1.38015,0.651786,154.523
1.38015,0.660714,155.523
1.38015,0.669643,155.039
1.38015,0.678571,155.68
1.38015,0.6875,156.25
1.38015,0.696429,156.478
1.38015,0.705357,158.005
1.38015,0.714286,159.678
1.38015,0.723214,159.493
1.38015,0.732143,159.835
1.38015,0.741071,160.405
1.38015,0.75,159.975
1.38015,0.758929,159.377
1.38015,0.767857,161.306
1.38015,0.776786,161.719
1.38015,0.785714,161.132
1.38015,0.794643,161.659
1.38015,0.803571,161.229
1.38015,0.8125,162.158
1.38015,0.821429,160.913
1.38015,0.830357,161.728
1.38015,0.839286,163.956
1.38015,0.848214,166.07
1.38015,0.857143,163.113
1.38015,0.866071,165.868
1.38015,0.875,162.911
1.38015,0.883929,163.27
1.38015,0.892857,164.085
1.38015,0.901786,165.068
1.38015,0.910714,167.812
1.38015,0.919643,169.294
1.38015,0.928571,169.978
1.38015,0.9375,170.477
1.38015,0.946429,172.563
1.38015,0.955357,172.019
1.38015,0.964286,172.35
1.38015,0.973214,175.675
1.38015,0.982143,175.761
1.38015,0.991071,175.135
1.38015,1,174.238
1.38015,1.00893,173.373
1.38015,1.01786,172.633
1.38015,1.02679,168.181
1.38015,1.03571,167.8
1.38015,1.04464,164.359
1.38015,1.05357,164.277
1.38015,1.0625,162.38
1.38015,1.07143,161.711
1.38015,1.08036,158.64
1.38015,1.08929,157.982
1.38015,1.09821,157.808
1.38015,1.10714,156.694
1.38015,1.11607,153.004
1.38015,1.125,150.004
1.38015,1.13393,155.613
1.38015,1.14286,146.037
1.38015,1.15179,145.543
1.38015,1.16071,141.864
1.38015,1.16964,143.245
1.38015,1.17857,139.669
1.38015,1.1875,140.566
1.38015,1.19643,136.061
1.38015,1.20536,131.784
1.38015,1.21429,121.806
1.38015,1.22321,127.426
1.38015,1.23214,122.85
1.38015,1.24107,119.459
1.38015,1.25,110.584
1.38015,1.25893,108.595
1.38015,1.26786,103.845
1.38015,1.27679,99.155
1.38015,1.28571,104.878
1.38015,1.29464,93.487
1.38015,1.30357,91.139
1.38015,1.3125,87.15
1.38015,1.32143,86.449
1.38015,1.33036,84.161
1.38015,1.33929,84.161
1.38015,1.34821,84.161
1.38015,1.35714,84.161
1.38015,1.36607,84.645
1.38015,1.375,84.955
1.38015,1.38393,84.966
1.38015,1.39286,86.162
1.38015,1.40179,87.255
1.38015,1.41071,90.451
1.38015,1.41964,90.772
1.38015,1.42857,91.843
1.38015,1.4375,92.501
1.38015,1.44643,93.697
1.38015,1.45536,93.306
1.38015,1.46429,92.328
1.38015,1.47321,93.236
1.38015,1.48214,92.66
1.38015,1.49107,91.394
1.38015,1.5,89.601
1.38015,1.50893,90.096
1.38015,1.51786,87.819
1.37046,0,159.398
1.37046,0.00892857,152.46
1.37046,0.0178571,152.322
1.37046,0.0267857,68.228
1.37046,0.0357143,57.546
1.37046,0.0446429,56.671
1.37046,0.0535714,59.269
1.37046,0.0625,58.269
1.37046,0.0714286,57.856
1.37046,0.0803571,57.557
1.37046,0.0892857,57.731
1.37046,0.0982143,57.671
1.37046,0.107143,57.671
1.37046,0.116071,57.671
1.37046,0.125,57.671
1.37046,0.133929,57.671
1.37046,0.142857,57.671
1.37046,0.151786,57.671
1.37046,0.160714,57.671
1.37046,0.169643,57.671
1.37046,0.178571,57.671
1.37046,0.1875,57.671
1.37046,0.196429,57.671
1.37046,0.205357,57.671
1.37046,0.214286,57.671
1.37046,0.223214,57.671
1.37046,0.232143,57.796
1.37046,0.241071,59.345
1.37046,0.25,140.744
1.37046,0.258929,152.204
1.37046,0.267857,151.602
1.37046,0.276786,150.851
1.37046,0.285714,151.437
1.37046,0.294643,152.813
1.37046,0.303571,151.628
1.37046,0.3125,152.856
1.37046,0.321429,153.97
1.37046,0.330357,154.084
1.37046,0.339286,154.611
1.37046,0.348214,154.312
1.37046,0.357143,154.839
1.37046,0.366071,155.426
1.37046,0.375,154.714
1.37046,0.383929,154.127
1.37046,0.392857,154.828
1.37046,0.401786,155.469
1.37046,0.410714,155.583
1.37046,0.419643,154.697
1.37046,0.428571,156.996
1.37046,0.4375,154.583
1.37046,0.446429,154.697
1.37046,0.455357,155.583
1.37046,0.464286,156.355
1.37046,0.473214,154.355
1.37046,0.482143,155.355
1.37046,0.491071,155.241
1.37046,0.5,154.241
1.37046,0.508929,155.067
1.37046,0.517857,153.839
1.37046,0.526786,153.839
1.37046,0.535714,152.426
1.37046,0.544643,155.312
1.37046,0.553571,155.312
1.37046,0.5625,155.312
1.37046,0.571429,154.198
1.37046,0.580357,152.97
1.37046,0.589286,156.426
1.37046,0.598214,155.822
1.37046,0.607143,155.278
1.37046,0.616071,156.093
1.37046,0.625,155.267
1.37046,0.633929,154.153
1.37046,0.642857,156.452
1.37046,0.651786,155.979
1.37046,0.660714,155.908
1.37046,0.669643,156.136
1.37046,0.678571,157.136
1.37046,0.6875,157.592
1.37046,0.696429,157.934
1.37046,0.705357,158.091
1.37046,0.714286,157.906
1.37046,0.723214,156.949
1.37046,0.732143,158.704
1.37046,0.741071,160.975
1.37046,0.75,161.317
1.37046,0.758929,159.947
1.37046,0.767857,160.833
1.37046,0.776786,160.833
1.37046,0.785714,161.833
1.37046,0.794643,161.175
1.37046,0.803571,163.631
1.37046,0.8125,165.5
1.37046,0.821429,164.956
1.37046,0.830357,164.07
1.37046,0.839286,164.358
1.37046,0.848214,165.586
1.37046,0.857143,165.569
1.37046,0.866071,166.498
1.37046,0.875,165.726
1.37046,0.883929,168.612
1.37046,0.892857,166.014
1.37046,0.901786,167.47
1.37046,0.910714,167.04
1.37046,0.919643,169.881
1.37046,0.928571,170.092
1.37046,0.9375,171.95
1.37046,0.946429,172.879
1.37046,0.955357,172.922
1.37046,0.964286,173.008
1.37046,0.973214,176.105
1.37046,0.982143,176.017
1.37046,0.991071,175.462
1.37046,1,175.38
1.37046,1.00893,172.939
1.37046,1.01786,170.014
1.37046,1.02679,168.263
1.37046,1.03571,168.697
1.37046,1.04464,168.316
1.37046,1.05357,166.348
1.37046,1.0625,162.081
1.37046,1.07143,161.01
1.37046,1.08036,159.053
1.37046,1.08929,158.281
1.37046,1.09821,158.808
1.37046,1.10714,156.993
1.37046,1.11607,152.705
1.37046,1.125,153.004
1.37046,1.13393,151.727
1.37046,1.14286,147.151
1.37046,1.15179,151.831
1.37046,1.16071,146.565
1.37046,1.16964,142.533
1.37046,1.17857,141.256
1.37046,1.1875,137.267
1.37046,1.19643,137.349
1.37046,1.20536,135.773
1.37046,1.21429,130.795
1.37046,1.22321,128.703
1.37046,1.23214,128.138
1.37046,1.24107,122.861
1.37046,1.25,115.758
1.37046,1.25893,110.296
1.37046,1.26786,106.834
1.37046,1.27679,99.856
1.37046,1.28571,101.753
1.37046,1.29464,93.889
1.37046,1.30357,92.128
1.37046,1.3125,87.851
1.37046,1.32143,88.15
1.37046,1.33036,85.161
1.37046,1.33929,83.161
1.37046,1.34821,84.161
1.37046,1.35714,84.161
1.37046,1.36607,83.346
1.37046,1.375,84.645
1.37046,1.38393,85.368
1.37046,1.39286,85.439
1.37046,1.40179,87.244
1.37046,1.41071,89.853
1.37046,1.41964,89.761
1.37046,1.42857,89.843
1.37046,1.4375,92.615
1.37046,1.44643,93.512
1.37046,1.45536,93.007
1.37046,1.46429,93.616
1.37046,1.47321,93.627
1.37046,1.48214,92.937
1.37046,1.49107,92.084
1.37046,1.5,90.476
1.37046,1.50893,90.786
1.37046,1.51786,88.509
1.36077,0,161.751
1.36077,0.00892857,151.699
1.36077,0.0178571,149.85
1.36077,0.0267857,79.169
1.36077,0.0357143,58.481
1.36077,0.0446429,59.133
1.36077,0.0535714,56.671
1.36077,0.0625,57.796
1.36077,0.0714286,57.796
1.36077,0.0803571,57.671
1.36077,0.0892857,57.845
1.36077,0.0982143,57.671
1.36077,0.107143,57.671
1.36077,0.116071,57.671
1.36077,0.125,57.671
1.36077,0.133929,57.671
1.36077,0.142857,57.671
1.36077,0.151786,57.671
1.36077,0.160714,57.671
1.36077,0.169643,57.671
1.36077,0.178571,57.671
1.36077,0.1875,57.671
1.36077,0.196429,57.671
1.36077,0.205357,57.671
1.36077,0.214286,57.671
1.36077,0.223214,57.671
1.36077,0.232143,57.383
1.36077,0.241071,57.634
1.36077,0.25,148.571
1.36077,0.258929,150.922
1.36077,0.267857,151.422
1.36077,0.276786,152.671
1.36077,0.285714,153.54
1.36077,0.294643,153.628
1.36077,0.303571,154.198
1.36077,0.3125,155.013
1.36077,0.321429,155.127
1.36077,0.330357,153.654
1.36077,0.339286,153.882
1.36077,0.348214,153.996
1.36077,0.357143,154.224
1.36077,0.366071,153.925
1.36077,0.375,152.811
1.36077,0.383929,153.925
1.36077,0.392857,155.039
1.36077,0.401786,155.68
1.36077,0.410714,156.267
1.36077,0.419643,154.566
1.36077,0.428571,154.153
1.36077,0.4375,155.153
1.36077,0.446429,155.566
1.36077,0.455357,155.452
1.36077,0.464286,155.925
1.36077,0.473214,154.811
1.36077,0.482143,154.583
1.36077,0.491071,154.056
1.36077,0.5,154.056
1.36077,0.508929,156.295
1.36077,0.517857,155.067
1.36077,0.526786,153.953
1.36077,0.535714,153.426
1.36077,0.544643,155.426
1.36077,0.553571,155.426
1.36077,0.5625,155.953
1.36077,0.571429,153.426
1.36077,0.580357,153.97
1.36077,0.589286,152.54
1.36077,0.598214,153.523
1.36077,0.607143,158.566
1.36077,0.616071,156.794
1.36077,0.625,156.267
1.36077,0.633929,155.153
1.36077,0.642857,156.039
1.36077,0.651786,155.039
1.36077,0.660714,155.908
1.36077,0.669643,157.25
1.36077,0.678571,156.723
1.36077,0.6875,156.723
1.36077,0.696429,158.407
1.36077,0.705357,158.803
1.36077,0.714286,156.493
1.36077,0.723214,158.063
1.36077,0.732143,160.818
1.36077,0.741071,161.801
1.36077,0.75,160.844
1.36077,0.758929,160.947
1.36077,0.767857,160.947
1.36077,0.776786,159.833
1.36077,0.785714,161.648
1.36077,0.794643,161.631
1.36077,0.803571,162.973
1.36077,0.8125,164.657
1.36077,0.821429,164.885
1.36077,0.830357,164.999
1.36077,0.839286,164.586
1.36077,0.848214,163.401
1.36077,0.857143,164.629
1.36077,0.866071,165.085
1.36077,0.875,165.84
1.36077,0.883929,168.655
1.36077,0.892857,166.242
1.36077,0.901786,166.111
1.36077,0.910714,167.681
1.36077,0.919643,171.294
1.36077,0.928571,170.152
1.36077,0.9375,170.722
1.36077,0.946429,170.537
1.36077,0.955357,172.053
1.36077,0.964286,174.851
1.36077,0.973214,175.464
1.36077,0.982143,175.675
1.36077,0.991071,176.892
1.36077,1,176.234
1.36077,1.00893,174.195
1.36077,1.01786,172.569
1.36077,1.02679,171.231
1.36077,1.03571,168.779
1.36077,1.04464,166.11
1.36077,1.05357,164.359
1.36077,1.0625,162.38
1.36077,1.07143,159.124
1.36077,1.08036,157.939
1.36077,1.08929,156.167
1.36077,1.09821,156.808
1.36077,1.10714,155.694
1.36077,1.11607,152.58
1.36077,1.125,151.004
1.36077,1.13393,155.727
1.36077,1.14286,150.738
1.36077,1.15179,147.532
1.36077,1.16071,146.141
1.36077,1.16964,141.234
1.36077,1.17857,143.957
1.36077,1.1875,138.968
1.36077,1.19643,137.751
1.36077,1.20536,135.061
1.36077,1.21429,130.485
1.36077,1.22321,130.105
1.36077,1.23214,127.839
1.36077,1.24107,117.861
1.36077,1.25,116.057
1.36077,1.25893,111.41
1.36077,1.26786,110.834
1.36077,1.27679,104.845
1.36077,1.28571,99.856
1.36077,1.29464,97.465
1.36077,1.30357,91.416
1.36077,1.3125,88.552
1.36077,1.32143,86.449
1.36077,1.33036,85.161
1.36077,1.33929,83.161
1.36077,1.34821,83.862
1.36077,1.35714,83.862
1.36077,1.36607,83.933
1.36077,1.375,84.645
1.36077,1.38393,85.243
1.36077,1.39286,85.428
1.36077,1.40179,86.108
1.36077,1.41071,88.543
1.36077,1.41964,91.75
1.36077,1.42857,89.473
1.36077,1.4375,91.843
1.36077,1.44643,93.512
1.36077,1.45536,91.822
1.36077,1.46429,94.719
1.36077,1.47321,93.616
1.36077,1.48214,92.627
1.36077,1.49107,91.774
1.36077,1.5,91.753
1.36077,1.50893,91.074
1.36077,1.51786,88.498
1.35109,0,161.175
1.35109,0.00892857,151.71
1.35109,0.0178571,155.03
1.35109,0.0267857,107.979
1.35109,0.0357143,57.758
1.35109,0.0446429,59.008
1.35109,0.0535714,56.959
1.35109,0.0625,57.91
1.35109,0.0714286,57.91
1.35109,0.0803571,57.785
1.35109,0.0892857,57.486
1.35109,0.0982143,57.671
1.35109,0.107143,57.671
1.35109,0.116071,57.671
1.35109,0.125,57.671
1.35109,0.133929,57.671
1.35109,0.142857,57.671
1.35109,0.151786,57.671
1.35109,0.160714,57.671
1.35109,0.169643,57.671
1.35109,0.178571,57.671
1.35109,0.1875,57.671
1.35109,0.196429,57.671
1.35109,0.205357,57.671
1.35109,0.214286,57.671
1.35109,0.223214,57.671
1.35109,0.232143,56.97
1.35109,0.241071,54.863
1.35109,0.25,149.517
1.35109,0.258929,152.455
1.35109,0.267857,153.003
1.35109,0.276786,153.915
1.35109,0.285714,153.86
1.35109,0.294643,153.731
1.35109,0.303571,154.942
1.35109,0.3125,155.17
1.35109,0.321429,155.697
1.35109,0.330357,155.811
1.35109,0.339286,156.039
1.35109,0.348214,156.267
1.35109,0.357143,156.381
1.35109,0.366071,155.794
1.35109,0.375,155.68
1.35109,0.383929,156.908
1.35109,0.392857,157.25
1.35109,0.401786,157.25
1.35109,0.410714,155.136
1.35109,0.419643,156.908
1.35109,0.428571,156.794
1.35109,0.4375,157.136
1.35109,0.446429,157.478
1.35109,0.455357,156.663
1.35109,0.464286,156.022
1.35109,0.473214,156.566
1.35109,0.482143,155.925
1.35109,0.491071,155.697
1.35109,0.5,155.697
1.35109,0.508929,153.409
1.35109,0.517857,154.181
1.35109,0.526786,152.953
1.35109,0.535714,155.426
1.35109,0.544643,155.426
1.35109,0.553571,155.426
1.35109,0.5625,153.953
1.35109,0.571429,153.839
1.35109,0.580357,153.329
1.35109,0.589286,155.198
1.35109,0.598214,154.295
1.35109,0.607143,154.566
1.35109,0.616071,154.794
1.35109,0.625,154.68
1.35109,0.633929,154.039
1.35109,0.642857,155.284
1.35109,0.651786,155.512
1.35109,0.660714,155.908
1.35109,0.669643,155.136
1.35109,0.678571,155.082
1.35109,0.6875,156.968
1.35109,0.696429,158.065
1.35109,0.705357,159.575
1.35109,0.714286,157.906
1.35109,0.723214,158.248
1.35109,0.732143,160.405
1.35109,0.741071,160.388
1.35109,0.75,159.958
1.35109,0.758929,162.545
1.35109,0.767857,161.833
1.35109,0.776786,161.947
1.35109,0.785714,163.104
1.35109,0.794643,162.973
1.35109,0.803571,163.543
1.35109,0.8125,163.526
1.35109,0.821429,163.042
1.35109,0.830357,163.156
1.35109,0.839286,163.156
1.35109,0.848214,162.401
1.35109,0.857143,164.102
1.35109,0.866071,165.199
1.35109,0.875,168.242
1.35109,0.883929,165.356
1.35109,0.892857,165.769
1.35109,0.901786,166.111
1.35109,0.910714,167.322
1.35109,0.919643,167.881
1.35109,0.928571,167.739
1.35109,0.9375,169.081
1.35109,0.946429,169.896
1.35109,0.955357,172.238
1.35109,0.964286,171.395
1.35109,0.973214,173.236
1.35109,0.982143,175.333
1.35109,0.991071,176.561
1.35109,1,176.892
1.35109,1.00893,176.038
1.35109,1.01786,175.825
1.35109,1.02679,173.014
1.35109,1.03571,171.274
1.35109,1.04464,168.605
1.35109,1.05357,166.142
1.35109,1.0625,164.793
1.35109,1.07143,162.309
1.35109,1.08036,161.651
1.35109,1.08929,156.281
1.35109,1.09821,159.808
1.35109,1.10714,153.281
1.35109,1.11607,153.281
1.35109,1.125,153.716
1.35109,1.13393,154.314
1.35109,1.14286,149.037
1.35109,1.15179,149.418
1.35109,1.16071,145.44
1.35109,1.16964,146.234
1.35109,1.17857,138.957
1.35109,1.1875,140.669
1.35109,1.19643,139.039
1.35109,1.20536,136.05
1.35109,1.21429,139.36
1.35109,1.22321,125.393
1.35109,1.23214,125.54
1.35109,1.24107,118.861
1.35109,1.25,119.584
1.35109,1.25893,110.41
1.35109,1.26786,109.122
1.35109,1.27679,105.133
1.35109,1.28571,98.557
1.35109,1.29464,98.753
1.35109,1.30357,95.715
1.35109,1.3125,91.851
1.35109,1.32143,87.15
1.35109,1.33036,86.161
1.35109,1.33929,84.161
1.35109,1.34821,84.449
1.35109,1.35714,84.449
1.35109,1.36607,83.933
1.35109,1.375,83.346
1.35109,1.38393,84.645
1.35109,1.39286,85.656
1.35109,1.40179,85.037
1.35109,1.41071,88.244
1.35109,1.41964,88.864
1.35109,1.42857,90.359
1.35109,1.4375,90.729
1.35109,1.44643,91.626
1.35109,1.45536,92.822
1.35109,1.46429,93.306
1.35109,1.47321,93.893
1.35109,1.48214,92.915
1.35109,1.49107,92.35
1.35109,1.5,92.742
1.35109,1.50893,92.063
1.35109,1.51786,89.487
1.3414,0,165.721
1.3414,0.00892857,154
1.3414,0.0178571,155.175
1.3414,0.0267857,138.708
1.3414,0.0357143,59.568
1.3414,0.0446429,55.432
1.3414,0.0535714,56.454
1.3414,0.0625,57.693
1.3414,0.0714286,56.834
1.3414,0.0803571,57.6
1.3414,0.0892857,57.312
1.3414,0.0982143,57.671
1.3414,0.107143,57.671
1.3414,0.116071,57.671
1.3414,0.125,57.671
1.3414,0.133929,57.671
1.3414,0.142857,57.671
1.3414,0.151786,57.671
1.3414,0.160714,57.671
1.3414,0.169643,57.671
1.3414,0.178571,57.671
1.3414,0.1875,57.671
1.3414,0.196429,57.671
1.3414,0.205357,57.671
1.3414,0.214286,57.671
1.3414,0.223214,57.671
1.3414,0.232143,57.149
1.3414,0.241071,55.304
1.3414,0.25,152.858
1.3414,0.258929,155.039
1.3414,0.267857,156.859
1.3414,0.276786,156.321
1.3414,0.285714,156.331
1.3414,0.294643,156.375
1.3414,0.303571,156.635
1.3414,0.3125,158.678
1.3414,0.321429,159.906
1.3414,0.330357,160.547
1.3414,0.339286,157.433
1.3414,0.348214,158.906
1.3414,0.357143,157.977
1.3414,0.366071,158.564
1.3414,0.375,159.205
1.3414,0.383929,158.792
1.3414,0.392857,158.547
1.3414,0.401786,158.96
1.3414,0.410714,157.661
1.3414,0.419643,159.547
1.3414,0.428571,158.661
1.3414,0.4375,159.433
1.3414,0.446429,158.547
1.3414,0.455357,157.319
1.3414,0.464286,157.678
1.3414,0.473214,158.934
1.3414,0.482143,157.706
1.3414,0.491071,159.065
1.3414,0.5,156.837
1.3414,0.508929,157.951
1.3414,0.517857,156.951
1.3414,0.526786,156.837
1.3414,0.535714,155.495
1.3414,0.544643,156.566
1.3414,0.553571,155.338
1.3414,0.5625,155.224
1.3414,0.571429,155.11
1.3414,0.580357,153.953
1.3414,0.589286,154.882
1.3414,0.598214,153.566
1.3414,0.607143,155.065
1.3414,0.616071,157.048
1.3414,0.625,156.45
1.3414,0.633929,157.336
1.3414,0.642857,158.065
1.3414,0.651786,156.837
1.3414,0.660714,157.065
1.3414,0.669643,156.951
1.3414,0.678571,157.196
1.3414,0.6875,157.723
1.3414,0.696429,157.82
1.3414,0.705357,158.689
1.3414,0.714286,159.433
1.3414,0.723214,160.063
1.3414,0.732143,158.932
1.3414,0.741071,160.029
1.3414,0.75,160.958
1.3414,0.758929,162.588
1.3414,0.767857,160.702
1.3414,0.776786,162.517
1.3414,0.785714,163.902
1.3414,0.794643,162.945
1.3414,0.803571,163.7
1.3414,0.8125,164.156
1.3414,0.821429,166.498
1.3414,0.830357,165.498
1.3414,0.839286,165.498
1.3414,0.848214,164.743
1.3414,0.857143,165.743
1.3414,0.866071,166.014
1.3414,0.875,166.584
1.3414,0.883929,166.698
1.3414,0.892857,166.1
1.3414,0.901786,169.268
1.3414,0.910714,169.479
1.3414,0.919643,169.24
1.3414,0.928571,169.511
1.3414,0.9375,169.896
1.3414,0.946429,170.01
1.3414,0.955357,172.352
1.3414,0.964286,170.808
1.3414,0.973214,171.965
1.3414,0.982143,175.176
1.3414,0.991071,175.333
1.3414,1,176.778
1.3414,1.00893,175.348
1.3414,1.01786,175.206
1.3414,1.02679,173.352
1.3414,1.03571,170.427
1.3414,1.04464,167.676
1.3414,1.05357,167.213
1.3414,1.0625,163.174
1.3414,1.07143,162.092
1.3414,1.08036,158.939
1.3414,1.08929,157.281
1.3414,1.09821,157.395
1.3414,1.10714,155.107
1.3414,1.11607,152.417
1.3414,1.125,154.026
1.3414,1.13393,150.809
1.3414,1.14286,151.119
1.3414,1.15179,147.543
1.3414,1.16071,145.027
1.3414,1.16964,144.935
1.3414,1.17857,138.957
1.3414,1.1875,142.381
1.3414,1.19643,140.338
1.3414,1.20536,140.05
1.3414,1.21429,134.773
1.3414,1.22321,138.382
1.3414,1.23214,131.817
1.3414,1.24107,123.437
1.3414,1.25,125.459
1.3414,1.25893,117.296
1.3414,1.26786,111.709
1.3414,1.27679,109.307
1.3414,1.28571,106.731
1.3414,1.29464,96.454
1.3414,1.30357,97.302
1.3414,1.3125,93.911
1.3414,1.32143,92.036
1.3414,1.33036,87.449
1.3414,1.33929,85.748
1.3414,1.34821,85.449
1.3414,1.35714,85.449
1.3414,1.36607,84.047
1.3414,1.375,84.047
1.3414,1.38393,84.047
1.3414,1.39286,85.645
1.3414,1.40179,86.037
1.3414,1.41071,86.347
1.3414,1.41964,89.141
1.3414,1.42857,89.337
1.3414,1.4375,90.43
1.3414,1.44643,92.213
1.3414,1.45536,92.822
1.3414,1.46429,93.306
1.3414,1.47321,93.328
1.3414,1.48214,93.225
1.3414,1.49107,93.225
1.3414,1.5,93.535
1.3414,1.50893,91.878
1.3414,1.51786,90.612
1.33172,0,246.028
1.33172,0.00892857,206.453
1.33172,0.0178571,159.167
1.33172,0.0267857,151.289
1.33172,0.0357143,53.862
1.33172,0.0446429,57.03
1.33172,0.0535714,56.34
1.33172,0.0625,57.519
1.33172,0.0714286,57.78
1.33172,0.0803571,57.073
1.33172,0.0892857,57.198
1.33172,0.0982143,57.671
1.33172,0.107143,57.671
1.33172,0.116071,57.671
1.33172,0.125,57.671
1.33172,0.133929,57.671
1.33172,0.142857,57.671
1.33172,0.151786,57.671
1.33172,0.160714,57.671
1.33172,0.169643,57.671
1.33172,0.178571,57.671
1.33172,0.1875,57.671
1.33172,0.196429,57.671
1.33172,0.205357,57.671
1.33172,0.214286,57.671
1.33172,0.223214,57.671
1.33172,0.232143,58.426
1.33172,0.241071,91.967
1.33172,0.25,159.253
1.33172,0.258929,158.373
1.33172,0.267857,157.775
1.33172,0.276786,158.71
1.33172,0.285714,158.856
1.33172,0.294643,158.595
1.33172,0.303571,158.801
1.33172,0.3125,161.431
1.33172,0.321429,161.257
1.33172,0.330357,162.072
1.33172,0.339286,159.958
1.33172,0.348214,160.844
1.33172,0.357143,160.274
1.33172,0.366071,160.861
1.33172,0.375,160.616
1.33172,0.383929,160.616
1.33172,0.392857,160.616
1.33172,0.401786,161.317
1.33172,0.410714,161.73
1.33172,0.419643,160.844
1.33172,0.428571,159.844
1.33172,0.4375,162.317
1.33172,0.446429,161.502
1.33172,0.455357,160.274
1.33172,0.464286,160.046
1.33172,0.473214,160.177
1.33172,0.482143,160.074
1.33172,0.491071,159.02
1.33172,0.5,158.504
1.33172,0.508929,159.265
1.33172,0.517857,157.265
1.33172,0.526786,158.151
1.33172,0.535714,158.222
1.33172,0.544643,158.293
1.33172,0.553571,157.25
1.33172,0.5625,156.381
1.33172,0.571429,156.68
1.33172,0.580357,157.908
1.33172,0.589286,157.908
1.33172,0.598214,157.837
1.33172,0.607143,158.635
1.33172,0.616071,159.319
1.33172,0.625,158.248
1.33172,0.633929,159.607
1.33172,0.642857,158.39
1.33172,0.651786,158.276
1.33172,0.660714,157.048
1.33172,0.669643,156.82
1.33172,0.678571,158.179
1.33172,0.6875,159.048
1.33172,0.696429,158.689
1.33172,0.705357,158.803
1.33172,0.714286,159.362
1.33172,0.723214,160.704
1.33172,0.732143,160.046
1.33172,0.741071,160.73
1.33172,0.75,161.186
1.33172,0.758929,162.816
1.33172,0.767857,162.044
1.33172,0.776786,163.859
1.33172,0.785714,164.016
1.33172,0.794643,163.358
1.33172,0.803571,164.7
1.33172,0.8125,165.27
1.33172,0.821429,165.199
1.33172,0.830357,165.199
1.33172,0.839286,166.199
1.33172,0.848214,164.857
1.33172,0.857143,166.498
1.33172,0.866071,168.296
1.33172,0.875,168.866
1.33172,0.883929,167.741
1.33172,0.892857,166.741
1.33172,0.901786,168.126
1.33172,0.910714,169.109
1.33172,0.919643,168.756
1.33172,0.928571,169.511
1.33172,0.9375,170.124
1.33172,0.946429,172.352
1.33172,0.955357,170.765
1.33172,0.964286,168.993
1.33172,0.973214,173.15
1.33172,0.982143,172.133
1.33172,0.991071,175.105
1.33172,1,176.49
1.33172,1.00893,175.647
1.33172,1.01786,176.576
1.33172,1.02679,176.135
1.33172,1.03571,173.156
1.33172,1.04464,170.149
1.33172,1.05357,168.512
1.33172,1.0625,166.359
1.33172,1.07143,160.793
1.33172,1.08036,161.825
1.33172,1.08929,155.868
1.33172,1.09821,156.808
1.33172,1.10714,154.705
1.33172,1.11607,154.841
1.33172,1.125,146.325
1.33172,1.13393,150.82
1.33172,1.14286,149.13
1.33172,1.15179,149.842
1.33172,1.16071,142.212
1.33172,1.16964,142.636
1.33172,1.17857,142.968
1.33172,1.1875,135.691
1.33172,1.19643,136.05
1.33172,1.20536,135.05
1.33172,1.21429,135.773
1.33172,1.22321,135.382
1.33172,1.23214,130.116
1.33172,1.24107,122.437
1.33172,1.25,123.459
1.33172,1.25893,114.883
1.33172,1.26786,109.595
1.33172,1.27679,110.894
1.33172,1.28571,105.318
1.33172,1.29464,100.856
1.33172,1.30357,95.476
1.33172,1.3125,93.498
1.33172,1.32143,90.449
1.33172,1.33036,87.449
1.33172,1.33929,86.449
1.33172,1.34821,85.449
1.33172,1.35714,83.449
1.33172,1.36607,84.161
1.33172,1.375,84.161
1.33172,1.38393,84.161
1.33172,1.39286,85.46
1.33172,1.40179,84.966
1.33172,1.41071,85.749
1.33172,1.41964,87.771
1.33172,1.42857,90.038
1.33172,1.4375,90.305
1.33172,1.44643,91.615
1.33172,1.45536,92.811
1.33172,1.46429,93.306
1.33172,1.47321,93.328
1.33172,1.48214,93.339
1.33172,1.49107,93.638
1.33172,1.5,93.937
1.33172,1.50893,90.649
1.33172,1.51786,91.97
1.32203,0,239.212
1.32203,0.00892857,203.147
1.32203,0.0178571,157.382
1.32203,0.0267857,161.348
1.32203,0.0357143,59.449
1.32203,0.0446429,56.432
1.32203,0.0535714,59.247
1.32203,0.0625,57.448
1.32203,0.0714286,57.307
1.32203,0.0803571,57.383
1.32203,0.0892857,57.144
1.32203,0.0982143,57.671
1.32203,0.107143,57.671
1.32203,0.116071,57.671
1.32203,0.125,57.671
1.32203,0.133929,57.671
1.32203,0.142857,57.671
1.32203,0.151786,57.671
1.32203,0.160714,57.671
1.32203,0.169643,57.671
1.32203,0.178571,57.671
1.32203,0.1875,57.671
1.32203,0.196429,57.671
1.32203,0.205357,57.671
1.32203,0.214286,57.671
1.32203,0.223214,57.671
1.32203,0.232143,56.883
1.32203,0.241071,133.88
1.32203,0.25,160.627
1.32203,0.258929,162.371
1.32203,0.267857,161.816
1.32203,0.276786,161.805
1.32203,0.285714,161.837
1.32203,0.294643,162.109
1.32203,0.303571,163.158
1.32203,0.3125,164.5
1.32203,0.321429,164.614
1.32203,0.330357,163.956
1.32203,0.339286,162.956
1.32203,0.348214,164.027
1.32203,0.357143,163.087
1.32203,0.366071,163.685
1.32203,0.375,162.685
1.32203,0.383929,163.685
1.32203,0.392857,162.685
1.32203,0.401786,162.457
1.32203,0.410714,162.457
1.32203,0.419643,161.799
1.32203,0.428571,161.799
1.32203,0.4375,162.343
1.32203,0.446429,160.93
1.32203,0.455357,160.115
1.32203,0.464286,160.474
1.32203,0.473214,160.203
1.32203,0.482143,161.388
1.32203,0.491071,159.16
1.32203,0.5,160.046
1.32203,0.508929,159.764
1.32203,0.517857,158.65
1.32203,0.526786,157.949
1.32203,0.535714,159.134
1.32203,0.544643,158.678
1.32203,0.553571,157.923
1.32203,0.5625,157.592
1.32203,0.571429,158.179
1.32203,0.580357,157.347
1.32203,0.589286,157.934
1.32203,0.598214,157.934
1.32203,0.607143,158.205
1.32203,0.616071,159.362
1.32203,0.625,159.835
1.32203,0.633929,159.08
1.32203,0.642857,158.607
1.32203,0.651786,159.775
1.32203,0.660714,159.134
1.32203,0.669643,157.906
1.32203,0.678571,158.205
1.32203,0.6875,158.433
1.32203,0.696429,159.302
1.32203,0.705357,160.416
1.32203,0.714286,160.177
1.32203,0.723214,160.818
1.32203,0.732143,160.388
1.32203,0.741071,161.545
1.32203,0.75,160.588
1.32203,0.758929,161.93
1.32203,0.767857,162.745
1.32203,0.776786,163.859
1.32203,0.785714,163.831
1.32203,0.794643,164.287
1.32203,0.803571,163.7
1.32203,0.8125,165.27
1.32203,0.821429,166.199
1.32203,0.830357,167.199
1.32203,0.839286,167.726
1.32203,0.848214,165.313
1.32203,0.857143,165.954
1.32203,0.866071,166.638
1.32203,0.875,167.98
1.32203,0.883929,168.382
1.32203,0.892857,169.855
1.32203,0.901786,167.126
1.32203,0.910714,169.109
1.32203,0.919643,168.625
1.32203,0.928571,169.967
1.32203,0.9375,172.651
1.32203,0.946429,172.879
1.32203,0.955357,171.993
1.32203,0.964286,172.993
1.32203,0.973214,173.15
1.32203,0.982143,175.019
1.32203,0.991071,175.105
1.32203,1,177.262
1.32203,1.00893,176.533
1.32203,1.01786,175.761
1.32203,1.02679,174.505
1.32203,1.03571,173.042
1.32203,1.04464,169.519
1.32203,1.05357,168.697
1.32203,1.0625,164.473
1.32203,1.07143,163.505
1.32203,1.08036,159.939
1.32203,1.08929,156.683
1.32203,1.09821,156.509
1.32203,1.10714,153.819
1.32203,1.11607,151.314
1.32203,1.125,151.396
1.32203,1.13393,151.82
1.32203,1.14286,147.842
1.32203,1.15179,143.853
1.32203,1.16071,148.636
1.32203,1.16964,140.533
1.32203,1.17857,134.968
1.32203,1.1875,135.99
1.32203,1.19643,135.061
1.32203,1.20536,132.36
1.32203,1.21429,126.784
1.32203,1.22321,129.806
1.32203,1.23214,125.828
1.32203,1.24107,120.263
1.32203,1.25,116.459
1.32203,1.25893,115.296
1.32203,1.26786,107.595
1.32203,1.27679,108.894
1.32203,1.28571,101.731
1.32203,1.29464,98.155
1.32203,1.30357,95.59
1.32203,1.3125,90.9
1.32203,1.32143,87.737
1.32203,1.33036,88.449
1.32203,1.33929,85.449
1.32203,1.34821,85.449
1.32203,1.35714,84.449
1.32203,1.36607,84.161
1.32203,1.375,84.161
1.32203,1.38393,84.161
1.32203,1.39286,85.46
1.32203,1.40179,86.265
1.32203,1.41071,87.863
1.32203,1.41964,86.771
1.32203,1.42857,88.44
1.32203,1.4375,91.419
1.32203,1.44643,91.729
1.32203,1.45536,92.512
1.32203,1.46429,93.295
1.32203,1.47321,93.605
1.32203,1.48214,93.018
1.32203,1.49107,93.04
1.32203,1.5,93.627
1.32203,1.50893,88.605
1.32203,1.51786,89.225
1.31235,0,170.048
1.31235,0.00892857,163.314
1.31235,0.0178571,164.13
1.31235,0.0267857,161.2
1.31235,0.0357143,65.134
1.31235,0.0446429,57.72
1.31235,0.0535714,57.35
1.31235,0.0625,57.263
1.31235,0.0714286,57.731
1.31235,0.0803571,57.579
1.31235,0.0892857,57.318
1.31235,0.0982143,57.372
1.31235,0.107143,57.671
1.31235,0.116071,57.671
1.31235,0.125,57.671
1.31235,0.133929,57.671
1.31235,0.142857,57.671
1.31235,0.151786,57.671
1.31235,0.160714,57.671
1.31235,0.169643,57.671
1.31235,0.178571,57.671
1.31235,0.1875,57.671
1.31235,0.196429,57.671
1.31235,0.205357,57.671
1.31235,0.214286,57.671
1.31235,0.223214,57.671
1.31235,0.232143,56.486
1.31235,0.241071,147.455
1.31235,0.25,162.212
1.31235,0.258929,162.298
1.31235,0.267857,164.928
1.31235,0.276786,165.156
1.31235,0.285714,165.188
1.31235,0.294643,165.754
1.31235,0.303571,165.743
1.31235,0.3125,165.085
1.31235,0.321429,164.612
1.31235,0.330357,166.84
1.31235,0.339286,165.541
1.31235,0.348214,164.726
1.31235,0.357143,164.313
1.31235,0.366071,165.797
1.31235,0.375,165.797
1.31235,0.383929,166.27
1.31235,0.392857,166.156
1.31235,0.401786,164.754
1.31235,0.410714,164.227
1.31235,0.419643,163.64
1.31235,0.428571,163.999
1.31235,0.4375,164.7
1.31235,0.446429,164.586
1.31235,0.455357,163.358
1.31235,0.464286,164.429
1.31235,0.473214,164.386
1.31235,0.482143,162.044
1.31235,0.491071,162.115
1.31235,0.5,162.702
1.31235,0.508929,160.833
1.31235,0.517857,161.719
1.31235,0.526786,160.089
1.31235,0.535714,161.448
1.31235,0.544643,159.818
1.31235,0.553571,159.476
1.31235,0.5625,158.835
1.31235,0.571429,159.134
1.31235,0.580357,158.906
1.31235,0.589286,157.906
1.31235,0.598214,157.835
1.31235,0.607143,158.291
1.31235,0.616071,159.818
1.31235,0.625,160.22
1.31235,0.633929,160.992
1.31235,0.642857,159.818
1.31235,0.651786,158.818
1.31235,0.660714,159.291
1.31235,0.669643,159.291
1.31235,0.678571,158.704
1.31235,0.6875,159.704
1.31235,0.696429,160.046
1.31235,0.705357,160.274
1.31235,0.714286,160.046
1.31235,0.723214,161.448
1.31235,0.732143,161.616
1.31235,0.741071,162.061
1.31235,0.75,162.93
1.31235,0.758929,162.859
1.31235,0.767857,162.859
1.31235,0.776786,162.087
1.31235,0.785714,163.831
1.31235,0.794643,165.287
1.31235,0.803571,162.928
1.31235,0.8125,165.498
1.31235,0.821429,165.612
1.31235,0.830357,165.84
1.31235,0.839286,165.84
1.31235,0.848214,165.595
1.31235,0.857143,167.051
1.31235,0.866071,168.98
1.31235,0.875,168.724
1.31235,0.883929,168.838
1.31235,0.892857,169.539
1.31235,0.901786,168.881
1.31235,0.910714,169.337
1.31235,0.919643,169.853
1.31235,0.928571,169.722
1.31235,0.9375,173.221
1.31235,0.946429,171.335
1.31235,0.955357,173.221
1.31235,0.964286,173.221
1.31235,0.973214,172.15
1.31235,0.982143,174.133
1.31235,0.991071,174.991
1.31235,1,177.148
1.31235,1.00893,176.892
1.31235,1.01786,177.234
1.31235,1.02679,176.864
1.31235,1.03571,174.537
1.31235,1.04464,171.074
1.31235,1.05357,170.964
1.31235,1.0625,166.729
1.31235,1.07143,165.277
1.31235,1.08036,164.939
1.31235,1.08929,159.085
1.31235,1.09821,158.797
1.31235,1.10714,155.107
1.31235,1.11607,152.314
1.31235,1.125,153.097
1.31235,1.13393,151.418
1.31235,1.14286,146.152
1.31235,1.15179,143.163
1.31235,1.16071,145.234
1.31235,1.16964,143.544
1.31235,1.17857,142.68
1.31235,1.1875,136.588
1.31235,1.19643,135.773
1.31235,1.20536,135.784
1.31235,1.21429,129.094
1.31235,1.22321,129.105
1.31235,1.23214,124.839
1.31235,1.24107,124.861
1.31235,1.25,118.47
1.31235,1.25893,114.182
1.31235,1.26786,114.595
1.31235,1.27679,108.894
1.31235,1.28571,102.731
1.31235,1.29464,102.742
1.31235,1.30357,95.465
1.31235,1.3125,95.487
1.31235,1.32143,91.139
1.31235,1.33036,89.449
1.31235,1.33929,85.449
1.31235,1.34821,84.449
1.31235,1.35714,84.449
1.31235,1.36607,84.161
1.31235,1.375,84.161
1.31235,1.38393,84.161
1.31235,1.39286,85.46
1.31235,1.40179,84.667
1.31235,1.41071,85.265
1.31235,1.41964,87.76
1.31235,1.42857,88.842
1.31235,1.4375,90.636
1.31235,1.44643,92.017
1.31235,1.45536,92.626
1.31235,1.46429,92.708
1.31235,1.47321,93.143
1.31235,1.48214,93.431
1.31235,1.49107,93.11
1.31235,1.5,92.583
1.31235,1.50893,92.442
1.31235,1.51786,90.486
1.30266,0,174.232
1.30266,0.00892857,165.438
1.30266,0.0178571,166.02
1.30266,0.0267857,165.085
1.30266,0.0357143,73.709
1.30266,0.0446429,55.997
1.30266,0.0535714,56.051
1.30266,0.0625,57.839
1.30266,0.0714286,57.731
1.30266,0.0803571,57.579
1.30266,0.0892857,57.318
1.30266,0.0982143,57.372
1.30266,0.107143,57.671
1.30266,0.116071,57.671
1.30266,0.125,57.671
1.30266,0.133929,57.671
1.30266,0.142857,57.671
1.30266,0.151786,57.671
1.30266,0.160714,57.671
1.30266,0.169643,57.671
1.30266,0.178571,57.671
1.30266,0.1875,57.671
1.30266,0.196429,57.671
1.30266,0.205357,57.671
1.30266,0.214286,57.671
1.30266,0.223214,57.671
1.30266,0.232143,55.616
1.30266,0.241071,158.448
1.30266,0.25,163.737
1.30266,0.258929,169.41
1.30266,0.267857,168.296
1.30266,0.276786,166.937
1.30266,0.285714,166.627
1.30266,0.294643,166.726
1.30266,0.303571,168.399
1.30266,0.3125,166.741
1.30266,0.321429,166.268
1.30266,0.330357,167.382
1.30266,0.339286,169.311
1.30266,0.348214,167.969
1.30266,0.357143,167.382
1.30266,0.366071,167.681
1.30266,0.375,167.04
1.30266,0.383929,167.812
1.30266,0.392857,167.997
1.30266,0.401786,166.997
1.30266,0.410714,167.47
1.30266,0.419643,166.655
1.30266,0.428571,165.541
1.30266,0.4375,167.242
1.30266,0.446429,167.313
1.30266,0.455357,165.786
1.30266,0.464286,164.857
1.30266,0.473214,165.515
1.30266,0.482143,165.173
1.30266,0.491071,164.244
1.30266,0.5,163.543
1.30266,0.508929,160.087
1.30266,0.517857,161.973
1.30266,0.526786,161.93
1.30266,0.535714,160.588
1.30266,0.544643,161.132
1.30266,0.553571,161.317
1.30266,0.5625,161.203
1.30266,0.571429,161.448
1.30266,0.580357,159.764
1.30266,0.589286,161.878
1.30266,0.598214,159.106
1.30266,0.607143,160.089
1.30266,0.616071,162.072
1.30266,0.625,160.887
1.30266,0.633929,161.246
1.30266,0.642857,159.676
1.30266,0.651786,159.334
1.30266,0.660714,161.334
1.30266,0.669643,160.747
1.30266,0.678571,159.747
1.30266,0.6875,161.747
1.30266,0.696429,160.089
1.30266,0.705357,160.203
1.30266,0.714286,160.203
1.30266,0.723214,161.616
1.30266,0.732143,161.474
1.30266,0.741071,163.044
1.30266,0.75,161.973
1.30266,0.758929,165.087
1.30266,0.767857,163.717
1.30266,0.776786,164.717
1.30266,0.785714,164.059
1.30266,0.794643,164.7
1.30266,0.803571,166.569
1.30266,0.8125,164.797
1.30266,0.821429,165.84
1.30266,0.830357,165.84
1.30266,0.839286,167.068
1.30266,0.848214,168.111
1.30266,0.857143,167.208
1.30266,0.866071,170.208
1.30266,0.875,168.724
1.30266,0.883929,169.066
1.30266,0.892857,170.109
1.30266,0.901786,168.337
1.30266,0.910714,169.739
1.30266,0.919643,171.494
1.30266,0.928571,171.064
1.30266,0.9375,171.634
1.30266,0.946429,172.862
1.30266,0.955357,173.221
1.30266,0.964286,171.221
1.30266,0.973214,174.15
1.30266,0.982143,173.019
1.30266,0.991071,174.29
1.30266,1,174.92
1.30266,1.00893,176.664
1.30266,1.01786,176.892
1.30266,1.02679,177.234
1.30266,1.03571,175.679
1.30266,1.04464,172.455
1.30266,1.05357,170.519
1.30266,1.0625,168.398
1.30266,1.07143,162.946
1.30266,1.08036,160.124
1.30266,1.08929,157.971
1.30266,1.09821,157.797
1.30266,1.10714,154.107
1.30266,1.11607,151.716
1.30266,1.125,154.108
1.30266,1.13393,148.418
1.30266,1.14286,146.853
1.30266,1.15179,143.462
1.30266,1.16071,133.946
1.30266,1.16964,136.37
1.30266,1.17857,146.392
1.30266,1.1875,137.001
1.30266,1.19643,132.784
1.30266,1.20536,136.496
1.30266,1.21429,123.806
1.30266,1.22321,128.127
1.30266,1.23214,120.551
1.30266,1.24107,121.459
1.30266,1.25,123.584
1.30266,1.25893,114.296
1.30266,1.26786,110.595
1.30266,1.27679,106.894
1.30266,1.28571,107.432
1.30266,1.29464,104.155
1.30266,1.30357,100.579
1.30266,1.3125,94.188
1.30266,1.32143,92.726
1.30266,1.33036,91.449
1.30266,1.33929,86.449
1.30266,1.34821,85.449
1.30266,1.35714,84.449
1.30266,1.36607,84.161
1.30266,1.375,84.161
1.30266,1.38393,84.161
1.30266,1.39286,83.574
1.30266,1.40179,83.884
1.30266,1.41071,84.265
1.30266,1.41964,86.048
1.30266,1.42857,88.543
1.30266,1.4375,88.924
1.30266,1.44643,89.43
1.30266,1.45536,89.615
1.30266,1.46429,91.936
1.30266,1.47321,93.442
1.30266,1.48214,93.741
1.30266,1.49107,92.822
1.30266,1.5,91.295
1.30266,1.50893,94.051
1.30266,1.51786,90.785
1.29298,0,176.78
1.29298,0.00892857,168.969
1.29298,0.0178571,169.605
1.29298,0.0267857,168.502
1.29298,0.0357143,101.778
1.29298,0.0446429,56.388
1.29298,0.0535714,57.258
1.29298,0.0625,56.828
1.29298,0.0714286,57.731
1.29298,0.0803571,57.394
1.29298,0.0892857,57.073
1.29298,0.0982143,57.372
1.29298,0.107143,57.671
1.29298,0.116071,57.671
1.29298,0.125,57.671
1.29298,0.133929,57.671
1.29298,0.142857,57.671
1.29298,0.151786,57.671
1.29298,0.160714,57.671
1.29298,0.169643,57.671
1.29298,0.178571,57.671
1.29298,0.1875,57.671
1.29298,0.196429,57.671
1.29298,0.205357,57.671
1.29298,0.214286,57.671
1.29298,0.223214,57.671
1.29298,0.232143,64.914
1.29298,0.241071,167.131
1.29298,0.25,166.262
1.29298,0.258929,168.892
1.29298,0.267857,167.941
1.29298,0.276786,169.017
1.29298,0.285714,169.935
1.29298,0.294643,169.681
1.29298,0.303571,169.283
1.29298,0.3125,169.212
1.29298,0.321429,169.625
1.29298,0.330357,170.152
1.29298,0.339286,169.739
1.29298,0.348214,170.739
1.29298,0.357143,170.739
1.29298,0.366071,170.81
1.29298,0.375,170.995
1.29298,0.383929,170.294
1.29298,0.392857,169.653
1.29298,0.401786,168.653
1.29298,0.410714,168.653
1.29298,0.419643,168.311
1.29298,0.428571,169.197
1.29298,0.4375,168.311
1.29298,0.446429,167.784
1.29298,0.455357,167.784
1.29298,0.464286,167.627
1.29298,0.473214,166.698
1.29298,0.482143,167.356
1.29298,0.491071,165.84
1.29298,0.5,165.313
1.29298,0.508929,165.33
1.29298,0.517857,164.928
1.29298,0.526786,164.059
1.29298,0.535714,164.13
1.29298,0.544643,162.973
1.29298,0.553571,163.272
1.29298,0.5625,162.571
1.29298,0.571429,162.457
1.29298,0.580357,161.192
1.29298,0.589286,161.491
1.29298,0.598214,160.42
1.29298,0.607143,160.93
1.29298,0.616071,164.685
1.29298,0.625,162.913
1.29298,0.633929,162.158
1.29298,0.642857,162.773
1.29298,0.651786,162.203
1.29298,0.660714,160.203
1.29298,0.669643,159.616
1.29298,0.678571,160.203
1.29298,0.6875,161.616
1.29298,0.696429,161.844
1.29298,0.705357,162.958
1.29298,0.714286,162.947
1.29298,0.723214,162.588
1.29298,0.732143,162.044
1.29298,0.741071,162.973
1.29298,0.75,163.842
1.29298,0.758929,163.059
1.29298,0.767857,164.358
1.29298,0.776786,163.173
1.29298,0.785714,164.173
1.29298,0.794643,163.7
1.29298,0.803571,165.156
1.29298,0.8125,168.025
1.29298,0.821429,166.84
1.29298,0.830357,167.068
1.29298,0.839286,167.068
1.29298,0.848214,167.638
1.29298,0.857143,167.208
1.29298,0.866071,168.268
1.29298,0.875,168.311
1.29298,0.883929,170.408
1.29298,0.892857,171.75
1.29298,0.901786,169.853
1.29298,0.910714,169.739
1.29298,0.919643,172.494
1.29298,0.928571,172.363
1.29298,0.9375,172.634
1.29298,0.946429,171.862
1.29298,0.955357,173.862
1.29298,0.964286,173.221
1.29298,0.973214,174.378
1.29298,0.982143,173.905
1.29298,0.991071,174.774
1.29298,1,175.105
1.29298,1.00893,177.262
1.29298,1.01786,177.262
1.29298,1.02679,177.49
1.29298,1.03571,176.935
1.29298,1.04464,173.711
1.29298,1.05357,172.672
1.29298,1.0625,171.035
1.29298,1.07143,167.213
1.29298,1.08036,162.092
1.29298,1.08929,157.281
1.29298,1.09821,157.797
1.29298,1.10714,155.107
1.29298,1.11607,154.015
1.29298,1.125,148.396
1.29298,1.13393,147.418
1.29298,1.14286,145.451
1.29298,1.15179,142.174
1.29298,1.16071,141.946
1.29298,1.16964,136.669
1.29298,1.17857,138.979
1.29298,1.1875,134.588
1.29298,1.19643,134.784
1.29298,1.20536,130.094
1.29298,1.21429,134.404
1.29298,1.22321,123.839
1.29298,1.23214,126.85
1.29298,1.24107,116.459
1.29298,1.25,118.47
1.29298,1.25893,111.296
1.29298,1.26786,109.595
1.29298,1.27679,105.894
1.29298,1.28571,107.905
1.29298,1.29464,103.155
1.29298,1.30357,100.28
1.29298,1.3125,95.188
1.29298,1.32143,92.715
1.29298,1.33036,87.851
1.29298,1.33929,87.449
1.29298,1.34821,84.449
1.29298,1.35714,85.449
1.29298,1.36607,84.161
1.29298,1.375,84.161
1.29298,1.38393,84.161
1.29298,1.39286,83.574
1.29298,1.40179,84.884
1.29298,1.41071,85.254
1.29298,1.41964,86.45
1.29298,1.42857,88.244
1.29298,1.4375,89.739
1.29298,1.44643,91.533
1.29298,1.45536,91.43
1.29298,1.46429,92.512
1.29298,1.47321,92.833
1.29298,1.48214,93.442
1.29298,1.49107,93.165
1.29298,1.5,93.752
1.29298,1.50893,90.605
1.29298,1.51786,91.317
1.28329,0,179.023
1.28329,0.00892857,171.309
1.28329,0.0178571,170.711
1.28329,0.0267857,172.223
1.28329,0.0357143,164.787
1.28329,0.0446429,57.409
1.28329,0.0535714,56.351
1.28329,0.0625,57.35
1.28329,0.0714286,57.503
1.28329,0.0803571,57.611
1.28329,0.0892857,57.312
1.28329,0.0982143,57.671
1.28329,0.107143,57.671
1.28329,0.116071,57.671
1.28329,0.125,57.671
1.28329,0.133929,57.671
1.28329,0.142857,57.671
1.28329,0.151786,57.671
1.28329,0.160714,57.671
1.28329,0.169643,57.671
1.28329,0.178571,57.671
1.28329,0.1875,57.671
1.28329,0.196429,57.671
1.28329,0.205357,57.671
1.28329,0.214286,57.671
1.28329,0.223214,57.671
1.28329,0.232143,81.674
1.28329,0.241071,168.287
1.28329,0.25,170.608
1.28329,0.258929,170.195
1.28329,0.267857,172.07
1.28329,0.276786,173.716
1.28329,0.285714,173.215
1.28329,0.294643,172.124
1.28329,0.303571,172.58
1.28329,0.3125,171.694
1.28329,0.321429,171.58
1.28329,0.330357,171.58
1.28329,0.339286,170.466
1.28329,0.348214,172.466
1.28329,0.357143,172.58
1.28329,0.366071,171.466
1.28329,0.375,171.249
1.28329,0.383929,170.836
1.28329,0.392857,169.836
1.28329,0.401786,170.309
1.28329,0.410714,171.195
1.28329,0.419643,169.081
1.28329,0.428571,170.081
1.28329,0.4375,171.081
1.28329,0.446429,171.081
1.28329,0.455357,170.853
1.28329,0.464286,169.924
1.28329,0.473214,168.881
1.28329,0.482143,168.838
1.28329,0.491071,168.311
1.28329,0.5,168.083
1.28329,0.508929,167.698
1.28329,0.517857,163.84
1.28329,0.526786,166.085
1.28329,0.535714,164.33
1.28329,0.544643,164.7
1.28329,0.553571,165.173
1.28329,0.5625,164.184
1.28329,0.571429,164.07
1.28329,0.580357,163.201
1.28329,0.589286,161.973
1.28329,0.598214,162.973
1.28329,0.607143,163.429
1.28329,0.616071,163.184
1.28329,0.625,162.842
1.28329,0.633929,162.973
1.28329,0.642857,162.403
1.28329,0.651786,162.474
1.28329,0.660714,162.289
1.28329,0.669643,162.702
1.28329,0.678571,162.816
1.28329,0.6875,161.816
1.28329,0.696429,160.816
1.28329,0.705357,162.816
1.28329,0.714286,161.93
1.28329,0.723214,163.158
1.28329,0.732143,163.201
1.28329,0.741071,164.543
1.28329,0.75,163.7
1.28329,0.758929,162.7
1.28329,0.767857,164.814
1.28329,0.776786,164.102
1.28329,0.785714,163.7
1.28329,0.794643,165.042
1.28329,0.803571,165.156
1.28329,0.8125,167.025
1.28329,0.821429,166.068
1.28329,0.830357,167.068
1.28329,0.839286,166.296
1.28329,0.848214,165.165
1.28329,0.857143,167.094
1.28329,0.866071,168.741
1.28329,0.875,168.083
1.28329,0.883929,167.109
1.28329,0.892857,171.092
1.28329,0.901786,170.081
1.28329,0.910714,169.739
1.28329,0.919643,171.967
1.28329,0.928571,171.95
1.28329,0.9375,173.107
1.28329,0.946429,171.862
1.28329,0.955357,174.221
1.28329,0.964286,174.221
1.28329,0.973214,174.378
1.28329,0.982143,174.019
1.28329,0.991071,174.774
1.28329,1,175.105
1.28329,1.00893,177.034
1.28329,1.01786,176.561
1.28329,1.02679,176.974
1.28329,1.03571,177.707
1.28329,1.04464,176.081
1.28329,1.05357,174.412
1.28329,1.0625,171.846
1.28329,1.07143,169.953
1.28329,1.08036,164.875
1.28329,1.08929,158.58
1.28329,1.09821,158.096
1.28329,1.10714,156.107
1.28329,1.11607,149.602
1.28329,1.125,151.396
1.28329,1.13393,149.831
1.28329,1.14286,147.451
1.28329,1.15179,143.174
1.28329,1.16071,145.946
1.28329,1.16964,143.37
1.28329,1.17857,136.566
1.28329,1.1875,138.289
1.28329,1.19643,136.485
1.28329,1.20536,128.681
1.28329,1.21429,126.116
1.28329,1.22321,131.839
1.28329,1.23214,122.85
1.28329,1.24107,122.16
1.28329,1.25,117.171
1.28329,1.25893,113.296
1.28329,1.26786,109.595
1.28329,1.27679,106.894
1.28329,1.28571,106.72
1.28329,1.29464,105.443
1.28329,1.30357,100.867
1.28329,1.3125,93.889
1.28329,1.32143,92.715
1.28329,1.33036,89.851
1.28329,1.33929,89.449
1.28329,1.34821,85.449
1.28329,1.35714,84.449
1.28329,1.36607,84.161
1.28329,1.375,84.161
1.28329,1.38393,84.161
1.28329,1.39286,84.161
1.28329,1.40179,83.471
1.28329,1.41071,85.183
1.28329,1.41964,87.265
1.28329,1.42857,87.76
1.28329,1.4375,88.44
1.28329,1.44643,90.522
1.28329,1.45536,92.305
1.28329,1.46429,92.501
1.28329,1.47321,93.697
1.28329,1.48214,93.73
1.28329,1.49107,92.888
1.28329,1.5,93.361
1.28329,1.50893,92.306
1.28329,1.51786,90.295
1.27361,0,181.092
1.27361,0.00892857,173.845
1.27361,0.0178571,174.475
1.27361,0.0267857,172.488
1.27361,0.0357143,172.878
1.27361,0.0446429,54.099
1.27361,0.0535714,57.487
1.27361,0.0625,57.122
1.27361,0.0714286,57.389
1.27361,0.0803571,57.899
1.27361,0.0892857,58.138
1.27361,0.0982143,57.084
1.27361,0.107143,57.671
1.27361,0.116071,57.671
1.27361,0.125,57.671
1.27361,0.133929,57.671
1.27361,0.142857,57.671
1.27361,0.151786,57.671
1.27361,0.160714,57.671
1.27361,0.169643,57.372
1.27361,0.178571,57.372
1.27361,0.1875,57.671
1.27361,0.196429,57.372
1.27361,0.205357,57.671
1.27361,0.214286,57.671
1.27361,0.223214,57.073
1.27361,0.232143,113.929
1.27361,0.241071,171.998
1.27361,0.25,173.683
1.27361,0.258929,171.324
1.27361,0.267857,172.487
1.27361,0.276786,172.899
1.27361,0.285714,173.213
1.27361,0.294643,173.464
1.27361,0.303571,174.361
1.27361,0.3125,174.361
1.27361,0.321429,174.834
1.27361,0.330357,175.193
1.27361,0.339286,174.492
1.27361,0.348214,175.193
1.27361,0.357143,174.193
1.27361,0.366071,172.791
1.27361,0.375,172.09
1.27361,0.383929,172.563
1.27361,0.392857,174.449
1.27361,0.401786,173.449
1.27361,0.410714,172.449
1.27361,0.419643,173.449
1.27361,0.428571,172.449
1.27361,0.4375,173.748
1.27361,0.446429,173.107
1.27361,0.455357,171.879
1.27361,0.464286,171.765
1.27361,0.473214,170.608
1.27361,0.482143,170.565
1.27361,0.491071,170.451
1.27361,0.5,170.522
1.27361,0.508929,167.681
1.27361,0.517857,168.225
1.27361,0.526786,165.356
1.27361,0.535714,166.9
1.27361,0.544643,166.085
1.27361,0.553571,165.857
1.27361,0.5625,164.455
1.27361,0.571429,163.868
1.27361,0.580357,166.156
1.27361,0.589286,163.7
1.27361,0.598214,165.287
1.27361,0.607143,164.412
1.27361,0.616071,164.298
1.27361,0.625,164.13
1.27361,0.633929,161.446
1.27361,0.642857,162.745
1.27361,0.651786,162.158
1.27361,0.660714,163.272
1.27361,0.669643,163.272
1.27361,0.678571,162.799
1.27361,0.6875,162.913
1.27361,0.696429,162.913
1.27361,0.705357,163.685
1.27361,0.714286,160.799
1.27361,0.723214,163.799
1.27361,0.732143,163.543
1.27361,0.741071,163.184
1.27361,0.75,165.814
1.27361,0.758929,165.156
1.27361,0.767857,163.857
1.27361,0.776786,165.743
1.27361,0.785714,164.814
1.27361,0.794643,164.042
1.27361,0.803571,166.797
1.27361,0.8125,167.025
1.27361,0.821429,166.182
1.27361,0.830357,168.296
1.27361,0.839286,167.296
1.27361,0.848214,166.752
1.27361,0.857143,168.382
1.27361,0.866071,165.627
1.27361,0.875,168.969
1.27361,0.883929,168.995
1.27361,0.892857,171.206
1.27361,0.901786,170.195
1.27361,0.910714,169.739
1.27361,0.919643,169.967
1.27361,0.928571,169.722
1.27361,0.9375,170.993
1.27361,0.946429,172.748
1.27361,0.955357,173.221
1.27361,0.964286,172.634
1.27361,0.973214,173.378
1.27361,0.982143,174.019
1.27361,0.991071,174.774
1.27361,1,175.404
1.27361,1.00893,177.034
1.27361,1.01786,176.333
1.27361,1.02679,175.86
1.27361,1.03571,177.006
1.27361,1.04464,176.565
1.27361,1.05357,176.608
1.27361,1.0625,172.939
1.27361,1.07143,170.22
1.27361,1.08036,165.843
1.27361,1.08929,163.836
1.27361,1.09821,157.982
1.27361,1.10714,158.808
1.27361,1.11607,153.705
1.27361,1.125,151.211
1.27361,1.13393,146.418
1.27361,1.14286,146.266
1.27361,1.15179,142.875
1.27361,1.16071,140.245
1.27361,1.16964,136.669
1.27361,1.17857,135.979
1.27361,1.1875,132.289
1.27361,1.19643,129.784
1.27361,1.20536,128.094
1.27361,1.21429,130.116
1.27361,1.22321,123.839
1.27361,1.23214,123.562
1.27361,1.24107,118.16
1.27361,1.25,114.459
1.27361,1.25893,114.883
1.27361,1.26786,108.894
1.27361,1.27679,108.193
1.27361,1.28571,104.72
1.27361,1.29464,103.443
1.27361,1.30357,99.867
1.27361,1.3125,94.889
1.27361,1.32143,94.416
1.27361,1.33036,90.15
1.27361,1.33929,87.449
1.27361,1.34821,86.449
1.27361,1.35714,85.449
1.27361,1.36607,84.161
1.27361,1.375,84.161
1.27361,1.38393,84.161
1.27361,1.39286,84.161
1.27361,1.40179,83.873
1.27361,1.41071,85.183
1.27361,1.41964,84.966
1.27361,1.42857,83.76
1.27361,1.4375,88.141
1.27361,1.44643,89.636
1.27361,1.45536,91.419
1.27361,1.46429,93.903
1.27361,1.47321,93.626
1.27361,1.48214,92.659
1.27361,1.49107,93.969
1.27361,1.5,92.98
1.27361,1.50893,92.692
1.27361,1.51786,90.681
1.26392,0,184.107
1.26392,0.00892857,177.572
1.26392,0.0178571,173.72
1.26392,0.0267857,175.062
1.26392,0.0357143,176.029
1.26392,0.0446429,56.333
1.26392,0.0535714,57.177
1.26392,0.0625,57.144
1.26392,0.0714286,57.443
1.26392,0.0803571,57.91
1.26392,0.0892857,57.91
1.26392,0.0982143,57.671
1.26392,0.107143,57.671
1.26392,0.116071,57.671
1.26392,0.125,57.671
1.26392,0.133929,57.671
1.26392,0.142857,57.671
1.26392,0.151786,57.671
1.26392,0.160714,57.084
1.26392,0.169643,57.486
1.26392,0.178571,57.66
1.26392,0.1875,57.671
1.26392,0.196429,57.66
1.26392,0.205357,56.568
1.26392,0.214286,57.209
1.26392,0.223214,58.268
1.26392,0.232143,135.4
1.26392,0.241071,175.344
1.26392,0.25,175.219
1.26392,0.258929,175.333
1.26392,0.267857,176.333
1.26392,0.276786,174.572
1.26392,0.285714,174.088
1.26392,0.294643,175.86
1.26392,0.303571,176.148
1.26392,0.3125,175.447
1.26392,0.321429,175.561
1.26392,0.330357,175.034
1.26392,0.339286,176.333
1.26392,0.348214,175.333
1.26392,0.357143,176.333
1.26392,0.366071,175.219
1.26392,0.375,174.518
1.26392,0.383929,175.518
1.26392,0.392857,174.518
1.26392,0.401786,174.404
1.26392,0.410714,175.518
1.26392,0.419643,175.518
1.26392,0.428571,175.518
1.26392,0.4375,173.948
1.26392,0.446429,174.193
1.26392,0.455357,173.492
1.26392,0.464286,173.264
1.26392,0.473214,173.922
1.26392,0.482143,173.167
1.26392,0.491071,171.124
1.26392,0.5,172.081
1.26392,0.508929,169.696
1.26392,0.517857,170.468
1.26392,0.526786,168.24
1.26392,0.535714,170.311
1.26392,0.544643,168.154
1.26392,0.553571,167.399
1.26392,0.5625,167.655
1.26392,0.571429,163.655
1.26392,0.580357,164.954
1.26392,0.589286,165.726
1.26392,0.598214,166.726
1.26392,0.607143,166.068
1.26392,0.616071,165.253
1.26392,0.625,165.199
1.26392,0.633929,166.102
1.26392,0.642857,165.173
1.26392,0.651786,164.831
1.26392,0.660714,163.244
1.26392,0.669643,162.429
1.26392,0.678571,162.728
1.26392,0.6875,164.728
1.26392,0.696429,164.728
1.26392,0.705357,162.799
1.26392,0.714286,163.859
1.26392,0.723214,165.315
1.26392,0.732143,165.07
1.26392,0.741071,162.7
1.26392,0.75,163.7
1.26392,0.758929,163.814
1.26392,0.767857,165.085
1.26392,0.776786,166.612
1.26392,0.785714,163.857
1.26392,0.794643,166.498
1.26392,0.803571,167.84
1.26392,0.8125,167.296
1.26392,0.821429,167.823
1.26392,0.830357,165.823
1.26392,0.839286,168.823
1.26392,0.848214,167.165
1.26392,0.857143,169.197
1.26392,0.866071,167.969
1.26392,0.875,168.197
1.26392,0.883929,168.24
1.26392,0.892857,168.767
1.26392,0.901786,168.995
1.26392,0.910714,169.995
1.26392,0.919643,169.853
1.26392,0.928571,170.722
1.26392,0.9375,171.95
1.26392,0.946429,172.879
1.26392,0.955357,174.221
1.26392,0.964286,173.15
1.26392,0.973214,175.378
1.26392,0.982143,173.905
1.26392,0.991071,175.888
1.26392,1,174.404
1.26392,1.00893,174.632
1.26392,1.01786,175.974
1.26392,1.02679,177.903
1.26392,1.03571,177.832
1.26392,1.04464,177.234
1.26392,1.05357,177.266
1.26392,1.0625,174.01
1.26392,1.07143,173.281
1.26392,1.08036,169.872
1.26392,1.08929,164.256
1.26392,1.09821,158.369
1.26392,1.10714,158.156
1.26392,1.11607,155.683
1.26392,1.125,151.841
1.26392,1.13393,147.048
1.26392,1.14286,145.266
1.26392,1.15179,141.647
1.26392,1.16071,137.142
1.26392,1.16964,135.751
1.26392,1.17857,138.702
1.26392,1.1875,134.724
1.26392,1.19643,132.083
1.26392,1.20536,130.094
1.26392,1.21429,126.415
1.26392,1.22321,123.138
1.26392,1.23214,119.861
1.26392,1.24107,120.171
1.26392,1.25,114.883
1.26392,1.25893,113.41
1.26392,1.26786,109.535
1.26392,1.27679,106.834
1.26392,1.28571,106.845
1.26392,1.29464,103.568
1.26392,1.30357,98.878
1.26392,1.3125,96.889
1.26392,1.32143,94.9
1.26392,1.33036,89.851
1.26392,1.33929,87.851
1.26392,1.34821,85.449
1.26392,1.35714,85.449
1.26392,1.36607,85.449
1.26392,1.375,84.449
1.26392,1.38393,84.161
1.26392,1.39286,84.161
1.26392,1.40179,83.884
1.26392,1.41071,85.183
1.26392,1.41964,85.966
1.26392,1.42857,84.564
1.26392,1.4375,87.255
1.26392,1.44643,90.038
1.26392,1.45536,92.06
1.26392,1.46429,91.017
1.26392,1.47321,91.914
1.26392,1.48214,93.05
1.26392,1.49107,92.855
1.26392,1.5,93.051
1.26392,1.50893,93.361
1.26392,1.51786,92.66
1.25424,0,184.428
1.25424,0.00892857,176.028
1.25424,0.0178571,175.941
1.25424,0.0267857,177.354
1.25424,0.0357143,176.11
1.25424,0.0446429,54.93
1.25424,0.0535714,55.742
1.25424,0.0625,57.432
1.25424,0.0714286,57.372
1.25424,0.0803571,57.312
1.25424,0.0892857,57.312
1.25424,0.0982143,57.671
1.25424,0.107143,57.671
1.25424,0.116071,57.671
1.25424,0.125,57.671
1.25424,0.133929,57.671
1.25424,0.142857,57.671
1.25424,0.151786,57.671
1.25424,0.160714,57.084
1.25424,0.169643,57.486
1.25424,0.178571,57.66
1.25424,0.1875,57.383
1.25424,0.196429,57.959
1.25424,0.205357,57.568
1.25424,0.214286,57.796
1.25424,0.223214,57.648
1.25424,0.232143,152.481
1.25424,0.241071,177.903
1.25424,0.25,176.903
1.25424,0.258929,175.903
1.25424,0.267857,177.903
1.25424,0.276786,176.903
1.25424,0.285714,176.903
1.25424,0.294643,177.903
1.25424,0.303571,175.903
1.25424,0.3125,175.903
1.25424,0.321429,177.903
1.25424,0.330357,176.903
1.25424,0.339286,176.903
1.25424,0.348214,176.903
1.25424,0.357143,177.903
1.25424,0.366071,176.376
1.25424,0.375,176.262
1.25424,0.383929,177.262
1.25424,0.392857,176.262
1.25424,0.401786,176.262
1.25424,0.410714,176.262
1.25424,0.419643,176.262
1.25424,0.428571,176.262
1.25424,0.4375,175.92
1.25424,0.446429,175.991
1.25424,0.455357,175.877
1.25424,0.464286,174.877
1.25424,0.473214,174.019
1.25424,0.482143,173.606
1.25424,0.491071,171.737
1.25424,0.5,170.694
1.25424,0.508929,170.238
1.25424,0.517857,172.722
1.25424,0.526786,170.494
1.25424,0.535714,170.864
1.25424,0.544643,169.408
1.25424,0.553571,168.952
1.25424,0.5625,169.197
1.25424,0.571429,166.969
1.25424,0.580357,167.051
1.25424,0.589286,167.111
1.25424,0.598214,168.524
1.25424,0.607143,167.051
1.25424,0.616071,167.866
1.25424,0.625,168.41
1.25424,0.633929,167.313
1.25424,0.642857,167.971
1.25424,0.651786,164.156
1.25424,0.660714,164.156
1.25424,0.669643,164.928
1.25424,0.678571,164.928
1.25424,0.6875,165.711
1.25424,0.696429,164.711
1.25424,0.705357,163.412
1.25424,0.714286,162.07
1.25424,0.723214,163.825
1.25424,0.732143,164.156
1.25424,0.741071,163.569
1.25424,0.75,166.156
1.25424,0.758929,163.971
1.25424,0.767857,164.313
1.25424,0.776786,166.954
1.25424,0.785714,165.199
1.25424,0.794643,166.726
1.25424,0.803571,166.068
1.25424,0.8125,166.296
1.25424,0.821429,167.823
1.25424,0.830357,165.823
1.25424,0.839286,168.823
1.25424,0.848214,166.339
1.25424,0.857143,168.083
1.25424,0.866071,168.197
1.25424,0.875,168.425
1.25424,0.883929,170.24
1.25424,0.892857,170.767
1.25424,0.901786,169.109
1.25424,0.910714,170.109
1.25424,0.919643,171.195
1.25424,0.928571,170.722
1.25424,0.9375,172.95
1.25424,0.946429,172.879
1.25424,0.955357,174.221
1.25424,0.964286,173.15
1.25424,0.973214,174.378
1.25424,0.982143,174.019
1.25424,0.991071,174.589
1.25424,1,175.116
1.25424,1.00893,176.518
1.25424,1.01786,176.746
1.25424,1.02679,177.903
1.25424,1.03571,177.832
1.25424,1.04464,177.533
1.25424,1.05357,176.451
1.25424,1.0625,174.309
1.25424,1.07143,174.765
1.25424,1.08036,169.541
1.25424,1.08929,166.697
1.25424,1.09821,165.266
1.25424,1.10714,160.928
1.25424,1.11607,157.395
1.25424,1.125,156.417
1.25424,1.13393,149.738
1.25424,1.14286,145.141
1.25424,1.15179,144.533
1.25424,1.16071,140.327
1.25424,1.16964,137.05
1.25424,1.17857,136.289
1.25424,1.1875,130.425
1.25424,1.19643,127.507
1.25424,1.20536,131.105
1.25424,1.21429,130.54
1.25424,1.22321,122.437
1.25424,1.23214,123.16
1.25424,1.24107,120.171
1.25424,1.25,115.171
1.25424,1.25893,111.296
1.25424,1.26786,111.122
1.25424,1.27679,109.133
1.25424,1.28571,105.557
1.25424,1.29464,103.454
1.25424,1.30357,99.476
1.25424,1.3125,96.188
1.25424,1.32143,92.9
1.25424,1.33036,89.851
1.25424,1.33929,87.851
1.25424,1.34821,86.449
1.25424,1.35714,84.449
1.25424,1.36607,85.449
1.25424,1.375,84.449
1.25424,1.38393,84.161
1.25424,1.39286,84.161
1.25424,1.40179,83.585
1.25424,1.41071,84.884
1.25424,1.41964,85.955
1.25424,1.42857,86.678
1.25424,1.4375,86.358
1.25424,1.44643,87.739
1.25424,1.45536,89.049
1.25424,1.46429,92.718
1.25424,1.47321,92.914
1.25424,1.48214,93.936
1.25424,1.49107,93.442
1.25424,1.5,93.464
1.25424,1.50893,93.959
1.25424,1.51786,93.258
1.24455,0,186.043
1.24455,0.00892857,175.903
1.24455,0.0178571,177.565
1.24455,0.0267857,177.049
1.24455,0.0357143,175.729
1.24455,0.0446429,80.864
1.24455,0.0535714,55.35
1.24455,0.0625,57.649
1.24455,0.0714286,57.66
1.24455,0.0803571,58.187
1.24455,0.0892857,57.6
1.24455,0.0982143,57.671
1.24455,0.107143,57.671
1.24455,0.116071,57.671
1.24455,0.125,57.671
1.24455,0.133929,57.671
1.24455,0.142857,57.671
1.24455,0.151786,57.671
1.24455,0.160714,57.084
1.24455,0.169643,57.372
1.24455,0.178571,57.66
1.24455,0.1875,57.383
1.24455,0.196429,57.258
1.24455,0.205357,57.095
1.24455,0.214286,58.024
1.24455,0.223214,58.718
1.24455,0.232143,167.676
1.24455,0.241071,177.12
1.24455,0.25,178.12
1.24455,0.258929,177.12
1.24455,0.267857,177.12
1.24455,0.276786,177.12
1.24455,0.285714,177.12
1.24455,0.294643,177.12
1.24455,0.303571,178.12
1.24455,0.3125,177.12
1.24455,0.321429,178.12
1.24455,0.330357,176.12
1.24455,0.339286,177.12
1.24455,0.348214,177.12
1.24455,0.357143,178.12
1.24455,0.366071,177.006
1.24455,0.375,176.892
1.24455,0.383929,176.892
1.24455,0.392857,176.892
1.24455,0.401786,176.892
1.24455,0.410714,176.892
1.24455,0.419643,176.892
1.24455,0.428571,176.892
1.24455,0.4375,176.49
1.24455,0.446429,176.789
1.24455,0.455357,176.49
1.24455,0.464286,175.789
1.24455,0.473214,176.333
1.24455,0.482143,175.991
1.24455,0.491071,173.763
1.24455,0.5,174.019
1.24455,0.508929,174.677
1.24455,0.517857,173.09
1.24455,0.526786,172.748
1.24455,0.535714,173.933
1.24455,0.544643,171.406
1.24455,0.553571,169.548
1.24455,0.5625,171.206
1.24455,0.571429,170.522
1.24455,0.580357,167.365
1.24455,0.589286,168.425
1.24455,0.598214,168.838
1.24455,0.607143,168.066
1.24455,0.616071,169.18
1.24455,0.625,168.838
1.24455,0.633929,167.741
1.24455,0.642857,165.698
1.24455,0.651786,166.296
1.24455,0.660714,167.296
1.24455,0.669643,167.068
1.24455,0.678571,166.954
1.24455,0.6875,166.253
1.24455,0.696429,165.025
1.24455,0.705357,164.911
1.24455,0.714286,165.683
1.24455,0.723214,166.324
1.24455,0.732143,166.78
1.24455,0.741071,166.954
1.24455,0.75,166.726
1.24455,0.758929,165.313
1.24455,0.767857,165.068
1.24455,0.776786,166.709
1.24455,0.785714,166.954
1.24455,0.794643,167.182
1.24455,0.803571,166.296
1.24455,0.8125,166.296
1.24455,0.821429,166.823
1.24455,0.830357,166.709
1.24455,0.839286,168.296
1.24455,0.848214,166.926
1.24455,0.857143,167.969
1.24455,0.866071,168.083
1.24455,0.875,168.425
1.24455,0.883929,168.767
1.24455,0.892857,169.109
1.24455,0.901786,170.337
1.24455,0.910714,172.337
1.24455,0.919643,171.309
1.24455,0.928571,170.95
1.24455,0.9375,172.064
1.24455,0.946429,170.993
1.24455,0.955357,172.634
1.24455,0.964286,173.264
1.24455,0.973214,173.905
1.24455,0.982143,173.019
1.24455,0.991071,173.589
1.24455,1,175.002
1.24455,1.00893,175.518
1.24455,1.01786,174.746
1.24455,1.02679,177.675
1.24455,1.03571,177.604
1.24455,1.04464,177.533
1.24455,1.05357,176.75
1.24455,1.0625,174.494
1.24455,1.07143,174.423
1.24455,1.08036,173.313
1.24455,1.08929,170.665
1.24455,1.09821,167.946
1.24455,1.10714,162.309
1.24455,1.11607,157.939
1.24455,1.125,154.107
1.24455,1.13393,150.314
1.24455,1.14286,146.429
1.24455,1.15179,144.245
1.24455,1.16071,137.968
1.24455,1.16964,137.979
1.24455,1.17857,135.99
1.24455,1.1875,134.599
1.24455,1.19643,128.105
1.24455,1.20536,128.415
1.24455,1.21429,128.839
1.24455,1.22321,125.149
1.24455,1.23214,117.573
1.24455,1.24107,118.171
1.24455,1.25,114.171
1.24455,1.25893,111.997
1.24455,1.26786,109.122
1.24455,1.27679,108.834
1.24455,1.28571,106.144
1.24455,1.29464,101.867
1.24455,1.30357,97.59
1.24455,1.3125,96.889
1.24455,1.32143,91.9
1.24455,1.33036,89.851
1.24455,1.33929,88.851
1.24455,1.34821,86.449
1.24455,1.35714,85.449
1.24455,1.36607,85.449
1.24455,1.375,84.449
1.24455,1.38393,84.161
1.24455,1.39286,84.161
1.24455,1.40179,83.873
1.24455,1.41071,83.884
1.24455,1.41964,84.955
1.24455,1.42857,85.966
1.24455,1.4375,88.059
1.24455,1.44643,89.853
1.24455,1.45536,91.049
1.24455,1.46429,91.832
1.24455,1.47321,92.914
1.24455,1.48214,93.936
1.24455,1.49107,93.442
1.24455,1.5,93.165
1.24455,1.50893,93.959
1.24455,1.51786,92.97
1.23487,0,214.143
1.23487,0.00892857,195.562
1.23487,0.0178571,175.413
1.23487,0.0267857,174.462
1.23487,0.0357143,179.245
1.23487,0.0446429,121.727
1.23487,0.0535714,56.741
1.23487,0.0625,57.649
1.23487,0.0714286,57.671
1.23487,0.0803571,57.671
1.23487,0.0892857,57.6
1.23487,0.0982143,57.671
1.23487,0.107143,57.671
1.23487,0.116071,57.671
1.23487,0.125,57.671
1.23487,0.133929,57.671
1.23487,0.142857,57.671
1.23487,0.151786,57.671
1.23487,0.160714,57.084
1.23487,0.169643,57.671
1.23487,0.178571,57.546
1.23487,0.1875,57.742
1.23487,0.196429,57.443
1.23487,0.205357,57.497
1.23487,0.214286,57.725
1.23487,0.223214,58.652
1.23487,0.232143,174.045
1.23487,0.241071,176.935
1.23487,0.25,177.935
1.23487,0.258929,175.935
1.23487,0.267857,176.935
1.23487,0.276786,177.935
1.23487,0.285714,177.935
1.23487,0.294643,176.935
1.23487,0.303571,175.935
1.23487,0.3125,176.049
1.23487,0.321429,176.935
1.23487,0.330357,176.935
1.23487,0.339286,176.935
1.23487,0.348214,175.935
1.23487,0.357143,176.935
1.23487,0.366071,175.821
1.23487,0.375,176.821
1.23487,0.383929,176.821
1.23487,0.392857,176.821
1.23487,0.401786,177.821
1.23487,0.410714,177.821
1.23487,0.419643,177.821
1.23487,0.428571,177.821
1.23487,0.4375,177.234
1.23487,0.446429,176.647
1.23487,0.455357,176.647
1.23487,0.464286,176.946
1.23487,0.473214,178.017
1.23487,0.482143,176.376
1.23487,0.491071,175.034
1.23487,0.5,175.806
1.23487,0.508929,174.877
1.23487,0.517857,174.991
1.23487,0.526786,175.475
1.23487,0.535714,174.361
1.23487,0.544643,172.432
1.23487,0.553571,170.976
1.23487,0.5625,173.047
1.23487,0.571429,171.819
1.23487,0.580357,170.793
1.23487,0.589286,170.266
1.23487,0.598214,171.679
1.23487,0.607143,171.021
1.23487,0.616071,171.434
1.23487,0.625,169.679
1.23487,0.633929,169.582
1.23487,0.642857,169.539
1.23487,0.651786,167.838
1.23487,0.660714,168.724
1.23487,0.669643,168.681
1.23487,0.678571,166.866
1.23487,0.6875,167.225
1.23487,0.696429,167.111
1.23487,0.705357,166.709
1.23487,0.714286,168.182
1.23487,0.723214,167.709
1.23487,0.732143,166.937
1.23487,0.741071,166.823
1.23487,0.75,165.356
1.23487,0.758929,167.128
1.23487,0.767857,167.769
1.23487,0.776786,168.111
1.23487,0.785714,168.225
1.23487,0.794643,168.339
1.23487,0.803571,167.111
1.23487,0.8125,167.111
1.23487,0.821429,167.111
1.23487,0.830357,166.111
1.23487,0.839286,166.997
1.23487,0.848214,166.926
1.23487,0.857143,167.969
1.23487,0.866071,168.083
1.23487,0.875,169.952
1.23487,0.883929,168.881
1.23487,0.892857,169.337
1.23487,0.901786,169.864
1.23487,0.910714,170.864
1.23487,0.919643,169.722
1.23487,0.928571,172.95
1.23487,0.9375,170.064
1.23487,0.946429,170.993
1.23487,0.955357,173.748
1.23487,0.964286,174.378
1.23487,0.973214,174.905
1.23487,0.982143,174.019
1.23487,0.991071,174.888
1.23487,1,175.002
1.23487,1.00893,175.518
1.23487,1.01786,175.746
1.23487,1.02679,177.675
1.23487,1.03571,177.604
1.23487,1.04464,178.12
1.23487,1.05357,176.935
1.23487,1.0625,175.679
1.23487,1.07143,174.608
1.23487,1.08036,173.455
1.23487,1.08929,169.231
1.23487,1.09821,167.11
1.23487,1.10714,165.462
1.23487,1.11607,160.494
1.23487,1.125,157.455
1.23487,1.13393,149.716
1.23487,1.14286,148.016
1.23487,1.15179,142.875
1.23487,1.16071,143.968
1.23487,1.16964,141.68
1.23487,1.17857,133.691
1.23487,1.1875,132.485
1.23487,1.19643,128.817
1.23487,1.20536,126.828
1.23487,1.21429,129.138
1.23487,1.22321,121.861
1.23487,1.23214,116.16
1.23487,1.24107,121.171
1.23487,1.25,113.171
1.23487,1.25893,116.997
1.23487,1.26786,109.535
1.23487,1.27679,106.133
1.23487,1.28571,102.258
1.23487,1.29464,101.867
1.23487,1.30357,97.59
1.23487,1.3125,96.889
1.23487,1.32143,94.487
1.23487,1.33036,89.851
1.23487,1.33929,88.851
1.23487,1.34821,87.449
1.23487,1.35714,84.449
1.23487,1.36607,85.449
1.23487,1.375,84.449
1.23487,1.38393,84.161
1.23487,1.39286,84.161
1.23487,1.40179,83.873
1.23487,1.41071,83.873
1.23487,1.41964,85.542
1.23487,1.42857,87.265
1.23487,1.4375,86.646
1.23487,1.44643,89.44
1.23487,1.45536,89.636
1.23487,1.46429,88.419
1.23487,1.47321,91.914
1.23487,1.48214,93.936
1.23487,1.49107,92.844
1.23487,1.5,92.752
1.23487,1.50893,93.361
1.23487,1.51786,92.97
1.22518,0,250.515
1.22518,0.00892857,218.097
1.22518,0.0178571,175.843
1.22518,0.0267857,176.163
1.22518,0.0357143,175.462
1.22518,0.0446429,151.476
1.22518,0.0535714,58.36
1.22518,0.0625,57.361
1.22518,0.0714286,57.095
1.22518,0.0803571,57.394
1.22518,0.0892857,57.312
1.22518,0.0982143,57.671
1.22518,0.107143,57.671
1.22518,0.116071,57.671
1.22518,0.125,57.671
1.22518,0.133929,57.671
1.22518,0.142857,57.671
1.22518,0.151786,57.671
1.22518,0.160714,57.084
1.22518,0.169643,57.97
1.22518,0.178571,57.845
1.22518,0.1875,58.041
1.22518,0.196429,57.155
1.22518,0.205357,56.486
1.22518,0.214286,55.714
1.22518,0.223214,76.287
1.22518,0.232143,175.93
1.22518,0.241071,176.565
1.22518,0.25,175.565
1.22518,0.258929,176.565
1.22518,0.267857,176.565
1.22518,0.276786,175.565
1.22518,0.285714,175.565
1.22518,0.294643,175.565
1.22518,0.303571,175.679
1.22518,0.3125,175.679
1.22518,0.321429,175.679
1.22518,0.330357,174.793
1.22518,0.339286,175.679
1.22518,0.348214,176.679
1.22518,0.357143,176.679
1.22518,0.366071,174.679
1.22518,0.375,174.152
1.22518,0.383929,176.451
1.22518,0.392857,176.451
1.22518,0.401786,175.451
1.22518,0.410714,175.451
1.22518,0.419643,176.451
1.22518,0.428571,176.451
1.22518,0.4375,176.935
1.22518,0.446429,177.935
1.22518,0.455357,177.935
1.22518,0.464286,177.348
1.22518,0.473214,177.533
1.22518,0.482143,177.12
1.22518,0.491071,175.778
1.22518,0.5,175.55
1.22518,0.508929,177.034
1.22518,0.517857,176.92
1.22518,0.526786,176.92
1.22518,0.535714,176.404
1.22518,0.544643,176.29
1.22518,0.553571,174.361
1.22518,0.5625,174.019
1.22518,0.571429,173.905
1.22518,0.580357,172.862
1.22518,0.589286,172.221
1.22518,0.598214,172.107
1.22518,0.607143,172.976
1.22518,0.616071,173.976
1.22518,0.625,171.52
1.22518,0.633929,170.537
1.22518,0.642857,170.853
1.22518,0.651786,170.223
1.22518,0.660714,170.223
1.22518,0.669643,169.995
1.22518,0.678571,169.838
1.22518,0.6875,168.311
1.22518,0.696429,168.083
1.22518,0.705357,168.083
1.22518,0.714286,168.855
1.22518,0.723214,167.567
1.22518,0.732143,167.094
1.22518,0.741071,168.638
1.22518,0.75,167.883
1.22518,0.758929,167.356
1.22518,0.767857,166.997
1.22518,0.776786,167.225
1.22518,0.785714,167.724
1.22518,0.794643,169.083
1.22518,0.803571,165.969
1.22518,0.8125,167.855
1.22518,0.821429,167.741
1.22518,0.830357,167.627
1.22518,0.839286,166.627
1.22518,0.848214,166.442
1.22518,0.857143,167.083
1.22518,0.866071,166.724
1.22518,0.875,166.952
1.22518,0.883929,169.881
1.22518,0.892857,169.223
1.22518,0.901786,168.864
1.22518,0.910714,171.092
1.22518,0.919643,172.722
1.22518,0.928571,171.95
1.22518,0.9375,172.064
1.22518,0.946429,172.993
1.22518,0.955357,172.221
1.22518,0.964286,174.264
1.22518,0.973214,173.905
1.22518,0.982143,173.905
1.22518,0.991071,174.247
1.22518,1,174.002
1.22518,1.00893,176.105
1.22518,1.01786,176.447
1.22518,1.02679,175.675
1.22518,1.03571,176.604
1.22518,1.04464,178.12
1.22518,1.05357,177.12
1.22518,1.0625,176.864
1.22518,1.07143,175.38
1.22518,1.08036,174.124
1.22518,1.08929,171.786
1.22518,1.09821,170.676
1.22518,1.10714,165.74
1.22518,1.11607,165.576
1.22518,1.125,158.455
1.22518,1.13393,154.705
1.22518,1.14286,149.347
1.22518,1.15179,146.565
1.22518,1.16071,139.886
1.22518,1.16964,138.968
1.22518,1.17857,134.762
1.22518,1.1875,131.784
1.22518,1.19643,128.817
1.22518,1.20536,126.828
1.22518,1.21429,117.138
1.22518,1.22321,120.861
1.22518,1.23214,124.16
1.22518,1.24107,119.171
1.22518,1.25,115.171
1.22518,1.25893,112.296
1.22518,1.26786,108.535
1.22518,1.27679,106.133
1.22518,1.28571,102.144
1.22518,1.29464,102.753
1.22518,1.30357,97.59
1.22518,1.3125,94.188
1.22518,1.32143,93.487
1.22518,1.33036,89.851
1.22518,1.33929,87.851
1.22518,1.34821,87.449
1.22518,1.35714,85.449
1.22518,1.36607,86.449
1.22518,1.375,83.449
1.22518,1.38393,83.161
1.22518,1.39286,84.161
1.22518,1.40179,84.161
1.22518,1.41071,84.873
1.22518,1.41964,85.243
1.22518,1.42857,85.667
1.22518,1.4375,86.059
1.22518,1.44643,88.842
1.22518,1.45536,90.739
1.22518,1.46429,90.419
1.22518,1.47321,91.914
1.22518,1.48214,93.338
1.22518,1.49107,93.431
1.22518,1.5,93.453
1.22518,1.50893,93.649
1.22518,1.51786,93.372
1.2155,0,208.931
1.2155,0.00892857,192.606
1.2155,0.0178571,173.501
1.2155,0.0267857,178.462
1.2155,0.0357143,177.081
1.2155,0.0446429,168.937
1.2155,0.0535714,57.327
1.2155,0.0625,57.002
1.2155,0.0714286,57.106
1.2155,0.0803571,57.992
1.2155,0.0892857,57.97
1.2155,0.0982143,57.671
1.2155,0.107143,57.671
1.2155,0.116071,57.671
1.2155,0.125,57.671
1.2155,0.133929,57.671
1.2155,0.142857,57.671
1.2155,0.151786,57.671
1.2155,0.160714,56.97
1.2155,0.169643,57.742
1.2155,0.178571,57.731
1.2155,0.1875,57.742
1.2155,0.196429,57.454
1.2155,0.205357,56.774
1.2155,0.214286,56.404
1.2155,0.223214,107.52
1.2155,0.232143,176
1.2155,0.241071,175.081
1.2155,0.25,175.081
1.2155,0.258929,177.081
1.2155,0.267857,177.081
1.2155,0.276786,175.081
1.2155,0.285714,175.081
1.2155,0.294643,176.081
1.2155,0.303571,174.722
1.2155,0.3125,174.722
1.2155,0.321429,175.722
1.2155,0.330357,175.722
1.2155,0.339286,175.722
1.2155,0.348214,174.722
1.2155,0.357143,174.722
1.2155,0.366071,175.608
1.2155,0.375,175.494
1.2155,0.383929,175.195
1.2155,0.392857,175.081
1.2155,0.401786,175.494
1.2155,0.410714,175.494
1.2155,0.419643,175.494
1.2155,0.428571,175.608
1.2155,0.4375,176.152
1.2155,0.446429,176.924
1.2155,0.455357,176.451
1.2155,0.464286,176.864
1.2155,0.473214,177.935
1.2155,0.482143,176.935
1.2155,0.491071,176.707
1.2155,0.5,176.593
1.2155,0.508929,176.664
1.2155,0.517857,176.664
1.2155,0.526786,176.778
1.2155,0.535714,176.789
1.2155,0.544643,175.561
1.2155,0.553571,175.746
1.2155,0.5625,175.105
1.2155,0.571429,174.29
1.2155,0.580357,175.247
1.2155,0.589286,175.361
1.2155,0.598214,174.361
1.2155,0.607143,174.002
1.2155,0.616071,175.589
1.2155,0.625,173.834
1.2155,0.633929,173.15
1.2155,0.642857,171.993
1.2155,0.651786,171.064
1.2155,0.660714,170.95
1.2155,0.669643,170.309
1.2155,0.678571,169.679
1.2155,0.6875,169.223
1.2155,0.696429,169.696
1.2155,0.705357,168.354
1.2155,0.714286,169.012
1.2155,0.723214,168.539
1.2155,0.732143,167.952
1.2155,0.741071,168.496
1.2155,0.75,167.741
1.2155,0.758929,166.986
1.2155,0.767857,166.627
1.2155,0.776786,168.98
1.2155,0.785714,168.066
1.2155,0.794643,167.838
1.2155,0.803571,167.425
1.2155,0.8125,169.197
1.2155,0.821429,168.083
1.2155,0.830357,168.197
1.2155,0.839286,168.197
1.2155,0.848214,168.197
1.2155,0.857143,168.838
1.2155,0.866071,168.838
1.2155,0.875,169.18
1.2155,0.883929,169.995
1.2155,0.892857,170.223
1.2155,0.901786,169.864
1.2155,0.910714,171.092
1.2155,0.919643,167.081
1.2155,0.928571,170.722
1.2155,0.9375,169.95
1.2155,0.946429,170.765
1.2155,0.955357,171.221
1.2155,0.964286,173.15
1.2155,0.973214,174.378
1.2155,0.982143,173.791
1.2155,0.991071,176.247
1.2155,1,176.002
1.2155,1.00893,176.991
1.2155,1.01786,177.333
1.2155,1.02679,175.675
1.2155,1.03571,176.604
1.2155,1.04464,177.892
1.2155,1.05357,177.12
1.2155,1.0625,176.761
1.2155,1.07143,175.266
1.2155,1.08036,174.782
1.2155,1.08929,172.352
1.2155,1.09821,173.655
1.2155,1.10714,167.007
1.2155,1.11607,165.131
1.2155,1.125,160.526
1.2155,1.13393,157.58
1.2155,1.14286,153.026
1.2155,1.15179,146.771
1.2155,1.16071,143.565
1.2155,1.16964,144.071
1.2155,1.17857,135.762
1.2155,1.1875,133.382
1.2155,1.19643,130.105
1.2155,1.20536,126.529
1.2155,1.21429,120.839
1.2155,1.22321,123.562
1.2155,1.23214,122.573
1.2155,1.24107,117.171
1.2155,1.25,114.47
1.2155,1.25893,110.296
1.2155,1.26786,106.236
1.2155,1.27679,110.133
1.2155,1.28571,104.144
1.2155,1.29464,102.867
1.2155,1.30357,94.59
1.2155,1.3125,96.188
1.2155,1.32143,96.487
1.2155,1.33036,89.851
1.2155,1.33929,86.851
1.2155,1.34821,88.449
1.2155,1.35714,86.449
1.2155,1.36607,85.449
1.2155,1.375,84.449
1.2155,1.38393,83.161
1.2155,1.39286,84.161
1.2155,1.40179,84.161
1.2155,1.41071,85.161
1.2155,1.41964,84.645
1.2155,1.42857,85.667
1.2155,1.4375,86.048
1.2155,1.44643,87.728
1.2155,1.45536,87.739
1.2155,1.46429,91.12
1.2155,1.47321,91.914
1.2155,1.48214,93.039
1.2155,1.49107,93.42
1.2155,1.5,93.442
1.2155,1.50893,93.051
1.2155,1.51786,93.361
1.20581,0,185.677
1.20581,0.00892857,173.619
1.20581,0.0178571,170.277
1.20581,0.0267857,175.081
1.20581,0.0357143,174.999
1.20581,0.0446429,173.284
1.20581,0.0535714,53.419
1.20581,0.0625,56.991
1.20581,0.0714286,57.106
1.20581,0.0803571,57.394
1.20581,0.0892857,57.073
1.20581,0.0982143,57.372
1.20581,0.107143,57.671
1.20581,0.116071,57.671
1.20581,0.125,57.671
1.20581,0.133929,57.671
1.20581,0.142857,57.671
1.20581,0.151786,57.671
1.20581,0.160714,56.97
1.20581,0.169643,57.742
1.20581,0.178571,57.731
1.20581,0.1875,57.742
1.20581,0.196429,57.753
1.20581,0.205357,57.774
1.20581,0.214286,58.518
1.20581,0.223214,138.117
1.20581,0.232143,174.32
1.20581,0.241071,175.01
1.20581,0.25,175.01
1.20581,0.258929,176.01
1.20581,0.267857,176.01
1.20581,0.276786,175.01
1.20581,0.285714,174.01
1.20581,0.294643,175.01
1.20581,0.303571,176.124
1.20581,0.3125,175.124
1.20581,0.321429,174.124
1.20581,0.330357,175.124
1.20581,0.339286,175.124
1.20581,0.348214,174.124
1.20581,0.357143,174.124
1.20581,0.366071,174.124
1.20581,0.375,174.124
1.20581,0.383929,175.01
1.20581,0.392857,176.01
1.20581,0.401786,175.124
1.20581,0.410714,175.01
1.20581,0.419643,175.01
1.20581,0.428571,175.01
1.20581,0.4375,175.081
1.20581,0.446429,175.853
1.20581,0.455357,175.38
1.20581,0.464286,175.793
1.20581,0.473214,175.793
1.20581,0.482143,175.793
1.20581,0.491071,176.565
1.20581,0.5,176.935
1.20581,0.508929,176.707
1.20581,0.517857,176.707
1.20581,0.526786,176.821
1.20581,0.535714,176.533
1.20581,0.544643,176.533
1.20581,0.553571,176.903
1.20581,0.5625,176.561
1.20581,0.571429,175.561
1.20581,0.580357,175.333
1.20581,0.589286,175.991
1.20581,0.598214,175.105
1.20581,0.607143,174.561
1.20581,0.616071,175.974
1.20581,0.625,175.105
1.20581,0.633929,175.122
1.20581,0.642857,174.019
1.20581,0.651786,173.617
1.20581,0.660714,173.677
1.20581,0.669643,172.449
1.20581,0.678571,171.292
1.20581,0.6875,170.836
1.20581,0.696429,171.309
1.20581,0.705357,169.967
1.20581,0.714286,169.109
1.20581,0.723214,170.109
1.20581,0.732143,169.451
1.20581,0.741071,169.109
1.20581,0.75,169.425
1.20581,0.758929,168.425
1.20581,0.767857,168.425
1.20581,0.776786,168.952
1.20581,0.785714,170.049
1.20581,0.794643,168.707
1.20581,0.803571,170.066
1.20581,0.8125,169.838
1.20581,0.821429,167.838
1.20581,0.830357,168.838
1.20581,0.839286,168.952
1.20581,0.848214,168.952
1.20581,0.857143,169.952
1.20581,0.866071,170.066
1.20581,0.875,170.18
1.20581,0.883929,169.995
1.20581,0.892857,170.223
1.20581,0.901786,170.864
1.20581,0.910714,170.864
1.20581,0.919643,169.081
1.20581,0.928571,173.081
1.20581,0.9375,170.722
1.20581,0.946429,172.238
1.20581,0.955357,170.879
1.20581,0.964286,171.922
1.20581,0.973214,172.15
1.20581,0.982143,173.492
1.20581,0.991071,174.247
1.20581,1,175.361
1.20581,1.00893,176.991
1.20581,1.01786,176.806
1.20581,1.02679,176.034
1.20581,1.03571,176.963
1.20581,1.04464,177.892
1.20581,1.05357,176.832
1.20581,1.0625,176.946
1.20581,1.07143,176.924
1.20581,1.08036,175.853
1.20581,1.08929,173.722
1.20581,1.09821,174.509
1.20581,1.10714,169.747
1.20581,1.11607,166.974
1.20581,1.125,162.597
1.20581,1.13393,155.765
1.20581,1.14286,154.015
1.20581,1.15179,149.037
1.20581,1.16071,146.13
1.20581,1.16964,143.359
1.20581,1.17857,134.762
1.20581,1.1875,132.866
1.20581,1.19643,130.094
1.20581,1.20536,129.806
1.20581,1.21429,125.828
1.20581,1.22321,120.138
1.20581,1.23214,115.16
1.20581,1.24107,116.171
1.20581,1.25,115.47
1.20581,1.25893,112.41
1.20581,1.26786,108.122
1.20581,1.27679,109.834
1.20581,1.28571,104.144
1.20581,1.29464,102.867
1.20581,1.30357,98.476
1.20581,1.3125,95.188
1.20581,1.32143,93.9
1.20581,1.33036,88.851
1.20581,1.33929,86.851
1.20581,1.34821,88.449
1.20581,1.35714,86.449
1.20581,1.36607,85.449
1.20581,1.375,84.449
1.20581,1.38393,84.161
1.20581,1.39286,84.161
1.20581,1.40179,84.161
1.20581,1.41071,85.161
1.20581,1.41964,84.645
1.20581,1.42857,85.368
1.20581,1.4375,86.635
1.20581,1.44643,87.728
1.20581,1.45536,87.739
1.20581,1.46429,90.821
1.20581,1.47321,91.903
1.20581,1.48214,92.914
1.20581,1.49107,92.409
1.20581,1.5,93.018
1.20581,1.50893,93.339
1.20581,1.51786,93.649
1.19613,0,183.784
1.19613,0.00892857,173.552
1.19613,0.0178571,172.145
1.19613,0.0267857,173.526
1.19613,0.0357143,176.515
1.19613,0.0446429,173.147
1.19613,0.0535714,62.973
1.19613,0.0625,56.877
1.19613,0.0714286,57.383
1.19613,0.0803571,57.383
1.19613,0.0892857,57.649
1.19613,0.0982143,57.372
1.19613,0.107143,57.671
1.19613,0.116071,57.671
1.19613,0.125,57.671
1.19613,0.133929,57.671
1.19613,0.142857,57.671
1.19613,0.151786,57.671
1.19613,0.160714,57.568
1.19613,0.169643,57.454
1.19613,0.178571,57.432
1.19613,0.1875,57.443
1.19613,0.196429,57.568
1.19613,0.205357,57.66
1.19613,0.214286,58.083
1.19613,0.223214,149.785
1.19613,0.232143,174.711
1.19613,0.241071,174.825
1.19613,0.25,175.238
1.19613,0.258929,173.64
1.19613,0.267857,175.466
1.19613,0.276786,174.238
1.19613,0.285714,173.825
1.19613,0.294643,173.825
1.19613,0.303571,174.227
1.19613,0.3125,172.64
1.19613,0.321429,173.341
1.19613,0.330357,175.341
1.19613,0.339286,173.227
1.19613,0.348214,174.227
1.19613,0.357143,173.227
1.19613,0.366071,173.124
1.19613,0.375,173.825
1.19613,0.383929,175.238
1.19613,0.392857,174.825
1.19613,0.401786,174.227
1.19613,0.410714,174.227
1.19613,0.419643,173.412
1.19613,0.428571,173.825
1.19613,0.4375,174.124
1.19613,0.446429,174.722
1.19613,0.455357,174.722
1.19613,0.464286,174.722
1.19613,0.473214,174.249
1.19613,0.482143,175.021
1.19613,0.491071,175.021
1.19613,0.5,174.907
1.19613,0.508929,175.565
1.19613,0.517857,175.679
1.19613,0.526786,176.864
1.19613,0.535714,176.864
1.19613,0.544643,176.875
1.19613,0.553571,176.348
1.19613,0.5625,176.821
1.19613,0.571429,177.832
1.19613,0.580357,177.963
1.19613,0.589286,176.963
1.19613,0.598214,176.963
1.19613,0.607143,177.017
1.19613,0.616071,176.718
1.19613,0.625,176.849
1.19613,0.633929,175.692
1.19613,0.642857,175.219
1.19613,0.651786,176.703
1.19613,0.660714,175.703
1.19613,0.669643,174.845
1.19613,0.678571,174.791
1.19613,0.6875,172.808
1.19613,0.696429,171.993
1.19613,0.705357,171.879
1.19613,0.714286,169.722
1.19613,0.723214,171.95
1.19613,0.732143,171.95
1.19613,0.741071,170.195
1.19613,0.75,168.75
1.19613,0.758929,170.81
1.19613,0.767857,171.223
1.19613,0.776786,170.451
1.19613,0.785714,170.565
1.19613,0.794643,169.038
1.19613,0.803571,169.109
1.19613,0.8125,166.881
1.19613,0.821429,168.881
1.19613,0.830357,168.881
1.19613,0.839286,170.468
1.19613,0.848214,168.653
1.19613,0.857143,169.066
1.19613,0.866071,168.18
1.19613,0.875,167.707
1.19613,0.883929,168.109
1.19613,0.892857,169.223
1.19613,0.901786,170.75
1.19613,0.910714,169.864
1.19613,0.919643,170.853
1.19613,0.928571,170.081
1.19613,0.9375,171.309
1.19613,0.946429,171.238
1.19613,0.955357,171.765
1.19613,0.964286,171.58
1.19613,0.973214,172.395
1.19613,0.982143,175.036
1.19613,0.991071,173.247
1.19613,1,174.062
1.19613,1.00893,175.991
1.19613,1.01786,175.105
1.19613,1.02679,176.034
1.19613,1.03571,176.262
1.19613,1.04464,177.191
1.19613,1.05357,177.017
1.19613,1.0625,176.946
1.19613,1.07143,175.75
1.19613,1.08036,175.565
1.19613,1.08929,174.907
1.19613,1.09821,172.879
1.19613,1.10714,172.416
1.19613,1.11607,168.942
1.19613,1.125,164.679
1.19613,1.13393,158.765
1.19613,1.14286,160.591
1.19613,1.15179,153.015
1.19613,1.16071,150.934
1.19613,1.16964,141.75
1.19613,1.17857,135.876
1.19613,1.1875,135.567
1.19613,1.19643,130.496
1.19613,1.20536,130.806
1.19613,1.21429,122.116
1.19613,1.22321,123.138
1.19613,1.23214,118.861
1.19613,1.24107,114.171
1.19613,1.25,110.883
1.19613,1.25893,112.296
1.19613,1.26786,111.122
1.19613,1.27679,106.133
1.19613,1.28571,105.144
1.19613,1.29464,100.867
1.19613,1.30357,95.59
1.19613,1.3125,95.188
1.19613,1.32143,92.9
1.19613,1.33036,88.139
1.19613,1.33929,90.438
1.19613,1.34821,87.335
1.19613,1.35714,85.335
1.19613,1.36607,84.862
1.19613,1.375,84.862
1.19613,1.38393,83.862
1.19613,1.39286,83.862
1.19613,1.40179,83.574
1.19613,1.41071,84.46
1.19613,1.41964,84.645
1.19613,1.42857,84.955
1.19613,1.4375,86.45
1.19613,1.44643,87.945
1.19613,1.45536,90.326
1.19613,1.46429,88.636
1.19613,1.47321,90.604
1.19613,1.48214,92.316
1.19613,1.49107,93.11
1.19613,1.5,93.121
1.19613,1.50893,93.328
1.19613,1.51786,93.225
1.18644,0,180.35
1.18644,0.00892857,173.922
1.18644,0.0178571,174.971
1.18644,0.0267857,172.042
1.18644,0.0357143,172.053
1.18644,0.0446429,173.494
1.18644,0.0535714,72.929
1.18644,0.0625,57.187
1.18644,0.0714286,57.959
1.18644,0.0803571,57.671
1.18644,0.0892857,57.589
1.18644,0.0982143,57.372
1.18644,0.107143,57.671
1.18644,0.116071,57.671
1.18644,0.125,57.671
1.18644,0.133929,57.671
1.18644,0.142857,57.671
1.18644,0.151786,57.671
1.18644,0.160714,57.568
1.18644,0.169643,57.166
1.18644,0.178571,57.649
1.18644,0.1875,57.361
1.18644,0.196429,57.845
1.18644,0.205357,57.557
1.18644,0.214286,58.544
1.18644,0.223214,158.186
1.18644,0.232143,173.466
1.18644,0.241071,173.455
1.18644,0.25,172.797
1.18644,0.258929,173.199
1.18644,0.267857,173.498
1.18644,0.276786,171.498
1.18644,0.285714,172.982
1.18644,0.294643,173.455
1.18644,0.303571,173.373
1.18644,0.3125,171.373
1.18644,0.321429,172.373
1.18644,0.330357,173.384
1.18644,0.339286,172.384
1.18644,0.348214,172.384
1.18644,0.357143,172.971
1.18644,0.366071,173.384
1.18644,0.375,173.455
1.18644,0.383929,173.455
1.18644,0.392857,173.455
1.18644,0.401786,173.928
1.18644,0.410714,172.928
1.18644,0.419643,172.814
1.18644,0.428571,174.928
1.18644,0.4375,173.939
1.18644,0.446429,174.238
1.18644,0.455357,174.238
1.18644,0.464286,174.537
1.18644,0.473214,174.537
1.18644,0.482143,175.423
1.18644,0.491071,174.423
1.18644,0.5,174.423
1.18644,0.508929,174.021
1.18644,0.517857,175.907
1.18644,0.526786,175.793
1.18644,0.535714,175.679
1.18644,0.544643,175.864
1.18644,0.553571,176.049
1.18644,0.5625,176.935
1.18644,0.571429,176.821
1.18644,0.580357,176.892
1.18644,0.589286,176.593
1.18644,0.598214,176.821
1.18644,0.607143,176.935
1.18644,0.616071,176.821
1.18644,0.625,176.305
1.18644,0.633929,175.675
1.18644,0.642857,174.974
1.18644,0.651786,175.746
1.18644,0.660714,176.105
1.18644,0.669643,175.404
1.18644,0.678571,175.062
1.18644,0.6875,174.905
1.18644,0.696429,174.492
1.18644,0.705357,174.378
1.18644,0.714286,174.905
1.18644,0.723214,174.204
1.18644,0.732143,172.976
1.18644,0.741071,171.634
1.18644,0.75,171.879
1.18644,0.758929,170.836
1.18644,0.767857,171.195
1.18644,0.776786,171.081
1.18644,0.785714,170.423
1.18644,0.794643,168.853
1.18644,0.803571,170.739
1.18644,0.8125,168.739
1.18644,0.821429,168.864
1.18644,0.830357,168.995
1.18644,0.839286,169.24
1.18644,0.848214,169.066
1.18644,0.857143,169.294
1.18644,0.866071,169.593
1.18644,0.875,169.707
1.18644,0.883929,170.408
1.18644,0.892857,170.223
1.18644,0.901786,171.337
1.18644,0.910714,170.337
1.18644,0.919643,171.141
1.18644,0.928571,170.782
1.18644,0.9375,171.01
1.18644,0.946429,171.651
1.18644,0.955357,171.879
1.18644,0.964286,172.765
1.18644,0.973214,170.765
1.18644,0.982143,172.281
1.18644,0.991071,175.008
1.18644,1,173.763
1.18644,1.00893,175.991
1.18644,1.01786,176.105
1.18644,1.02679,177.034
1.18644,1.03571,176.262
1.18644,1.04464,177.675
1.18644,1.05357,176.718
1.18644,1.0625,177.647
1.18644,1.07143,176.348
1.18644,1.08036,175.679
1.18644,1.08929,175.608
1.18644,1.09821,174.928
1.18644,1.10714,172.074
1.18644,1.11607,168.693
1.18644,1.125,166.049
1.18644,1.13393,160.597
1.18644,1.14286,160.58
1.18644,1.15179,154.118
1.18644,1.16071,151.439
1.18644,1.16964,145.44
1.18644,1.17857,143.441
1.18644,1.1875,137.833
1.18644,1.19643,130.795
1.18644,1.20536,125.806
1.18644,1.21429,128.828
1.18644,1.22321,124.138
1.18644,1.23214,123.861
1.18644,1.24107,113.459
1.18644,1.25,108.47
1.18644,1.25893,107.296
1.18644,1.26786,108.236
1.18644,1.27679,108.834
1.18644,1.28571,104.144
1.18644,1.29464,97.867
1.18644,1.30357,97.59
1.18644,1.3125,94.188
1.18644,1.32143,92.601
1.18644,1.33036,89.911
1.18644,1.33929,88.21
1.18644,1.34821,87.221
1.18644,1.35714,85.933
1.18644,1.36607,85.161
1.18644,1.375,85.161
1.18644,1.38393,84.449
1.18644,1.39286,84.449
1.18644,1.40179,83.873
1.18644,1.41071,83.873
1.18644,1.41964,84.873
1.18644,1.42857,85.542
1.18644,1.4375,86.265
1.18644,1.44643,87.162
1.18644,1.45536,88.945
1.18644,1.46429,90.326
1.18644,1.47321,91.12
1.18644,1.48214,92.316
1.18644,1.49107,93.224
1.18644,1.5,93.708
1.18644,1.50893,93.431
1.18644,1.51786,92.926
1.17676,0,178.529
1.17676,0.00892857,171.514
1.17676,0.0178571,171.052
1.17676,0.0267857,172.59
1.17676,0.0357143,172.601
1.17676,0.0446429,172.455
1.17676,0.0535714,96.259
1.17676,0.0625,57.692
1.17676,0.0714286,57.845
1.17676,0.0803571,57.671
1.17676,0.0892857,57.6
1.17676,0.0982143,57.671
1.17676,0.107143,57.671
1.17676,0.116071,57.671
1.17676,0.125,57.671
1.17676,0.133929,57.671
1.17676,0.142857,57.671
1.17676,0.151786,57.671
1.17676,0.160714,57.269
1.17676,0.169643,57.144
1.17676,0.178571,57.638
1.17676,0.1875,56.959
1.17676,0.196429,57.133
1.17676,0.205357,56.899
1.17676,0.214286,59.603
1.17676,0.223214,165.587
1.17676,0.232143,171.601
1.17676,0.241071,171.302
1.17676,0.25,171.416
1.17676,0.258929,172.345
1.17676,0.267857,169.345
1.17676,0.276786,170.644
1.17676,0.285714,170.302
1.17676,0.294643,171.014
1.17676,0.303571,172.889
1.17676,0.3125,171.59
1.17676,0.321429,171.302
1.17676,0.330357,172.302
1.17676,0.339286,171.601
1.17676,0.348214,172.302
1.17676,0.357143,172.302
1.17676,0.366071,172.601
1.17676,0.375,172.971
1.17676,0.383929,172.971
1.17676,0.392857,172.743
1.17676,0.401786,173.156
1.17676,0.410714,171.156
1.17676,0.419643,174.743
1.17676,0.428571,173.156
1.17676,0.4375,173.156
1.17676,0.446429,173.156
1.17676,0.455357,173.156
1.17676,0.464286,174.042
1.17676,0.473214,174.227
1.17676,0.482143,174.227
1.17676,0.491071,174.526
1.17676,0.5,174.825
1.17676,0.508929,174.423
1.17676,0.517857,174.722
1.17676,0.526786,174.494
1.17676,0.535714,175.793
1.17676,0.544643,175.266
1.17676,0.553571,175.565
1.17676,0.5625,176.049
1.17676,0.571429,176.636
1.17676,0.580357,176.821
1.17676,0.589286,176.821
1.17676,0.598214,176.636
1.17676,0.607143,175.636
1.17676,0.616071,176.636
1.17676,0.625,177.12
1.17676,0.633929,175.604
1.17676,0.642857,176.903
1.17676,0.651786,176.903
1.17676,0.660714,176.789
1.17676,0.669643,175.675
1.17676,0.678571,173.746
1.17676,0.6875,176.23
1.17676,0.696429,174.116
1.17676,0.705357,175.475
1.17676,0.714286,175.361
1.17676,0.723214,175.66
1.17676,0.732143,175.019
1.17676,0.741071,173.976
1.17676,0.75,173.221
1.17676,0.758929,171.879
1.17676,0.767857,171.651
1.17676,0.776786,171.651
1.17676,0.785714,170.352
1.17676,0.794643,171.195
1.17676,0.803571,172.967
1.17676,0.8125,169.494
1.17676,0.821429,170.494
1.17676,0.830357,170.038
1.17676,0.839286,169.468
1.17676,0.848214,168.995
1.17676,0.857143,167.821
1.17676,0.866071,169.522
1.17676,0.875,169.636
1.17676,0.883929,170.337
1.17676,0.892857,169.75
1.17676,0.901786,171.038
1.17676,0.910714,169.739
1.17676,0.919643,171.255
1.17676,0.928571,170.782
1.17676,0.9375,171.238
1.17676,0.946429,171.765
1.17676,0.955357,171.993
1.17676,0.964286,172.993
1.17676,0.973214,171.107
1.17676,0.982143,172.922
1.17676,0.991071,173.421
1.17676,1,174.649
1.17676,1.00893,174.877
1.17676,1.01786,173.991
1.17676,1.02679,175.806
1.17676,1.03571,177.148
1.17676,1.04464,177.675
1.17676,1.05357,177.305
1.17676,1.0625,177.234
1.17676,1.07143,177.348
1.17676,1.08036,175.451
1.17676,1.08929,174.608
1.17676,1.09821,172.64
1.17676,1.10714,172.074
1.17676,1.11607,170.704
1.17676,1.125,167.245
1.17676,1.13393,162.38
1.17676,1.14286,158.939
1.17676,1.15179,155.395
1.17676,1.16071,154.129
1.17676,1.16964,150.842
1.17676,1.17857,141.43
1.17676,1.1875,132.648
1.17676,1.19643,133.681
1.17676,1.20536,131.806
1.17676,1.21429,132.529
1.17676,1.22321,125.85
1.17676,1.23214,118.459
1.17676,1.24107,115.171
1.17676,1.25,113.883
1.17676,1.25893,109.709
1.17676,1.26786,108.122
1.17676,1.27679,108.834
1.17676,1.28571,104.144
1.17676,1.29464,100.753
1.17676,1.30357,100.59
1.17676,1.3125,94.188
1.17676,1.32143,92.487
1.17676,1.33036,89.911
1.17676,1.33929,88.21
1.17676,1.34821,87.221
1.17676,1.35714,85.933
1.17676,1.36607,85.161
1.17676,1.375,85.161
1.17676,1.38393,84.449
1.17676,1.39286,84.449
1.17676,1.40179,83.873
1.17676,1.41071,83.873
1.17676,1.41964,84.873
1.17676,1.42857,85.243
1.17676,1.4375,85.852
1.17676,1.44643,87.162
1.17676,1.45536,88.358
1.17676,1.46429,89.027
1.17676,1.47321,91.12
1.17676,1.48214,92.316
1.17676,1.49107,93.224
1.17676,1.5,93.708
1.17676,1.50893,93.431
1.17676,1.51786,92.926
1.16707,0,176.751
1.16707,0.00892857,168.497
1.16707,0.0178571,169.22
1.16707,0.0267857,169.149
1.16707,0.0357143,169.904
1.16707,0.0446429,168.986
1.16707,0.0535714,135.556
1.16707,0.0625,56.898
1.16707,0.0714286,57.845
1.16707,0.0803571,57.557
1.16707,0.0892857,57.611
1.16707,0.0982143,57.671
1.16707,0.107143,57.671
1.16707,0.116071,57.671
1.16707,0.125,57.671
1.16707,0.133929,57.671
1.16707,0.142857,57.671
1.16707,0.151786,57.671
1.16707,0.160714,57.557
1.16707,0.169643,57.122
1.16707,0.178571,57.638
1.16707,0.1875,57.269
1.16707,0.196429,56.546
1.16707,0.205357,57.725
1.16707,0.214286,74.395
1.16707,0.223214,166.493
1.16707,0.232143,170.964
1.16707,0.241071,169.078
1.16707,0.25,167.594
1.16707,0.258929,169.708
1.16707,0.267857,166.708
1.16707,0.276786,167.594
1.16707,0.285714,169.078
1.16707,0.294643,168.551
1.16707,0.303571,169.736
1.16707,0.3125,169.736
1.16707,0.321429,169.85
1.16707,0.330357,171.149
1.16707,0.339286,170.861
1.16707,0.348214,170.747
1.16707,0.357143,171.448
1.16707,0.366071,170.932
1.16707,0.375,171.416
1.16707,0.383929,171.302
1.16707,0.392857,171.302
1.16707,0.401786,171.601
1.16707,0.410714,170.487
1.16707,0.419643,171.373
1.16707,0.428571,172.672
1.16707,0.4375,171.672
1.16707,0.446429,171.786
1.16707,0.455357,171.373
1.16707,0.464286,171.373
1.16707,0.473214,173.743
1.16707,0.482143,173.042
1.16707,0.491071,175.042
1.16707,0.5,174.341
1.16707,0.508929,174.124
1.16707,0.517857,174.423
1.16707,0.526786,173.423
1.16707,0.535714,175.309
1.16707,0.544643,174.782
1.16707,0.553571,174.907
1.16707,0.5625,175.266
1.16707,0.571429,176.152
1.16707,0.580357,176.049
1.16707,0.589286,176.266
1.16707,0.598214,176.266
1.16707,0.607143,175.266
1.16707,0.616071,175.679
1.16707,0.625,175.75
1.16707,0.633929,176.821
1.16707,0.642857,176.946
1.16707,0.651786,176.832
1.16707,0.660714,176.832
1.16707,0.669643,176.832
1.16707,0.678571,175.903
1.16707,0.6875,177.202
1.16707,0.696429,175.903
1.16707,0.705357,176.202
1.16707,0.714286,177.703
1.16707,0.723214,175.817
1.16707,0.732143,174.589
1.16707,0.741071,173.72
1.16707,0.75,174.905
1.16707,0.758929,172.976
1.16707,0.767857,173.036
1.16707,0.776786,172.221
1.16707,0.785714,170.221
1.16707,0.794643,169.651
1.16707,0.803571,171.423
1.16707,0.8125,169.651
1.16707,0.821429,171.064
1.16707,0.830357,170.494
1.16707,0.839286,170.625
1.16707,0.848214,170.337
1.16707,0.857143,171.75
1.16707,0.866071,167.864
1.16707,0.875,168.864
1.16707,0.883929,170.565
1.16707,0.892857,169.978
1.16707,0.901786,170.853
1.16707,0.910714,170.853
1.16707,0.919643,170.896
1.16707,0.928571,171.01
1.16707,0.9375,171.651
1.16707,0.946429,172.879
1.16707,0.955357,172.107
1.16707,0.964286,173.221
1.16707,0.973214,171.335
1.16707,0.982143,171.862
1.16707,0.991071,173.421
1.16707,1,174.421
1.16707,1.00893,174.464
1.16707,1.01786,172.991
1.16707,1.02679,175.219
1.16707,1.03571,177.034
1.16707,1.04464,177.148
1.16707,1.05357,178.077
1.16707,1.0625,176.533
1.16707,1.07143,176.234
1.16707,1.08036,177.049
1.16707,1.08929,175.38
1.16707,1.09821,175.113
1.16707,1.10714,172.558
1.16707,1.11607,171.416
1.16707,1.125,169.697
1.16707,1.13393,164.875
1.16707,1.14286,159.711
1.16707,1.15179,156.857
1.16707,1.16071,153.107
1.16707,1.16964,153.749
1.16707,1.17857,141.348
1.16707,1.1875,139.452
1.16707,1.19643,137.371
1.16707,1.20536,129.795
1.16707,1.21429,128.828
1.16707,1.22321,125.85
1.16707,1.23214,114.459
1.16707,1.24107,115.296
1.16707,1.25,117.595
1.16707,1.25893,109.709
1.16707,1.26786,110.236
1.16707,1.27679,103.133
1.16707,1.28571,101.258
1.16707,1.29464,97.867
1.16707,1.30357,97.59
1.16707,1.3125,94.188
1.16707,1.32143,92.487
1.16707,1.33036,91.911
1.16707,1.33929,90.21
1.16707,1.34821,88.221
1.16707,1.35714,85.933
1.16707,1.36607,85.161
1.16707,1.375,85.161
1.16707,1.38393,84.449
1.16707,1.39286,84.449
1.16707,1.40179,83.574
1.16707,1.41071,83.574
1.16707,1.41964,84.873
1.16707,1.42857,85.243
1.16707,1.4375,85.265
1.16707,1.44643,85.749
1.16707,1.45536,87.945
1.16707,1.46429,89.027
1.16707,1.47321,91.12
1.16707,1.48214,92.017
1.16707,1.49107,93.224
1.16707,1.5,93.708
1.16707,1.50893,93.431
1.16707,1.51786,92.627
1.15738,0,172.461
1.15738,0.00892857,165.609
1.15738,0.0178571,169.36
1.15738,0.0267857,166.224
1.15738,0.0357143,166.153
1.15738,0.0446429,166.637
1.15738,0.0535714,157.244
1.15738,0.0625,56.62
1.15738,0.0714286,57.546
1.15738,0.0803571,56.731
1.15738,0.0892857,58.209
1.15738,0.0982143,57.671
1.15738,0.107143,57.671
1.15738,0.116071,57.671
1.15738,0.125,57.671
1.15738,0.133929,57.671
1.15738,0.142857,57.671
1.15738,0.151786,57.671
1.15738,0.160714,57.557
1.15738,0.169643,57.122
1.15738,0.178571,57.361
1.15738,0.1875,56.992
1.15738,0.196429,57.144
1.15738,0.205357,57.839
1.15738,0.214286,91.198
1.15738,0.223214,167.709
1.15738,0.232143,166.626
1.15738,0.241071,165.441
1.15738,0.25,163.957
1.15738,0.258929,167.071
1.15738,0.267857,168.658
1.15738,0.276786,164.658
1.15738,0.285714,166.256
1.15738,0.294643,168.327
1.15738,0.303571,168.398
1.15738,0.3125,167.697
1.15738,0.321429,166.398
1.15738,0.330357,166.697
1.15738,0.339286,166.697
1.15738,0.348214,167.697
1.15738,0.357143,168.697
1.15738,0.366071,168.594
1.15738,0.375,168.491
1.15738,0.383929,170.263
1.15738,0.392857,169.562
1.15738,0.401786,169.747
1.15738,0.410714,170.046
1.15738,0.419643,167.818
1.15738,0.428571,172.231
1.15738,0.4375,172.416
1.15738,0.446429,171.829
1.15738,0.455357,171.829
1.15738,0.464286,171.601
1.15738,0.473214,173.313
1.15738,0.482143,172.384
1.15738,0.491071,173.683
1.15738,0.5,173.982
1.15738,0.508929,173.754
1.15738,0.517857,173.939
1.15738,0.526786,173.825
1.15738,0.535714,174.711
1.15738,0.544643,174.711
1.15738,0.553571,174.423
1.15738,0.5625,174.423
1.15738,0.571429,174.309
1.15738,0.580357,175.195
1.15738,0.589286,176.195
1.15738,0.598214,176.01
1.15738,0.607143,174.423
1.15738,0.616071,174.195
1.15738,0.625,173.494
1.15738,0.633929,175.679
1.15738,0.642857,175.935
1.15738,0.651786,176.234
1.15738,0.660714,176.234
1.15738,0.669643,176.234
1.15738,0.678571,177.821
1.15738,0.6875,176.832
1.15738,0.696429,177.419
1.15738,0.705357,176.718
1.15738,0.714286,176.974
1.15738,0.723214,175.561
1.15738,0.732143,174.333
1.15738,0.741071,175.991
1.15738,0.75,174.176
1.15738,0.758929,173.948
1.15738,0.767857,173.834
1.15738,0.776786,174.193
1.15738,0.785714,174.677
1.15738,0.794643,173.221
1.15738,0.803571,173.107
1.15738,0.8125,171.107
1.15738,0.821429,172.107
1.15738,0.830357,171.064
1.15738,0.839286,171.081
1.15738,0.848214,170.081
1.15738,0.857143,171.021
1.15738,0.866071,171.135
1.15738,0.875,171.608
1.15738,0.883929,171.836
1.15738,0.892857,171.195
1.15738,0.901786,171.494
1.15738,0.910714,170.309
1.15738,0.919643,172.238
1.15738,0.928571,171.352
1.15738,0.9375,170.765
1.15738,0.946429,171.993
1.15738,0.955357,172.107
1.15738,0.964286,173.221
1.15738,0.973214,171.862
1.15738,0.982143,173.09
1.15738,0.991071,175.905
1.15738,1,173.133
1.15738,1.00893,174.421
1.15738,1.01786,174.763
1.15738,1.02679,175.404
1.15738,1.03571,177.333
1.15738,1.04464,175.447
1.15738,1.05357,176.675
1.15738,1.0625,177.419
1.15738,1.07143,175.647
1.15738,1.08036,176.348
1.15738,1.08929,175.793
1.15738,1.09821,175.01
1.15738,1.10714,175.156
1.15738,1.11607,171.601
1.15738,1.125,168.665
1.15738,1.13393,166.914
1.15738,1.14286,160.668
1.15738,1.15179,158.803
1.15738,1.16071,153.683
1.15738,1.16964,153.428
1.15738,1.17857,148.141
1.15738,1.1875,139.957
1.15738,1.19643,135.762
1.15738,1.20536,133.083
1.15738,1.21429,131.703
1.15738,1.22321,122.437
1.15738,1.23214,113.573
1.15738,1.24107,113.883
1.15738,1.25,112.595
1.15738,1.25893,106.709
1.15738,1.26786,108.236
1.15738,1.27679,103.133
1.15738,1.28571,104.144
1.15738,1.29464,98.867
1.15738,1.30357,99.59
1.15738,1.3125,97.188
1.15738,1.32143,93.9
1.15738,1.33036,91.911
1.15738,1.33929,89.21
1.15738,1.34821,88.221
1.15738,1.35714,85.933
1.15738,1.36607,85.161
1.15738,1.375,85.161
1.15738,1.38393,84.449
1.15738,1.39286,84.449
1.15738,1.40179,84.161
1.15738,1.41071,84.161
1.15738,1.41964,84.873
1.15738,1.42857,85.243
1.15738,1.4375,84.852
1.15738,1.44643,84.749
1.15738,1.45536,86.76
1.15738,1.46429,88.728
1.15738,1.47321,90.109
1.15738,1.48214,91.017
1.15738,1.49107,93.224
1.15738,1.5,93.708
1.15738,1.50893,93.431
1.15738,1.51786,92.627
1.1477,0,173.563
1.1477,0.00892857,163.558
1.1477,0.0178571,162.434
1.1477,0.0267857,165.348
1.1477,0.0357143,165.103
1.1477,0.0446429,165.701
1.1477,0.0535714,158.992
1.1477,0.0625,57.527
1.1477,0.0714286,57.133
1.1477,0.0803571,58.318
1.1477,0.0892857,56.622
1.1477,0.0982143,57.671
1.1477,0.107143,57.671
1.1477,0.116071,57.671
1.1477,0.125,57.671
1.1477,0.133929,57.671
1.1477,0.142857,57.671
1.1477,0.151786,57.671
1.1477,0.160714,57.671
1.1477,0.169643,57.073
1.1477,0.178571,57.383
1.1477,0.1875,56.992
1.1477,0.196429,58.258
1.1477,0.205357,56.757
1.1477,0.214286,109.588
1.1477,0.223214,165.05
1.1477,0.232143,164.288
1.1477,0.241071,165.69
1.1477,0.25,163.391
1.1477,0.258929,164.32
1.1477,0.267857,161.32
1.1477,0.276786,162.32
1.1477,0.285714,166.69
1.1477,0.294643,163.69
1.1477,0.303571,165.348
1.1477,0.3125,166.761
1.1477,0.321429,162.348
1.1477,0.330357,161.359
1.1477,0.339286,164.06
1.1477,0.348214,164.06
1.1477,0.357143,164.473
1.1477,0.366071,164.544
1.1477,0.375,163.441
1.1477,0.383929,167.327
1.1477,0.392857,166.811
1.1477,0.401786,167.409
1.1477,0.410714,169.594
1.1477,0.419643,168.893
1.1477,0.428571,171.605
1.1477,0.4375,169.975
1.1477,0.446429,169.872
1.1477,0.455357,171.057
1.1477,0.464286,170.356
1.1477,0.473214,171.014
1.1477,0.482143,172.612
1.1477,0.491071,171.21
1.1477,0.5,173.797
1.1477,0.508929,174.857
1.1477,0.517857,174.455
1.1477,0.526786,174.455
1.1477,0.535714,174.341
1.1477,0.544643,174.227
1.1477,0.553571,173.939
1.1477,0.5625,173.939
1.1477,0.571429,174.825
1.1477,0.580357,174.711
1.1477,0.589286,175.227
1.1477,0.598214,173.227
1.1477,0.607143,172.227
1.1477,0.616071,174.939
1.1477,0.625,174.01
1.1477,0.633929,175.195
1.1477,0.642857,175.152
1.1477,0.651786,175.522
1.1477,0.660714,176.522
1.1477,0.669643,175.522
1.1477,0.678571,176.223
1.1477,0.6875,176.821
1.1477,0.696429,176.821
1.1477,0.705357,176.12
1.1477,0.714286,177.604
1.1477,0.723214,177.604
1.1477,0.732143,176.789
1.1477,0.741071,176.447
1.1477,0.75,176.333
1.1477,0.758929,176.219
1.1477,0.767857,176.105
1.1477,0.776786,174.991
1.1477,0.785714,174.247
1.1477,0.794643,173.492
1.1477,0.803571,173.264
1.1477,0.8125,174.09
1.1477,0.821429,174.09
1.1477,0.830357,172.748
1.1477,0.839286,171.651
1.1477,0.848214,171.651
1.1477,0.857143,171.705
1.1477,0.866071,172.178
1.1477,0.875,172.651
1.1477,0.883929,171.95
1.1477,0.892857,170.95
1.1477,0.901786,172.722
1.1477,0.910714,169.722
1.1477,0.919643,170.651
1.1477,0.928571,171.651
1.1477,0.9375,170.765
1.1477,0.946429,172.879
1.1477,0.955357,172.993
1.1477,0.964286,173.221
1.1477,0.973214,172.862
1.1477,0.982143,173.09
1.1477,0.991071,172.492
1.1477,1,172.905
1.1477,1.00893,173.72
1.1477,1.01786,174.062
1.1477,1.02679,174.991
1.1477,1.03571,174.518
1.1477,1.04464,175.746
1.1477,1.05357,176.974
1.1477,1.0625,177.903
1.1477,1.07143,177.419
1.1477,1.08036,177.234
1.1477,1.08929,176.451
1.1477,1.09821,175.608
1.1477,1.10714,174.64
1.1477,1.11607,170.797
1.1477,1.125,170.747
1.1477,1.13393,167.996
1.1477,1.14286,161.75
1.1477,1.15179,160.885
1.1477,1.16071,158.683
1.1477,1.16964,150.015
1.1477,1.17857,148.646
1.1477,1.1875,146.864
1.1477,1.19643,140.039
1.1477,1.20536,133.175
1.1477,1.21429,130.806
1.1477,1.22321,128.839
1.1477,1.23214,121.459
1.1477,1.24107,114.883
1.1477,1.25,113.182
1.1477,1.25893,107.709
1.1477,1.26786,107.236
1.1477,1.27679,106.834
1.1477,1.28571,104.144
1.1477,1.29464,99.867
1.1477,1.30357,98.476
1.1477,1.3125,96.188
1.1477,1.32143,92.9
1.1477,1.33036,90.911
1.1477,1.33929,89.21
1.1477,1.34821,90.221
1.1477,1.35714,87.933
1.1477,1.36607,85.161
1.1477,1.375,85.161
1.1477,1.38393,84.449
1.1477,1.39286,84.449
1.1477,1.40179,84.161
1.1477,1.41071,84.161
1.1477,1.41964,84.574
1.1477,1.42857,84.944
1.1477,1.4375,85.254
1.1477,1.44643,84.45
1.1477,1.45536,87.646
1.1477,1.46429,88.614
1.1477,1.47321,90.81
1.1477,1.48214,91.017
1.1477,1.49107,93.224
1.1477,1.5,93.708
1.1477,1.50893,93.431
1.1477,1.51786,93.627
1.13801,0,170.359
1.13801,0.00892857,158.13
1.13801,0.0178571,158.145
1.13801,0.0267857,162.668
1.13801,0.0357143,162.309
1.13801,0.0446429,161.249
1.13801,0.0535714,159.762
1.13801,0.0625,55.722
1.13801,0.0714286,57.122
1.13801,0.0803571,56.481
1.13801,0.0892857,57.622
1.13801,0.0982143,57.084
1.13801,0.107143,57.671
1.13801,0.116071,57.671
1.13801,0.125,57.671
1.13801,0.133929,57.671
1.13801,0.142857,57.671
1.13801,0.151786,57.671
1.13801,0.160714,57.372
1.13801,0.169643,57.084
1.13801,0.178571,57.693
1.13801,0.1875,57.269
1.13801,0.196429,57.258
1.13801,0.205357,56.664
1.13801,0.214286,124.576
1.13801,0.223214,162.402
1.13801,0.232143,161.722
1.13801,0.241071,163.124
1.13801,0.25,160.352
1.13801,0.258929,160.939
1.13801,0.267857,159.167
1.13801,0.276786,160.939
1.13801,0.285714,160.939
1.13801,0.294643,160.423
1.13801,0.303571,160.124
1.13801,0.3125,161.01
1.13801,0.321429,162.711
1.13801,0.330357,161.423
1.13801,0.339286,162.423
1.13801,0.348214,163.309
1.13801,0.357143,163.309
1.13801,0.366071,163.195
1.13801,0.375,163.505
1.13801,0.383929,165.804
1.13801,0.392857,166.69
1.13801,0.401786,165.473
1.13801,0.410714,168.843
1.13801,0.419643,164.854
1.13801,0.428571,167.925
1.13801,0.4375,168.708
1.13801,0.446429,169.192
1.13801,0.455357,168.79
1.13801,0.464286,169.388
1.13801,0.473214,170.459
1.13801,0.482143,171.53
1.13801,0.491071,171.014
1.13801,0.5,171.014
1.13801,0.508929,171.672
1.13801,0.517857,172.971
1.13801,0.526786,172.971
1.13801,0.535714,173.558
1.13801,0.544643,173.156
1.13801,0.553571,173.156
1.13801,0.5625,173.569
1.13801,0.571429,174.156
1.13801,0.580357,173.569
1.13801,0.589286,174.156
1.13801,0.598214,173.085
1.13801,0.607143,172.085
1.13801,0.616071,172.156
1.13801,0.625,174.455
1.13801,0.633929,174.825
1.13801,0.642857,173.309
1.13801,0.651786,174.38
1.13801,0.660714,175.853
1.13801,0.669643,175.967
1.13801,0.678571,175.451
1.13801,0.6875,176.451
1.13801,0.696429,176.337
1.13801,0.705357,175.522
1.13801,0.714286,176.647
1.13801,0.723214,176.647
1.13801,0.732143,177.419
1.13801,0.741071,177.191
1.13801,0.75,176.789
1.13801,0.758929,176.789
1.13801,0.767857,177.561
1.13801,0.776786,176.561
1.13801,0.785714,175.404
1.13801,0.794643,173.948
1.13801,0.803571,173.72
1.13801,0.8125,174.247
1.13801,0.821429,174.66
1.13801,0.830357,173.791
1.13801,0.839286,172.808
1.13801,0.848214,173.808
1.13801,0.857143,173.563
1.13801,0.866071,173.036
1.13801,0.875,171.808
1.13801,0.883929,172.993
1.13801,0.892857,172.765
1.13801,0.901786,171.95
1.13801,0.910714,169.95
1.13801,0.919643,169.651
1.13801,0.928571,173.238
1.13801,0.9375,170.651
1.13801,0.946429,171.352
1.13801,0.955357,170.879
1.13801,0.964286,172.107
1.13801,0.973214,172.862
1.13801,0.982143,173.09
1.13801,0.991071,173.378
1.13801,1,174.492
1.13801,1.00893,173.019
1.13801,1.01786,173.133
1.13801,1.02679,174.29
1.13801,1.03571,174.105
1.13801,1.04464,176.105
1.13801,1.05357,175.561
1.13801,1.0625,177.789
1.13801,1.07143,177.604
1.13801,1.08036,177.419
1.13801,1.08929,177.049
1.13801,1.09821,174.608
1.13801,1.10714,173.64
1.13801,1.11607,172.384
1.13801,1.125,171.416
1.13801,1.13393,169.665
1.13801,1.14286,165.017
1.13801,1.15179,161.896
1.13801,1.16071,157.58
1.13801,1.16964,154.118
1.13801,1.17857,151.439
1.13801,1.1875,147.244
1.13801,1.19643,139.131
1.13801,1.20536,138.637
1.13801,1.21429,127.382
1.13801,1.22321,123.54
1.13801,1.23214,122.16
1.13801,1.24107,115.47
1.13801,1.25,110.883
1.13801,1.25893,110.296
1.13801,1.26786,109.122
1.13801,1.27679,107.133
1.13801,1.28571,103.144
1.13801,1.29464,98.454
1.13801,1.30357,96.476
1.13801,1.3125,96.188
1.13801,1.32143,93.9
1.13801,1.33036,92.911
1.13801,1.33929,90.21
1.13801,1.34821,87.221
1.13801,1.35714,84.933
1.13801,1.36607,85.161
1.13801,1.375,85.161
1.13801,1.38393,84.449
1.13801,1.39286,84.449
1.13801,1.40179,84.161
1.13801,1.41071,84.161
1.13801,1.41964,85.161
1.13801,1.42857,84.645
1.13801,1.4375,86.254
1.13801,1.44643,85.45
1.13801,1.45536,87.646
1.13801,1.46429,87.016
1.13801,1.47321,91.397
1.13801,1.48214,92.017
1.13801,1.49107,93.224
1.13801,1.5,93.121
1.13801,1.50893,93.431
1.13801,1.51786,93.627
1.12833,0,224.083
1.12833,0.00892857,193.456
1.12833,0.0178571,158.385
1.12833,0.0267857,160.01
1.12833,0.0357143,159.711
1.12833,0.0446429,163.58
1.12833,0.0535714,159.049
1.12833,0.0625,64.999
1.12833,0.0714286,56.997
1.12833,0.0803571,56.883
1.12833,0.0892857,57.149
1.12833,0.0982143,57.084
1.12833,0.107143,57.671
1.12833,0.116071,57.671
1.12833,0.125,57.671
1.12833,0.133929,57.671
1.12833,0.142857,57.671
1.12833,0.151786,57.671
1.12833,0.160714,57.66
1.12833,0.169643,57.198
1.12833,0.178571,57.579
1.12833,0.1875,57.122
1.12833,0.196429,56.35
1.12833,0.205357,56.332
1.12833,0.214286,138.162
1.12833,0.223214,162.01
1.12833,0.232143,160.466
1.12833,0.241071,162.64
1.12833,0.25,158.868
1.12833,0.258929,159.384
1.12833,0.267857,158.384
1.12833,0.276786,160.384
1.12833,0.285714,162.64
1.12833,0.294643,158.227
1.12833,0.303571,160.857
1.12833,0.3125,157.857
1.12833,0.321429,161.971
1.12833,0.330357,160.857
1.12833,0.339286,158.27
1.12833,0.348214,158.27
1.12833,0.357143,159.569
1.12833,0.366071,160.281
1.12833,0.375,159.939
1.12833,0.383929,161.939
1.12833,0.392857,161.423
1.12833,0.401786,161.505
1.12833,0.410714,163.989
1.12833,0.419643,164.587
1.12833,0.428571,165.185
1.12833,0.4375,165.327
1.12833,0.446429,166.398
1.12833,0.455357,166.996
1.12833,0.464286,168.768
1.12833,0.473214,168.138
1.12833,0.482143,169.323
1.12833,0.491071,171.807
1.12833,0.5,170.992
1.12833,0.508929,171.074
1.12833,0.517857,171.373
1.12833,0.526786,172.786
1.12833,0.535714,173.786
1.12833,0.544643,172.085
1.12833,0.553571,172.786
1.12833,0.5625,171.797
1.12833,0.571429,171.797
1.12833,0.580357,172.27
1.12833,0.589286,172.085
1.12833,0.598214,172.9
1.12833,0.607143,171.601
1.12833,0.616071,169.786
1.12833,0.625,172.971
1.12833,0.633929,173.754
1.12833,0.642857,173.825
1.12833,0.651786,174.423
1.12833,0.660714,174.722
1.12833,0.669643,174.722
1.12833,0.678571,175.608
1.12833,0.6875,175.967
1.12833,0.696429,175.679
1.12833,0.705357,175.565
1.12833,0.714286,176.348
1.12833,0.723214,176.348
1.12833,0.732143,177.533
1.12833,0.741071,178.12
1.12833,0.75,176.419
1.12833,0.758929,176.419
1.12833,0.767857,177.903
1.12833,0.776786,176.903
1.12833,0.785714,176.746
1.12833,0.794643,176.991
1.12833,0.803571,175.176
1.12833,0.8125,174.176
1.12833,0.821429,175.475
1.12833,0.830357,175.133
1.12833,0.839286,173.449
1.12833,0.848214,174.15
1.12833,0.857143,175.378
1.12833,0.866071,173.264
1.12833,0.875,171.862
1.12833,0.883929,172.221
1.12833,0.892857,172.993
1.12833,0.901786,171.064
1.12833,0.910714,170.064
1.12833,0.919643,172.238
1.12833,0.928571,172.238
1.12833,0.9375,171.124
1.12833,0.946429,170.238
1.12833,0.955357,170.765
1.12833,0.964286,171.993
1.12833,0.973214,173.221
1.12833,0.982143,173.862
1.12833,0.991071,172.677
1.12833,1,173.378
1.12833,1.00893,174.905
1.12833,1.01786,175.133
1.12833,1.02679,175.062
1.12833,1.03571,175.991
1.12833,1.04464,176.105
1.12833,1.05357,176.034
1.12833,1.0625,177.675
1.12833,1.07143,177.789
1.12833,1.08036,177.419
1.12833,1.08929,176.049
1.12833,1.09821,174.907
1.12833,1.10714,174.423
1.12833,1.11607,173.569
1.12833,1.125,171.601
1.12833,1.13393,170.035
1.12833,1.14286,167.213
1.12833,1.15179,164.804
1.12833,1.16071,162.064
1.12833,1.16964,154.417
1.12833,1.17857,152.14
1.12833,1.1875,148.336
1.12833,1.19643,146.707
1.12833,1.20536,141.039
1.12833,1.21429,129.784
1.12833,1.22321,125.828
1.12833,1.23214,125.861
1.12833,1.24107,118.459
1.12833,1.25,115.171
1.12833,1.25893,108.997
1.12833,1.26786,108.122
1.12833,1.27679,106.834
1.12833,1.28571,103.144
1.12833,1.29464,100.867
1.12833,1.30357,97.59
1.12833,1.3125,97.188
1.12833,1.32143,93.487
1.12833,1.33036,90.911
1.12833,1.33929,89.21
1.12833,1.34821,87.221
1.12833,1.35714,85.933
1.12833,1.36607,85.161
1.12833,1.375,85.161
1.12833,1.38393,84.449
1.12833,1.39286,84.449
1.12833,1.40179,83.862
1.12833,1.41071,84.161
1.12833,1.41964,84.161
1.12833,1.42857,84.645
1.12833,1.4375,85.841
1.12833,1.44643,85.45
1.12833,1.45536,87.646
1.12833,1.46429,87.016
1.12833,1.47321,89.397
1.12833,1.48214,92.017
1.12833,1.49107,93.224
1.12833,1.5,93.42
1.12833,1.50893,93.431
1.12833,1.51786,93.627
1.11864,0,249.02
1.11864,0.00892857,208.083
1.11864,0.0178571,159.766
1.11864,0.0267857,161.765
1.11864,0.0357143,161.124
1.11864,0.0446429,163.537
1.11864,0.0535714,162.092
1.11864,0.0625,93.274
1.11864,0.0714286,55.421
1.11864,0.0803571,56.943
1.11864,0.0892857,56.437
1.11864,0.0982143,57.084
1.11864,0.107143,57.671
1.11864,0.116071,57.671
1.11864,0.125,57.671
1.11864,0.133929,57.671
1.11864,0.142857,57.671
1.11864,0.151786,57.671
1.11864,0.160714,57.432
1.11864,0.169643,57.443
1.11864,0.178571,57.334
1.11864,0.1875,56.959
1.11864,0.196429,56.948
1.11864,0.205357,57.711
1.11864,0.214286,151.079
1.11864,0.223214,160.227
1.11864,0.232143,158.156
1.11864,0.241071,160.629
1.11864,0.25,158.857
1.11864,0.258929,160.857
1.11864,0.267857,160.971
1.11864,0.276786,157.672
1.11864,0.285714,160.259
1.11864,0.294643,157.259
1.11864,0.303571,157.085
1.11864,0.3125,156.498
1.11864,0.321429,159.384
1.11864,0.330357,159.085
1.11864,0.339286,155.683
1.11864,0.348214,157.797
1.11864,0.357143,158.797
1.11864,0.366071,158.797
1.11864,0.375,159.27
1.11864,0.383929,159.857
1.11864,0.392857,159.281
1.11864,0.401786,160.939
1.11864,0.410714,162.064
1.11864,0.419643,163.249
1.11864,0.428571,163.434
1.11864,0.4375,164.092
1.11864,0.446429,164.75
1.11864,0.455357,167.049
1.11864,0.464286,166.245
1.11864,0.473214,167.387
1.11864,0.482143,167.985
1.11864,0.491071,167.882
1.11864,0.5,167.839
1.11864,0.508929,171.622
1.11864,0.517857,169.046
1.11864,0.526786,172.829
1.11864,0.535714,171.715
1.11864,0.544643,171.416
1.11864,0.553571,172.188
1.11864,0.5625,172.085
1.11864,0.571429,171.911
1.11864,0.580357,173.911
1.11864,0.589286,173.096
1.11864,0.598214,173.455
1.11864,0.607143,173.156
1.11864,0.616071,172.27
1.11864,0.625,172.27
1.11864,0.633929,171.868
1.11864,0.642857,174.053
1.11864,0.651786,174.754
1.11864,0.660714,174.053
1.11864,0.669643,173.352
1.11864,0.678571,174.238
1.11864,0.6875,174.423
1.11864,0.696429,174.423
1.11864,0.705357,175.722
1.11864,0.714286,173.907
1.11864,0.723214,175.967
1.11864,0.732143,176.864
1.11864,0.741071,176.163
1.11864,0.75,176.647
1.11864,0.758929,176.935
1.11864,0.767857,176.821
1.11864,0.776786,176.707
1.11864,0.785714,177.305
1.11864,0.794643,177.077
1.11864,0.803571,177.561
1.11864,0.8125,176.447
1.11864,0.821429,176.045
1.11864,0.830357,175.991
1.11864,0.839286,174.948
1.11864,0.848214,175.421
1.11864,0.857143,175.133
1.11864,0.866071,174.905
1.11864,0.875,173.905
1.11864,0.883929,170.09
1.11864,0.892857,173.047
1.11864,0.901786,172.047
1.11864,0.910714,171.819
1.11864,0.919643,172.238
1.11864,0.928571,171.124
1.11864,0.9375,172.238
1.11864,0.946429,172.651
1.11864,0.955357,172.993
1.11864,0.964286,172.993
1.11864,0.973214,173.765
1.11864,0.982143,170.993
1.11864,0.991071,173.52
1.11864,1,173.862
1.11864,1.00893,172.318
1.11864,1.01786,172.133
1.11864,1.02679,176.361
1.11864,1.03571,175.703
1.11864,1.04464,173.002
1.11864,1.05357,176.333
1.11864,1.0625,176.778
1.11864,1.07143,176.892
1.11864,1.08036,177.419
1.11864,1.08929,176.935
1.11864,1.09821,176.565
1.11864,1.10714,175.608
1.11864,1.11607,173.238
1.11864,1.125,172.384
1.11864,1.13393,171.046
1.11864,1.14286,167.512
1.11864,1.15179,164.804
1.11864,1.16071,160.466
1.11864,1.16964,157.808
1.11864,1.17857,154.357
1.11864,1.1875,149.265
1.11864,1.19643,147.511
1.11864,1.20536,144.245
1.11864,1.21429,136.887
1.11864,1.22321,130.931
1.11864,1.23214,126.551
1.11864,1.24107,121.16
1.11864,1.25,113.459
1.11864,1.25893,111.584
1.11864,1.26786,108.595
1.11864,1.27679,107.606
1.11864,1.28571,103.443
1.11864,1.29464,98.867
1.11864,1.30357,96.59
1.11864,1.3125,94.188
1.11864,1.32143,91.313
1.11864,1.33036,92.911
1.11864,1.33929,88.21
1.11864,1.34821,87.221
1.11864,1.35714,85.933
1.11864,1.36607,85.161
1.11864,1.375,84.161
1.11864,1.38393,84.449
1.11864,1.39286,83.449
1.11864,1.40179,83.15
1.11864,1.41071,83.862
1.11864,1.41964,84.46
1.11864,1.42857,84.471
1.11864,1.4375,85.852
1.11864,1.44643,85.852
1.11864,1.45536,86.564
1.11864,1.46429,86.347
1.11864,1.47321,88.326
1.11864,1.48214,90.223
1.11864,1.49107,92.729
1.11864,1.5,92.224
1.11864,1.50893,92.833
1.11864,1.51786,92.741
1.10896,0,186.308
1.10896,0.00892857,164.818
1.10896,0.0178571,159.722
1.10896,0.0267857,164.178
1.10896,0.0357143,160.896
1.10896,0.0446429,162.733
1.10896,0.0535714,163.217
1.10896,0.0625,120.115
1.10896,0.0714286,57.236
1.10896,0.0803571,56.954
1.10896,0.0892857,56.725
1.10896,0.0982143,57.084
1.10896,0.107143,57.671
1.10896,0.116071,57.671
1.10896,0.125,57.671
1.10896,0.133929,57.671
1.10896,0.142857,57.671
1.10896,0.151786,57.671
1.10896,0.160714,57.318
1.10896,0.169643,57.329
1.10896,0.178571,57.551
1.10896,0.1875,57.682
1.10896,0.196429,56.845
1.10896,0.205357,64.058
1.10896,0.214286,163.964
1.10896,0.223214,159.825
1.10896,0.232143,159.814
1.10896,0.241071,160.629
1.10896,0.25,159.341
1.10896,0.258929,160.754
1.10896,0.267857,164.167
1.10896,0.276786,158.27
1.10896,0.285714,161.259
1.10896,0.294643,156.971
1.10896,0.303571,158.683
1.10896,0.3125,158.096
1.10896,0.321429,158.096
1.10896,0.330357,160.096
1.10896,0.339286,156.096
1.10896,0.348214,158.096
1.10896,0.357143,158.096
1.10896,0.366071,157.683
1.10896,0.375,155.558
1.10896,0.383929,155.971
1.10896,0.392857,158.27
1.10896,0.401786,157.982
1.10896,0.410714,157.982
1.10896,0.419643,156.281
1.10896,0.428571,159.281
1.10896,0.4375,160.167
1.10896,0.446429,160.053
1.10896,0.455357,161.423
1.10896,0.464286,163.907
1.10896,0.473214,165.761
1.10896,0.482143,164.245
1.10896,0.491071,163.316
1.10896,0.5,166.914
1.10896,0.508929,162.697
1.10896,0.517857,168.893
1.10896,0.526786,169.975
1.10896,0.535714,172.16
1.10896,0.544643,170.106
1.10896,0.553571,172.003
1.10896,0.5625,172.487
1.10896,0.571429,170.911
1.10896,0.580357,171.242
1.10896,0.589286,169.797
1.10896,0.598214,173.64
1.10896,0.607143,171.971
1.10896,0.616071,171.786
1.10896,0.625,174.199
1.10896,0.633929,172.982
1.10896,0.642857,173.868
1.10896,0.651786,172.569
1.10896,0.660714,172.868
1.10896,0.669643,172.754
1.10896,0.678571,172.754
1.10896,0.6875,174.053
1.10896,0.696429,175.238
1.10896,0.705357,176.124
1.10896,0.714286,175.298
1.10896,0.723214,176.01
1.10896,0.732143,175.608
1.10896,0.741071,174.206
1.10896,0.75,176.69
1.10896,0.758929,177.163
1.10896,0.767857,176.451
1.10896,0.776786,176.451
1.10896,0.785714,176.935
1.10896,0.794643,176.821
1.10896,0.803571,176.419
1.10896,0.8125,176.191
1.10896,0.821429,176.561
1.10896,0.830357,175.746
1.10896,0.839286,175.632
1.10896,0.848214,173.991
1.10896,0.857143,173.649
1.10896,0.866071,173.948
1.10896,0.875,172.546
1.10896,0.883929,174.204
1.10896,0.892857,176.09
1.10896,0.901786,173.161
1.10896,0.910714,171.047
1.10896,0.919643,172.651
1.10896,0.928571,171.651
1.10896,0.9375,171.765
1.10896,0.946429,173.107
1.10896,0.955357,173.107
1.10896,0.964286,173.107
1.10896,0.973214,173.879
1.10896,0.982143,171.765
1.10896,0.991071,170.765
1.10896,1,172.221
1.10896,1.00893,174.09
1.10896,1.01786,174.247
1.10896,1.02679,176.361
1.10896,1.03571,175.475
1.10896,1.04464,172.888
1.10896,1.05357,176.219
1.10896,1.0625,176.892
1.10896,1.07143,176.892
1.10896,1.08036,178.006
1.10896,1.08929,176.935
1.10896,1.09821,176.451
1.10896,1.10714,175.608
1.10896,1.11607,173.124
1.10896,1.125,174.096
1.10896,1.13393,170.53
1.10896,1.14286,166.17
1.10896,1.15179,166.462
1.10896,1.16071,162.825
1.10896,1.16964,158.281
1.10896,1.17857,155.819
1.10896,1.1875,152.129
1.10896,1.19643,146.016
1.10896,1.20536,142.935
1.10896,1.21429,135.691
1.10896,1.22321,133.322
1.10896,1.23214,122.953
1.10896,1.24107,118.861
1.10896,1.25,113.16
1.10896,1.25893,112.47
1.10896,1.26786,108.296
1.10896,1.27679,104.193
1.10896,1.28571,101.03
1.10896,1.29464,99.454
1.10896,1.30357,96.59
1.10896,1.3125,94.601
1.10896,1.32143,93.726
1.10896,1.33036,90.911
1.10896,1.33929,88.21
1.10896,1.34821,87.221
1.10896,1.35714,85.933
1.10896,1.36607,84.161
1.10896,1.375,84.161
1.10896,1.38393,84.449
1.10896,1.39286,85.449
1.10896,1.40179,83.851
1.10896,1.41071,84.449
1.10896,1.41964,84.873
1.10896,1.42857,84.884
1.10896,1.4375,85.966
1.10896,1.44643,85.966
1.10896,1.45536,84.966
1.10896,1.46429,85.635
1.10896,1.47321,88.728
1.10896,1.48214,89.625
1.10896,1.49107,92.234
1.10896,1.5,92.327
1.10896,1.50893,93.42
1.10896,1.51786,92.741
1.09927,0,173.505
1.09927,0.00892857,158.304
1.09927,0.0178571,159.227
1.09927,0.0267857,163.135
1.09927,0.0357143,163.081
1.09927,0.0446429,162.978
1.09927,0.0535714,163.576
1.09927,0.0625,136.114
1.09927,0.0714286,56.855
1.09927,0.0803571,57.666
1.09927,0.0892857,57.138
1.09927,0.0982143,57.084
1.09927,0.107143,57.671
1.09927,0.116071,57.671
1.09927,0.125,57.671
1.09927,0.133929,57.671
1.09927,0.142857,57.671
1.09927,0.151786,57.671
1.09927,0.160714,57.329
1.09927,0.169643,57.03
1.09927,0.178571,57.127
1.09927,0.1875,57.568
1.09927,0.196429,56.856
1.09927,0.205357,76.025
1.09927,0.214286,167.045
1.09927,0.223214,163.907
1.09927,0.232143,163.423
1.09927,0.241071,163.124
1.09927,0.25,160.825
1.09927,0.258929,161.363
1.09927,0.267857,164.064
1.09927,0.276786,159.879
1.09927,0.285714,160.341
1.09927,0.294643,158.167
1.09927,0.303571,158.982
1.09927,0.3125,161.096
1.09927,0.321429,155.982
1.09927,0.330357,156.982
1.09927,0.339286,157.982
1.09927,0.348214,158.096
1.09927,0.357143,158.096
1.09927,0.366071,160.085
1.09927,0.375,156.786
1.09927,0.383929,156.786
1.09927,0.392857,158.085
1.09927,0.401786,156.384
1.09927,0.410714,158.797
1.09927,0.419643,158.096
1.09927,0.428571,160.395
1.09927,0.4375,160.982
1.09927,0.446429,159.868
1.09927,0.455357,157.754
1.09927,0.464286,160.352
1.09927,0.473214,161.021
1.09927,0.482143,163.804
1.09927,0.491071,164.288
1.09927,0.5,163.761
1.09927,0.508929,164.359
1.09927,0.517857,168.327
1.09927,0.526786,167.523
1.09927,0.535714,166.42
1.09927,0.544643,167.138
1.09927,0.553571,171.921
1.09927,0.5625,173.302
1.09927,0.571429,171.829
1.09927,0.580357,170.274
1.09927,0.589286,171.829
1.09927,0.598214,173.487
1.09927,0.607143,168.302
1.09927,0.616071,170.519
1.09927,0.625,172.231
1.09927,0.633929,171.715
1.09927,0.642857,173.384
1.09927,0.651786,171.683
1.09927,0.660714,172.683
1.09927,0.669643,173.569
1.09927,0.678571,172.569
1.09927,0.6875,173.754
1.09927,0.696429,174.754
1.09927,0.705357,174.64
1.09927,0.714286,174.113
1.09927,0.723214,174.113
1.09927,0.732143,174.124
1.09927,0.741071,175.608
1.09927,0.75,175.793
1.09927,0.758929,175.679
1.09927,0.767857,175.38
1.09927,0.776786,175.266
1.09927,0.785714,176.935
1.09927,0.794643,176.821
1.09927,0.803571,177.12
1.09927,0.8125,176.892
1.09927,0.821429,177.191
1.09927,0.830357,176.789
1.09927,0.839286,175.675
1.09927,0.848214,175.746
1.09927,0.857143,176.105
1.09927,0.866071,176.29
1.09927,0.875,175.361
1.09927,0.883929,172.133
1.09927,0.892857,173.204
1.09927,0.901786,173.389
1.09927,0.910714,174.161
1.09927,0.919643,172.993
1.09927,0.928571,172.221
1.09927,0.9375,173.221
1.09927,0.946429,172.748
1.09927,0.955357,172.748
1.09927,0.964286,172.748
1.09927,0.973214,173.748
1.09927,0.982143,173.107
1.09927,0.991071,170.765
1.09927,1,170.993
1.09927,1.00893,172.862
1.09927,1.01786,173.905
1.09927,1.02679,175.133
1.09927,1.03571,174.361
1.09927,1.04464,173.475
1.09927,1.05357,176.219
1.09927,1.0625,176.305
1.09927,1.07143,176.604
1.09927,1.08036,177.305
1.09927,1.08929,176.935
1.09927,1.09821,176.451
1.09927,1.10714,176.38
1.09927,1.11607,174.124
1.09927,1.125,173.455
1.09927,1.13393,172.302
1.09927,1.14286,169.665
1.09927,1.15179,165.245
1.09927,1.16071,160.032
1.09927,1.16964,155.993
1.09927,1.17857,156.808
1.09927,1.1875,153.118
1.09927,1.19643,152.108
1.09927,1.20536,146.152
1.09927,1.21429,137.267
1.09927,1.22321,131.023
1.09927,1.23214,133.643
1.09927,1.24107,122.85
1.09927,1.25,119.16
1.09927,1.25893,115.872
1.09927,1.26786,108.883
1.09927,1.27679,106.307
1.09927,1.28571,107.144
1.09927,1.29464,101.867
1.09927,1.30357,95.476
1.09927,1.3125,94.889
1.09927,1.32143,93.313
1.09927,1.33036,91.911
1.09927,1.33929,90.21
1.09927,1.34821,87.221
1.09927,1.35714,86.933
1.09927,1.36607,87.161
1.09927,1.375,85.161
1.09927,1.38393,84.449
1.09927,1.39286,83.449
1.09927,1.40179,84.15
1.09927,1.41071,84.449
1.09927,1.41964,84.873
1.09927,1.42857,84.884
1.09927,1.4375,85.368
1.09927,1.44643,85.966
1.09927,1.45536,84.966
1.09927,1.46429,84.635
1.09927,1.47321,89.842
1.09927,1.48214,88.326
1.09927,1.49107,90.522
1.09927,1.5,92.017
1.09927,1.50893,93.409
1.09927,1.51786,93.73
1.08959,0,170.275
1.08959,0.00892857,166.102
1.08959,0.0178571,160.586
1.08959,0.0267857,163.619
1.08959,0.0357143,163.141
1.08959,0.0446429,163.451
1.08959,0.0535714,164.576
1.08959,0.0625,145.276
1.08959,0.0714286,56.865
1.08959,0.0803571,56.019
1.08959,0.0892857,57.323
1.08959,0.0982143,57.084
1.08959,0.107143,57.671
1.08959,0.116071,57.671
1.08959,0.125,57.671
1.08959,0.133929,57.671
1.08959,0.142857,57.671
1.08959,0.151786,57.671
1.08959,0.160714,57.568
1.08959,0.169643,57.557
1.08959,0.178571,57.116
1.08959,0.1875,57.34
1.08959,0.196429,57.845
1.08959,0.205357,92.312
1.08959,0.214286,161.001
1.08959,0.223214,167.277
1.08959,0.232143,162.206
1.08959,0.241071,164.124
1.08959,0.25,162.722
1.08959,0.258929,164.249
1.08959,0.267857,162.363
1.08959,0.276786,159.765
1.08959,0.285714,160.053
1.08959,0.294643,159.754
1.08959,0.303571,159.982
1.08959,0.3125,160.982
1.08959,0.321429,156.982
1.08959,0.330357,157.982
1.08959,0.339286,159.982
1.08959,0.348214,158.982
1.08959,0.357143,157.982
1.08959,0.366071,158.971
1.08959,0.375,158.786
1.08959,0.383929,157.786
1.08959,0.392857,156.786
1.08959,0.401786,157.085
1.08959,0.410714,158.085
1.08959,0.419643,156.085
1.08959,0.428571,156.797
1.08959,0.4375,157.025
1.08959,0.446429,158.612
1.08959,0.455357,155.797
1.08959,0.464286,159.868
1.08959,0.473214,159.281
1.08959,0.482143,159.053
1.08959,0.491071,159.825
1.08959,0.5,162.124
1.08959,0.508929,163.896
1.08959,0.517857,162.804
1.08959,0.526786,164.886
1.08959,0.535714,165.74
1.08959,0.544643,166.811
1.08959,0.553571,168.181
1.08959,0.5625,169.975
1.08959,0.571429,171.758
1.08959,0.580357,171.089
1.08959,0.589286,169.16
1.08959,0.598214,172.117
1.08959,0.607143,170.334
1.08959,0.616071,169.448
1.08959,0.625,170.747
1.08959,0.633929,171.416
1.08959,0.642857,171.9
1.08959,0.651786,172.786
1.08959,0.660714,172.786
1.08959,0.669643,172.786
1.08959,0.678571,172.971
1.08959,0.6875,173.569
1.08959,0.696429,174.569
1.08959,0.705357,172.156
1.08959,0.714286,172.455
1.08959,0.723214,172.928
1.08959,0.732143,173.64
1.08959,0.741071,174.825
1.08959,0.75,175.423
1.08959,0.758929,175.309
1.08959,0.767857,175.896
1.08959,0.776786,175.668
1.08959,0.785714,177.223
1.08959,0.794643,177.223
1.08959,0.803571,177.223
1.08959,0.8125,177.821
1.08959,0.821429,177.12
1.08959,0.830357,177.419
1.08959,0.839286,176.832
1.08959,0.848214,176.789
1.08959,0.857143,176.561
1.08959,0.866071,176.92
1.08959,0.875,175.105
1.08959,0.883929,174.062
1.08959,0.892857,175.133
1.08959,0.901786,173.791
1.08959,0.910714,172.976
1.08959,0.919643,172.748
1.08959,0.928571,172.748
1.08959,0.9375,173.862
1.08959,0.946429,172.862
1.08959,0.955357,172.976
1.08959,0.964286,172.862
1.08959,0.973214,173.862
1.08959,0.982143,172.221
1.08959,0.991071,174.993
1.08959,1,173.221
1.08959,1.00893,171.563
1.08959,1.01786,171.378
1.08959,1.02679,174.905
1.08959,1.03571,175.133
1.08959,1.04464,175.361
1.08959,1.05357,176.219
1.08959,1.0625,176.376
1.08959,1.07143,176.789
1.08959,1.08036,177.604
1.08959,1.08929,177.006
1.08959,1.09821,177.163
1.08959,1.10714,176.967
1.08959,1.11607,175.597
1.08959,1.125,174.156
1.08959,1.13393,170.302
1.08959,1.14286,169.274
1.08959,1.15179,167.751
1.08959,1.16071,162.413
1.08959,1.16964,162.95
1.08959,1.17857,161.982
1.08959,1.1875,158.569
1.08959,1.19643,153.798
1.08959,1.20536,147.244
1.08959,1.21429,145.174
1.08959,1.22321,135.3
1.08959,1.23214,130.045
1.08959,1.24107,131.138
1.08959,1.25,122.149
1.08959,1.25893,115.459
1.08959,1.26786,112.296
1.08959,1.27679,108.894
1.08959,1.28571,103.731
1.08959,1.29464,102.155
1.08959,1.30357,97.59
1.08959,1.3125,94.188
1.08959,1.32143,92.715
1.08959,1.33036,90.911
1.08959,1.33929,88.21
1.08959,1.34821,87.221
1.08959,1.35714,85.933
1.08959,1.36607,85.161
1.08959,1.375,84.161
1.08959,1.38393,84.449
1.08959,1.39286,84.449
1.08959,1.40179,84.449
1.08959,1.41071,83.862
1.08959,1.41964,84.873
1.08959,1.42857,84.884
1.08959,1.4375,85.368
1.08959,1.44643,85.966
1.08959,1.45536,85.966
1.08959,1.46429,86.048
1.08959,1.47321,89.141
1.08959,1.48214,88.326
1.08959,1.49107,89.924
1.08959,1.5,90.419
1.08959,1.50893,92.626
1.08959,1.51786,93.73
1.0799,0,170.867
1.0799,0.00892857,162.189
1.0799,0.0178571,160.266
1.0799,0.0267857,161.733
1.0799,0.0357143,163.255
1.0799,0.0446429,164.152
1.0799,0.0535714,164.565
1.0799,0.0625,153.644
1.0799,0.0714286,56.978
1.0799,0.0803571,57.133
1.0799,0.0892857,57.796
1.0799,0.0982143,57.671
1.0799,0.107143,57.671
1.0799,0.116071,57.671
1.0799,0.125,57.671
1.0799,0.133929,57.671
1.0799,0.142857,57.671
1.0799,0.151786,57.671
1.0799,0.160714,57.269
1.0799,0.169643,57.258
1.0799,0.178571,57.475
1.0799,0.1875,57.34
1.0799,0.196429,56.165
1.0799,0.205357,106.702
1.0799,0.214286,162.598
1.0799,0.223214,164.103
1.0799,0.232143,161.896
1.0799,0.241071,159.825
1.0799,0.25,162.412
1.0799,0.258929,160.765
1.0799,0.267857,161.352
1.0799,0.276786,158.754
1.0799,0.285714,159.042
1.0799,0.294643,158.743
1.0799,0.303571,162.982
1.0799,0.3125,159.982
1.0799,0.321429,158.982
1.0799,0.330357,158.982
1.0799,0.339286,159.982
1.0799,0.348214,158.982
1.0799,0.357143,158.982
1.0799,0.366071,157.384
1.0799,0.375,158.786
1.0799,0.383929,158.786
1.0799,0.392857,157.786
1.0799,0.401786,158.085
1.0799,0.410714,158.085
1.0799,0.419643,158.085
1.0799,0.428571,158.085
1.0799,0.4375,156.313
1.0799,0.446429,155.726
1.0799,0.455357,157.726
1.0799,0.464286,160.085
1.0799,0.473214,158.085
1.0799,0.482143,160.085
1.0799,0.491071,157.971
1.0799,0.5,157.971
1.0799,0.508929,159.444
1.0799,0.517857,164.352
1.0799,0.526786,163.445
1.0799,0.535714,162.989
1.0799,0.544643,167.06
1.0799,0.553571,165.142
1.0799,0.5625,165.409
1.0799,0.571429,165.719
1.0799,0.580357,167.779
1.0799,0.589286,169.149
1.0799,0.598214,170.633
1.0799,0.607143,166.622
1.0799,0.616071,172.138
1.0799,0.625,170.448
1.0799,0.633929,170.601
1.0799,0.642857,173.302
1.0799,0.651786,170.715
1.0799,0.660714,172.715
1.0799,0.669643,170.601
1.0799,0.678571,173.188
1.0799,0.6875,170.9
1.0799,0.696429,172.9
1.0799,0.705357,172.9
1.0799,0.714286,169.9
1.0799,0.723214,172.786
1.0799,0.732143,173.672
1.0799,0.741071,173.743
1.0799,0.75,173.042
1.0799,0.758929,173.754
1.0799,0.767857,174.341
1.0799,0.776786,175.01
1.0799,0.785714,174.967
1.0799,0.794643,175.266
1.0799,0.803571,175.565
1.0799,0.8125,175.565
1.0799,0.821429,177.163
1.0799,0.830357,177.348
1.0799,0.839286,177.647
1.0799,0.848214,176.647
1.0799,0.857143,176.533
1.0799,0.866071,176.604
1.0799,0.875,176.447
1.0799,0.883929,176.219
1.0799,0.892857,174.877
1.0799,0.901786,175.133
1.0799,0.910714,176.019
1.0799,0.919643,177.976
1.0799,0.928571,172.862
1.0799,0.9375,172.862
1.0799,0.946429,173.634
1.0799,0.955357,172.221
1.0799,0.964286,172.221
1.0799,0.973214,172.862
1.0799,0.982143,172.862
1.0799,0.991071,173.221
1.0799,1,172.221
1.0799,1.00893,174.563
1.0799,1.01786,173.378
1.0799,1.02679,173.019
1.0799,1.03571,173.133
1.0799,1.04464,175.361
1.0799,1.05357,176.105
1.0799,1.0625,177.262
1.0799,1.07143,177.262
1.0799,1.08036,177.49
1.0799,1.08929,177.12
1.0799,1.09821,176.821
1.0799,1.10714,176.679
1.0799,1.11607,175.423
1.0799,1.125,172.814
1.0799,1.13393,172.373
1.0799,1.14286,170.644
1.0799,1.15179,167.132
1.0799,1.16071,166.082
1.0799,1.16964,164.032
1.0799,1.17857,161.341
1.0799,1.1875,157.672
1.0799,1.19643,153.602
1.0799,1.20536,148.749
1.0799,1.21429,140.152
1.0799,1.22321,138.506
1.0799,1.23214,122.322
1.0799,1.24107,127.241
1.0799,1.25,125.149
1.0799,1.25893,119.459
1.0799,1.26786,113.182
1.0799,1.27679,108.193
1.0799,1.28571,105.432
1.0799,1.29464,103.155
1.0799,1.30357,102.878
1.0799,1.3125,96.188
1.0799,1.32143,94.128
1.0799,1.33036,90.911
1.0799,1.33929,89.21
1.0799,1.34821,87.221
1.0799,1.35714,86.933
1.0799,1.36607,87.161
1.0799,1.375,85.161
1.0799,1.38393,84.449
1.0799,1.39286,84.449
1.0799,1.40179,84.449
1.0799,1.41071,84.161
1.0799,1.41964,84.161
1.0799,1.42857,84.873
1.0799,1.4375,85.656
1.0799,1.44643,85.368
1.0799,1.45536,86.966
1.0799,1.46429,87.461
1.0799,1.47321,84.141
1.0799,1.48214,92.728
1.0799,1.49107,91.027
1.0799,1.5,112.636
1.0799,1.50893,92.028
1.0799,1.51786,90.42
1.07022,0,169.965
1.07022,0.00892857,161.526
1.07022,0.0178571,161.483
1.07022,0.0267857,161.075
1.07022,0.0357143,161.771
1.07022,0.0446429,162.668
1.07022,0.0535714,163.548
1.07022,0.0625,161.838
1.07022,0.0714286,58.803
1.07022,0.0803571,56.959
1.07022,0.0892857,59.041
1.07022,0.0982143,57.671
1.07022,0.107143,57.671
1.07022,0.116071,57.671
1.07022,0.125,57.671
1.07022,0.133929,57.671
1.07022,0.142857,57.671
1.07022,0.151786,57.671
1.07022,0.160714,56.959
1.07022,0.169643,57.133
1.07022,0.178571,57.372
1.07022,0.1875,57.34
1.07022,0.196429,58.349
1.07022,0.205357,125.494
1.07022,0.214286,163.733
1.07022,0.223214,159.722
1.07022,0.232143,160.412
1.07022,0.241071,160.743
1.07022,0.25,160.341
1.07022,0.258929,159.341
1.07022,0.267857,162.982
1.07022,0.276786,161.569
1.07022,0.285714,159.672
1.07022,0.294643,159.259
1.07022,0.303571,157.982
1.07022,0.3125,156.982
1.07022,0.321429,160.982
1.07022,0.330357,161.982
1.07022,0.339286,159.982
1.07022,0.348214,160.982
1.07022,0.357143,159.982
1.07022,0.366071,159.683
1.07022,0.375,159.085
1.07022,0.383929,159.085
1.07022,0.392857,158.085
1.07022,0.401786,158.085
1.07022,0.410714,158.085
1.07022,0.419643,158.085
1.07022,0.428571,159.085
1.07022,0.4375,157.313
1.07022,0.446429,157.726
1.07022,0.455357,156.085
1.07022,0.464286,156.085
1.07022,0.473214,157.085
1.07022,0.482143,156.085
1.07022,0.491071,160.085
1.07022,0.5,160.971
1.07022,0.508929,159.971
1.07022,0.517857,160.754
1.07022,0.526786,162.95
1.07022,0.535714,164.907
1.07022,0.544643,165.978
1.07022,0.553571,163.277
1.07022,0.5625,168.658
1.07022,0.571429,164.968
1.07022,0.580357,169.996
1.07022,0.589286,168.48
1.07022,0.598214,170.366
1.07022,0.607143,166.181
1.07022,0.616071,167.181
1.07022,0.625,168.437
1.07022,0.633929,170.003
1.07022,0.642857,172.003
1.07022,0.651786,171.932
1.07022,0.660714,172.003
1.07022,0.669643,172.003
1.07022,0.678571,172.003
1.07022,0.6875,169.715
1.07022,0.696429,172.188
1.07022,0.705357,172.188
1.07022,0.714286,167.715
1.07022,0.723214,170.715
1.07022,0.732143,170.715
1.07022,0.741071,172.188
1.07022,0.75,172.487
1.07022,0.758929,172.971
1.07022,0.767857,173.27
1.07022,0.776786,173.868
1.07022,0.785714,174.782
1.07022,0.794643,175.782
1.07022,0.803571,176.081
1.07022,0.8125,176.38
1.07022,0.821429,175.679
1.07022,0.830357,176.565
1.07022,0.839286,177.163
1.07022,0.848214,176.935
1.07022,0.857143,176.935
1.07022,0.866071,176.821
1.07022,0.875,176.892
1.07022,0.883929,175.963
1.07022,0.892857,175.806
1.07022,0.901786,174.991
1.07022,0.910714,174.991
1.07022,0.919643,173.492
1.07022,0.928571,173.378
1.07022,0.9375,174.264
1.07022,0.946429,173.15
1.07022,0.955357,172.15
1.07022,0.964286,173.15
1.07022,0.973214,172.15
1.07022,0.982143,173.378
1.07022,0.991071,171.976
1.07022,1,174.09
1.07022,1.00893,172.791
1.07022,1.01786,172.791
1.07022,1.02679,173.905
1.07022,1.03571,174.133
1.07022,1.04464,173.475
1.07022,1.05357,175.219
1.07022,1.0625,176.262
1.07022,1.07143,176.262
1.07022,1.08036,176.49
1.07022,1.08929,177.006
1.07022,1.09821,176.821
1.07022,1.10714,176.565
1.07022,1.11607,175.423
1.07022,1.125,174.526
1.07022,1.13393,173.455
1.07022,1.14286,171.889
1.07022,1.15179,169.377
1.07022,1.16071,167.153
1.07022,1.16964,164.217
1.07022,1.17857,161.526
1.07022,1.1875,156.857
1.07022,1.19643,154.694
1.07022,1.20536,151.727
1.07022,1.21429,147.771
1.07022,1.22321,141.484
1.07022,1.23214,130.311
1.07022,1.24107,128.643
1.07022,1.25,121.85
1.07022,1.25893,116.459
1.07022,1.26786,112.47
1.07022,1.27679,108.894
1.07022,1.28571,106.318
1.07022,1.29464,104.155
1.07022,1.30357,100.465
1.07022,1.3125,96.889
1.07022,1.32143,93.128
1.07022,1.33036,89.911
1.07022,1.33929,89.21
1.07022,1.34821,88.221
1.07022,1.35714,86.933
1.07022,1.36607,87.161
1.07022,1.375,85.161
1.07022,1.38393,84.449
1.07022,1.39286,84.449
1.07022,1.40179,84.161
1.07022,1.41071,84.161
1.07022,1.41964,84.161
1.07022,1.42857,84.873
1.07022,1.4375,84.656
1.07022,1.44643,85.368
1.07022,1.45536,86.265
1.07022,1.46429,85.575
1.07022,1.47321,88.668
1.07022,1.48214,85.842
1.07022,1.49107,89.016
1.07022,1.5,92.511
1.07022,1.50893,91.305
1.07022,1.51786,91.936
1.06053,0,166.188
1.06053,0.00892857,158.917
1.06053,0.0178571,160.58
1.06053,0.0267857,158.933
1.06053,0.0357143,158.629
1.06053,0.0446429,161.597
1.06053,0.0535714,162.281
1.06053,0.0625,161.103
1.06053,0.0714286,69.628
1.06053,0.0803571,57.187
1.06053,0.0892857,56.329
1.06053,0.0982143,57.671
1.06053,0.107143,57.671
1.06053,0.116071,57.671
1.06053,0.125,57.671
1.06053,0.133929,57.671
1.06053,0.142857,57.671
1.06053,0.151786,57.671
1.06053,0.160714,57.247
1.06053,0.169643,57.133
1.06053,0.178571,56.579
1.06053,0.1875,57.226
1.06053,0.196429,56.946
1.06053,0.205357,136.71
1.06053,0.214286,161.406
1.06053,0.223214,159.928
1.06053,0.232143,156.33
1.06053,0.241071,159.569
1.06053,0.25,157.982
1.06053,0.258929,157.281
1.06053,0.267857,159.982
1.06053,0.276786,155.797
1.06053,0.285714,160.085
1.06053,0.294643,157.786
1.06053,0.303571,156.096
1.06053,0.3125,156.096
1.06053,0.321429,158.096
1.06053,0.330357,159.096
1.06053,0.339286,158.096
1.06053,0.348214,160.096
1.06053,0.357143,159.096
1.06053,0.366071,158.982
1.06053,0.375,156.982
1.06053,0.383929,158.982
1.06053,0.392857,159.982
1.06053,0.401786,158.982
1.06053,0.410714,159.982
1.06053,0.419643,159.982
1.06053,0.428571,158.982
1.06053,0.4375,156.27
1.06053,0.446429,158.085
1.06053,0.455357,156.085
1.06053,0.464286,157.085
1.06053,0.473214,159.085
1.06053,0.482143,157.085
1.06053,0.491071,158.085
1.06053,0.5,157.683
1.06053,0.508929,156.971
1.06053,0.517857,158.64
1.06053,0.526786,159.765
1.06053,0.535714,162.124
1.06053,0.544643,160.01
1.06053,0.553571,160.896
1.06053,0.5625,163.978
1.06053,0.571429,164.516
1.06053,0.580357,166.957
1.06053,0.589286,164.142
1.06053,0.598214,166.8
1.06053,0.607143,162.43
1.06053,0.616071,162.131
1.06053,0.625,166.512
1.06053,0.633929,166.964
1.06053,0.642857,169.633
1.06053,0.651786,169.633
1.06053,0.660714,171.633
1.06053,0.669643,171.633
1.06053,0.678571,171.117
1.06053,0.6875,170.003
1.06053,0.696429,170.003
1.06053,0.705357,171.003
1.06053,0.714286,171.231
1.06053,0.723214,172.231
1.06053,0.732143,170.818
1.06053,0.741071,170.704
1.06053,0.75,171.003
1.06053,0.758929,173.188
1.06053,0.767857,171.9
1.06053,0.776786,172.797
1.06053,0.785714,174.825
1.06053,0.794643,175.01
1.06053,0.803571,174.423
1.06053,0.8125,174.608
1.06053,0.821429,175.38
1.06053,0.830357,175.565
1.06053,0.839286,176.565
1.06053,0.848214,176.864
1.06053,0.857143,176.935
1.06053,0.866071,176.935
1.06053,0.875,176.821
1.06053,0.883929,176.892
1.06053,0.892857,177.077
1.06053,0.901786,176.034
1.06053,0.910714,174.92
1.06053,0.919643,177.002
1.06053,0.928571,175.361
1.06053,0.9375,175.133
1.06053,0.946429,174.019
1.06053,0.955357,172.905
1.06053,0.964286,174.905
1.06053,0.973214,173.019
1.06053,0.982143,175.133
1.06053,0.991071,171.204
1.06053,1,174.204
1.06053,1.00893,172.905
1.06053,1.01786,172.905
1.06053,1.02679,174.905
1.06053,1.03571,174.475
1.06053,1.04464,173.002
1.06053,1.05357,174.518
1.06053,1.0625,176.561
1.06053,1.07143,176.974
1.06053,1.08036,176.675
1.06053,1.08929,176.892
1.06053,1.09821,176.821
1.06053,1.10714,176.451
1.06053,1.11607,176.081
1.06053,1.125,175.711
1.06053,1.13393,173.227
1.06053,1.14286,170.373
1.06053,1.15179,167.921
1.06053,1.16071,169.398
1.06053,1.16964,164.875
1.06053,1.17857,161.608
1.06053,1.1875,158.754
1.06053,1.19643,155.797
1.06053,1.20536,153.417
1.06053,1.21429,151.76
1.06053,1.22321,142.473
1.06053,1.23214,134.001
1.06053,1.24107,128.632
1.06053,1.25,123.138
1.06053,1.25893,118.16
1.06053,1.26786,116.584
1.06053,1.27679,108.894
1.06053,1.28571,104.432
1.06053,1.29464,103.742
1.06053,1.30357,96.579
1.06053,1.3125,95.59
1.06053,1.32143,92.829
1.06053,1.33036,90.911
1.06053,1.33929,90.21
1.06053,1.34821,89.221
1.06053,1.35714,87.933
1.06053,1.36607,87.161
1.06053,1.375,85.161
1.06053,1.38393,84.449
1.06053,1.39286,84.449
1.06053,1.40179,84.161
1.06053,1.41071,84.161
1.06053,1.41964,84.161
1.06053,1.42857,84.574
1.06053,1.4375,85.656
1.06053,1.44643,85.368
1.06053,1.45536,86.678
1.06053,1.46429,86.586
1.06053,1.47321,86.668
1.06053,1.48214,88.543
1.06053,1.49107,88.717
1.06053,1.5,86.201
1.06053,1.50893,94.12
1.06053,1.51786,94.936
1.05085,0,164.477
1.05085,0.00892857,156.825
1.05085,0.0178571,158.851
1.05085,0.0267857,158.204
1.05085,0.0357143,156.444
1.05085,0.0446429,160.113
1.05085,0.0535714,158.096
1.05085,0.0625,159.526
1.05085,0.0714286,88.41
1.05085,0.0803571,58.475
1.05085,0.0892857,56.916
1.05085,0.0982143,57.557
1.05085,0.107143,57.671
1.05085,0.116071,57.671
1.05085,0.125,57.671
1.05085,0.133929,57.671
1.05085,0.142857,57.671
1.05085,0.151786,57.671
1.05085,0.160714,57.535
1.05085,0.169643,57.72
1.05085,0.178571,57.188
1.05085,0.1875,57.226
1.05085,0.196429,57.255
1.05085,0.205357,149.122
1.05085,0.214286,158.922
1.05085,0.223214,158.96
1.05085,0.232143,156.33
1.05085,0.241071,159.281
1.05085,0.25,157.281
1.05085,0.258929,154.808
1.05085,0.267857,155.808
1.05085,0.276786,156.509
1.05085,0.285714,156.21
1.05085,0.294643,156.025
1.05085,0.303571,155.096
1.05085,0.3125,159.096
1.05085,0.321429,156.395
1.05085,0.330357,158.096
1.05085,0.339286,157.096
1.05085,0.348214,161.096
1.05085,0.357143,160.096
1.05085,0.366071,160.395
1.05085,0.375,156.281
1.05085,0.383929,157.982
1.05085,0.392857,160.982
1.05085,0.401786,160.982
1.05085,0.410714,160.982
1.05085,0.419643,158.982
1.05085,0.428571,159.982
1.05085,0.4375,157.384
1.05085,0.446429,157.971
1.05085,0.455357,156.971
1.05085,0.464286,159.982
1.05085,0.473214,156.281
1.05085,0.482143,158.281
1.05085,0.491071,157.982
1.05085,0.5,157.096
1.05085,0.508929,159.868
1.05085,0.517857,159.053
1.05085,0.526786,159.064
1.05085,0.535714,163.765
1.05085,0.544643,162.113
1.05085,0.553571,159.825
1.05085,0.5625,164.825
1.05085,0.571429,161.548
1.05085,0.580357,161.918
1.05085,0.589286,161.103
1.05085,0.598214,166.989
1.05085,0.607143,166.864
1.05085,0.616071,164.277
1.05085,0.625,164.359
1.05085,0.633929,162.398
1.05085,0.642857,168.665
1.05085,0.651786,170.149
1.05085,0.660714,167.448
1.05085,0.669643,169.747
1.05085,0.678571,168.633
1.05085,0.6875,167.633
1.05085,0.696429,168.59
1.05085,0.705357,172.003
1.05085,0.714286,171.231
1.05085,0.723214,171.16
1.05085,0.732143,169.633
1.05085,0.741071,170.633
1.05085,0.75,170.992
1.05085,0.758929,170.302
1.05085,0.767857,169.9
1.05085,0.776786,173.971
1.05085,0.785714,173.455
1.05085,0.794643,174.64
1.05085,0.803571,175.124
1.05085,0.8125,175.309
1.05085,0.821429,175.081
1.05085,0.830357,174.853
1.05085,0.839286,175.451
1.05085,0.848214,176.451
1.05085,0.857143,176.337
1.05085,0.866071,176.636
1.05085,0.875,176.821
1.05085,0.883929,176.12
1.05085,0.892857,176.892
1.05085,0.901786,177.789
1.05085,0.910714,177.262
1.05085,0.919643,177.159
1.05085,0.928571,175.757
1.05085,0.9375,176.116
1.05085,0.946429,175.888
1.05085,0.955357,174.774
1.05085,0.964286,174.002
1.05085,0.973214,176.002
1.05085,0.982143,175.589
1.05085,0.991071,173.845
1.05085,1,173.731
1.05085,1.00893,175.204
1.05085,1.01786,173.905
1.05085,1.02679,174.133
1.05085,1.03571,176.361
1.05085,1.04464,176.23
1.05085,1.05357,175.746
1.05085,1.0625,177.447
1.05085,1.07143,177.86
1.05085,1.08036,177.561
1.05085,1.08929,176.789
1.05085,1.09821,176.707
1.05085,1.10714,176.451
1.05085,1.11607,175.494
1.05085,1.125,174.423
1.05085,1.13393,174.412
1.05085,1.14286,173.259
1.05085,1.15179,169.508
1.05085,1.16071,167.17
1.05085,1.16964,166.06
1.05085,1.17857,163.092
1.05085,1.1875,158.238
1.05085,1.19643,156.085
1.05085,1.20536,154.705
1.05085,1.21429,152.749
1.05085,1.22321,145.875
1.05085,1.23214,138.289
1.05085,1.24107,128.333
1.05085,1.25,126.138
1.05085,1.25893,120.16
1.05085,1.26786,113.584
1.05085,1.27679,109.481
1.05085,1.28571,107.432
1.05085,1.29464,103.856
1.05085,1.30357,99.166
1.05085,1.3125,97.889
1.05085,1.32143,92.829
1.05085,1.33036,91.911
1.05085,1.33929,90.21
1.05085,1.34821,88.221
1.05085,1.35714,87.933
1.05085,1.36607,87.161
1.05085,1.375,85.161
1.05085,1.38393,84.449
1.05085,1.39286,84.449
1.05085,1.40179,84.161
1.05085,1.41071,84.161
1.05085,1.41964,84.161
1.05085,1.42857,85.161
1.05085,1.4375,84.357
1.05085,1.44643,84.368
1.05085,1.45536,85.678
1.05085,1.46429,86.586
1.05085,1.47321,88.782
1.05085,1.48214,89.244
1.05085,1.49107,91.418
1.05085,1.5,97.902
1.05085,1.50893,92.821
1.05085,1.51786,95.637
1.04116,0,166.222
1.04116,0.00892857,155.832
1.04116,0.0178571,157.64
1.04116,0.0267857,155.21
1.04116,0.0357143,155.27
1.04116,0.0446429,156.743
1.04116,0.0535714,154.026
1.04116,0.0625,156.825
1.04116,0.0714286,109.603
1.04116,0.0803571,58.86
1.04116,0.0892857,57.411
1.04116,0.0982143,57.557
1.04116,0.107143,57.671
1.04116,0.116071,57.671
1.04116,0.125,57.671
1.04116,0.133929,57.671
1.04116,0.142857,57.671
1.04116,0.151786,57.671
1.04116,0.160714,57.535
1.04116,0.169643,57.649
1.04116,0.178571,58.476
1.04116,0.1875,57.101
1.04116,0.196429,57.585
1.04116,0.205357,157.463
1.04116,0.214286,157.27
1.04116,0.223214,157.797
1.04116,0.232143,153.395
1.04116,0.241071,154.281
1.04116,0.25,157.694
1.04116,0.258929,157.292
1.04116,0.267857,159.292
1.04116,0.276786,154.292
1.04116,0.285714,155.591
1.04116,0.294643,154.705
1.04116,0.303571,153.993
1.04116,0.3125,155.292
1.04116,0.321429,154.705
1.04116,0.330357,155.705
1.04116,0.339286,153.705
1.04116,0.348214,154.993
1.04116,0.357143,155.281
1.04116,0.366071,154.982
1.04116,0.375,156.281
1.04116,0.383929,156.982
1.04116,0.392857,157.384
1.04116,0.401786,157.971
1.04116,0.410714,156.982
1.04116,0.419643,154.982
1.04116,0.428571,161.281
1.04116,0.4375,156.971
1.04116,0.446429,155.743
1.04116,0.455357,160.64
1.04116,0.464286,159.352
1.04116,0.473214,159.249
1.04116,0.482143,165.95
1.04116,0.491071,160.651
1.04116,0.5,160.238
1.04116,0.508929,158.683
1.04116,0.517857,158.982
1.04116,0.526786,159.466
1.04116,0.535714,160.765
1.04116,0.544643,160.466
1.04116,0.553571,164.466
1.04116,0.5625,157.825
1.04116,0.571429,160.124
1.04116,0.580357,161.249
1.04116,0.589286,161.733
1.04116,0.598214,165.701
1.04116,0.607143,162.875
1.04116,0.616071,162.864
1.04116,0.625,165.75
1.04116,0.633929,164.946
1.04116,0.642857,167.441
1.04116,0.651786,169.822
1.04116,0.660714,167.822
1.04116,0.669643,168.594
1.04116,0.678571,170.665
1.04116,0.6875,166.035
1.04116,0.696429,171.807
1.04116,0.705357,171.106
1.04116,0.714286,170.117
1.04116,0.723214,170.53
1.04116,0.732143,170.231
1.04116,0.741071,170.334
1.04116,0.75,170.633
1.04116,0.758929,171.405
1.04116,0.767857,169.003
1.04116,0.776786,172.302
1.04116,0.785714,172.758
1.04116,0.794643,170.128
1.04116,0.803571,172.096
1.04116,0.8125,174.124
1.04116,0.821429,176.722
1.04116,0.830357,174.907
1.04116,0.839286,175.494
1.04116,0.848214,174.907
1.04116,0.857143,175.907
1.04116,0.866071,175.565
1.04116,0.875,176.636
1.04116,0.883929,177.234
1.04116,0.892857,177.604
1.04116,0.901786,177.376
1.04116,0.910714,177.262
1.04116,0.919643,176.903
1.04116,0.928571,176.789
1.04116,0.9375,176.561
1.04116,0.946429,176.518
1.04116,0.955357,173.991
1.04116,0.964286,175.133
1.04116,0.973214,175.019
1.04116,0.982143,173.791
1.04116,0.991071,172.378
1.04116,1,171.492
1.04116,1.00893,174.905
1.04116,1.01786,175.133
1.04116,1.02679,175.247
1.04116,1.03571,174.475
1.04116,1.04464,176.002
1.04116,1.05357,174.703
1.04116,1.0625,175.991
1.04116,1.07143,175.105
1.04116,1.08036,175.148
1.04116,1.08929,176.191
1.04116,1.09821,177.006
1.04116,1.10714,175.821
1.04116,1.11607,175.163
1.04116,1.125,175.494
1.04116,1.13393,175.597
1.04116,1.14286,173.156
1.04116,1.15179,169.416
1.04116,1.16071,168.491
1.04116,1.16964,165.925
1.04116,1.17857,168.359
1.04116,1.1875,161.978
1.04116,1.19643,162.281
1.04116,1.20536,155.417
1.04116,1.21429,148.749
1.04116,1.22321,141.277
1.04116,1.23214,137.908
1.04116,1.24107,132.023
1.04116,1.25,131.116
1.04116,1.25893,117.437
1.04116,1.26786,118.573
1.04116,1.27679,109.296
1.04116,1.28571,107.318
1.04116,1.29464,101.03
1.04116,1.30357,100.856
1.04116,1.3125,98.465
1.04116,1.32143,95.188
1.04116,1.33036,92.9
1.04116,1.33929,87.911
1.04116,1.34821,89.21
1.04116,1.35714,91.221
1.04116,1.36607,87.449
1.04116,1.375,84.449
1.04116,1.38393,84.449
1.04116,1.39286,84.449
1.04116,1.40179,85.449
1.04116,1.41071,85.449
1.04116,1.41964,85.449
1.04116,1.42857,85.161
1.04116,1.4375,83.873
1.04116,1.44643,84.596
1.04116,1.45536,85.607
1.04116,1.46429,86.162
1.04116,1.47321,88.141
1.04116,1.48214,92.141
1.04116,1.49107,89.44
1.04116,1.5,87.511
1.04116,1.50893,93.006
1.04116,1.51786,92.512
1.03148,0,214.913
1.03148,0.00892857,209.748
1.03148,0.0178571,166.638
1.03148,0.0267857,153.14
1.03148,0.0357143,152.727
1.03148,0.0446429,153.064
1.03148,0.0535714,156.325
1.03148,0.0625,154.961
1.03148,0.0714286,126.879
1.03148,0.0803571,57.18
1.03148,0.0892857,56.286
1.03148,0.0982143,57.557
1.03148,0.107143,57.671
1.03148,0.116071,57.671
1.03148,0.125,57.671
1.03148,0.133929,57.671
1.03148,0.142857,57.671
1.03148,0.151786,57.671
1.03148,0.160714,57.66
1.03148,0.169643,58.361
1.03148,0.178571,57.166
1.03148,0.1875,57.503
1.03148,0.196429,71.079
1.03148,0.205357,155.153
1.03148,0.214286,154.178
1.03148,0.223214,154.645
1.03148,0.232143,150.428
1.03148,0.241071,147.798
1.03148,0.25,153.097
1.03148,0.258929,152.798
1.03148,0.267857,152.51
1.03148,0.276786,152.51
1.03148,0.285714,150.809
1.03148,0.294643,150.396
1.03148,0.303571,151.097
1.03148,0.3125,154.097
1.03148,0.321429,152.396
1.03148,0.330357,151.51
1.03148,0.339286,150.396
1.03148,0.348214,154.684
1.03148,0.357143,154.499
1.03148,0.366071,155.374
1.03148,0.375,156.004
1.03148,0.383929,156.004
1.03148,0.392857,158.694
1.03148,0.401786,155.281
1.03148,0.410714,154.58
1.03148,0.419643,158.281
1.03148,0.428571,160.58
1.03148,0.4375,157.982
1.03148,0.446429,156.27
1.03148,0.455357,158.167
1.03148,0.464286,161.466
1.03148,0.473214,161.765
1.03148,0.482143,159.765
1.03148,0.491071,163.124
1.03148,0.5,161.825
1.03148,0.508929,161.569
1.03148,0.517857,161.982
1.03148,0.526786,161.281
1.03148,0.535714,158.765
1.03148,0.544643,164.765
1.03148,0.553571,162.352
1.03148,0.5625,163.053
1.03148,0.571429,160.64
1.03148,0.580357,160.167
1.03148,0.589286,161.836
1.03148,0.598214,163.619
1.03148,0.607143,161.679
1.03148,0.616071,161.195
1.03148,0.625,163.081
1.03148,0.633929,162.793
1.03148,0.642857,162.69
1.03148,0.651786,167.174
1.03148,0.660714,164.245
1.03148,0.669643,164.8
1.03148,0.678571,170.409
1.03148,0.6875,167.893
1.03148,0.696429,170.85
1.03148,0.705357,169.861
1.03148,0.714286,171.562
1.03148,0.723214,168.975
1.03148,0.732143,168.377
1.03148,0.741071,169.366
1.03148,0.75,168.665
1.03148,0.758929,169.85
1.03148,0.767857,169.921
1.03148,0.776786,169.633
1.03148,0.785714,168.861
1.03148,0.794643,170.53
1.03148,0.803571,172.612
1.03148,0.8125,172.754
1.03148,0.821429,172.825
1.03148,0.830357,175.238
1.03148,0.839286,174.825
1.03148,0.848214,174.537
1.03148,0.857143,174.722
1.03148,0.866071,176.494
1.03148,0.875,176.565
1.03148,0.883929,176.636
1.03148,0.892857,176.234
1.03148,0.901786,175.892
1.03148,0.910714,175.903
1.03148,0.919643,177.12
1.03148,0.928571,176.892
1.03148,0.9375,176.675
1.03148,0.946429,176.92
1.03148,0.955357,175.991
1.03148,0.964286,174.649
1.03148,0.973214,174.247
1.03148,0.982143,173.019
1.03148,0.991071,175.905
1.03148,1,175.133
1.03148,1.00893,175.361
1.03148,1.01786,174.361
1.03148,1.02679,173.475
1.03148,1.03571,175.002
1.03148,1.04464,174.002
1.03148,1.05357,175.404
1.03148,1.0625,173.991
1.03148,1.07143,175.105
1.03148,1.08036,177.034
1.03148,1.08929,177.778
1.03148,1.09821,178.006
1.03148,1.10714,177.821
1.03148,1.11607,176.864
1.03148,1.125,177.38
1.03148,1.13393,175.597
1.03148,1.14286,172.156
1.03148,1.15179,169.715
1.03148,1.16071,169.263
1.03148,1.16964,166.811
1.03148,1.17857,168.245
1.03148,1.1875,160.277
1.03148,1.19643,160.281
1.03148,1.20536,156.004
1.03148,1.21429,151.037
1.03148,1.22321,148.782
1.03148,1.23214,138.31
1.03148,1.24107,138.599
1.03148,1.25,132.518
1.03148,1.25893,123.426
1.03148,1.26786,114.459
1.03148,1.27679,113.296
1.03148,1.28571,112.492
1.03148,1.29464,103.731
1.03148,1.30357,97.856
1.03148,1.3125,101.166
1.03148,1.32143,97.188
1.03148,1.33036,94.9
1.03148,1.33929,90.911
1.03148,1.34821,90.21
1.03148,1.35714,89.221
1.03148,1.36607,87.449
1.03148,1.375,85.449
1.03148,1.38393,85.449
1.03148,1.39286,85.449
1.03148,1.40179,85.449
1.03148,1.41071,85.449
1.03148,1.41964,85.449
1.03148,1.42857,85.161
1.03148,1.4375,84.286
1.03148,1.44643,85.183
1.03148,1.45536,86.194
1.03148,1.46429,85.977
1.03148,1.47321,87.429
1.03148,1.48214,89.739
1.03148,1.49107,91.636
1.03148,1.5,88.821
1.03148,1.50893,92.419
1.03148,1.51786,92.914
1.02179,0,252.989
1.02179,0.00892857,250.01
1.02179,0.0178571,170.408
1.02179,0.0267857,142.38
1.02179,0.0357143,146.266
1.02179,0.0446429,147.521
1.02179,0.0535714,151.336
1.02179,0.0625,150.706
1.02179,0.0714286,133.237
1.02179,0.0803571,56.995
1.02179,0.0892857,56.492
1.02179,0.0982143,57.258
1.02179,0.107143,57.671
1.02179,0.116071,57.671
1.02179,0.125,57.671
1.02179,0.133929,57.671
1.02179,0.142857,57.671
1.02179,0.151786,57.671
1.02179,0.160714,57.372
1.02179,0.169643,57.383
1.02179,0.178571,57.084
1.02179,0.1875,57.432
1.02179,0.196429,86.687
1.02179,0.205357,148.555
1.02179,0.214286,146.945
1.02179,0.223214,146.472
1.02179,0.232143,148.771
1.02179,0.241071,140.44
1.02179,0.25,143.141
1.02179,0.258929,148.554
1.02179,0.267857,146.739
1.02179,0.276786,144.554
1.02179,0.285714,144.152
1.02179,0.294643,146.152
1.02179,0.303571,146.44
1.02179,0.3125,147.554
1.02179,0.321429,146.44
1.02179,0.330357,146.141
1.02179,0.339286,142.44
1.02179,0.348214,149.842
1.02179,0.357143,147.842
1.02179,0.366071,146.532
1.02179,0.375,148.749
1.02179,0.383929,149.624
1.02179,0.392857,152.026
1.02179,0.401786,156.602
1.02179,0.410714,154.716
1.02179,0.419643,151.417
1.02179,0.428571,150.417
1.02179,0.4375,152.004
1.02179,0.446429,155.705
1.02179,0.455357,156.58
1.02179,0.464286,158.281
1.02179,0.473214,153.281
1.02179,0.482143,156.64
1.02179,0.491071,157.341
1.02179,0.5,160.053
1.02179,0.508929,160.27
1.02179,0.517857,158.982
1.02179,0.526786,158.982
1.02179,0.535714,160.053
1.02179,0.544643,157.053
1.02179,0.553571,156.053
1.02179,0.5625,161.341
1.02179,0.571429,158.042
1.02179,0.580357,158.085
1.02179,0.589286,157.281
1.02179,0.598214,158.879
1.02179,0.607143,158.352
1.02179,0.616071,156.156
1.02179,0.625,158.569
1.02179,0.633929,160.395
1.02179,0.642857,157.526
1.02179,0.651786,164.184
1.02179,0.660714,161.195
1.02179,0.669643,161.864
1.02179,0.678571,164.772
1.02179,0.6875,165.74
1.02179,0.696429,166.164
1.02179,0.705357,165.822
1.02179,0.714286,168.594
1.02179,0.723214,167.996
1.02179,0.732143,168.11
1.02179,0.741071,168.11
1.02179,0.75,166.409
1.02179,0.758929,169.295
1.02179,0.767857,168.953
1.02179,0.776786,168.138
1.02179,0.785714,168.79
1.02179,0.794643,167.089
1.02179,0.803571,171.117
1.02179,0.8125,172.302
1.02179,0.821429,172.786
1.02179,0.830357,173.199
1.02179,0.839286,173.085
1.02179,0.848214,173.156
1.02179,0.857143,172.939
1.02179,0.866071,174.412
1.02179,0.875,174.896
1.02179,0.883929,174.967
1.02179,0.892857,175.451
1.02179,0.901786,176.821
1.02179,0.910714,177.12
1.02179,0.919643,177.12
1.02179,0.928571,177.006
1.02179,0.9375,176.892
1.02179,0.946429,176.675
1.02179,0.955357,177.561
1.02179,0.964286,176.333
1.02179,0.973214,175.518
1.02179,0.982143,175.404
1.02179,0.991071,174.877
1.02179,1,175.877
1.02179,1.00893,173.991
1.02179,1.01786,174.105
1.02179,1.02679,175.105
1.02179,1.03571,177.105
1.02179,1.04464,177.105
1.02179,1.05357,176.105
1.02179,1.0625,174.806
1.02179,1.07143,175.92
1.02179,1.08036,177.148
1.02179,1.08929,177.305
1.02179,1.09821,176.821
1.02179,1.10714,177.049
1.02179,1.11607,175.864
1.02179,1.125,175.38
1.02179,1.13393,173.597
1.02179,1.14286,172.455
1.02179,1.15179,172.601
1.02179,1.16071,170.562
1.02179,1.16964,169.697
1.02179,1.17857,165.658
1.02179,1.1875,164.576
1.02179,1.19643,161.64
1.02179,1.20536,156.406
1.02179,1.21429,150.613
1.02179,1.22321,147.472
1.02179,1.23214,139.815
1.02179,1.24107,136.517
1.02179,1.25,129.322
1.02179,1.25893,123.714
1.02179,1.26786,122.861
1.02179,1.27679,112.182
1.02179,1.28571,110.905
1.02179,1.29464,107.133
1.02179,1.30357,101.144
1.02179,1.3125,98.166
1.02179,1.32143,94.889
1.02179,1.33036,91.9
1.02179,1.33929,91.911
1.02179,1.34821,89.21
1.02179,1.35714,89.221
1.02179,1.36607,87.449
1.02179,1.375,85.449
1.02179,1.38393,85.449
1.02179,1.39286,85.449
1.02179,1.40179,85.449
1.02179,1.41071,85.449
1.02179,1.41964,85.449
1.02179,1.42857,85.161
1.02179,1.4375,83.873
1.02179,1.44643,84.884
1.02179,1.45536,85.596
1.02179,1.46429,85.966
1.02179,1.47321,86.059
1.02179,1.48214,87.853
1.02179,1.49107,90.462
1.02179,1.5,90.832
1.02179,1.50893,91.903
1.02179,1.51786,87.615
1.01211,0,251.712
1.01211,0.00892857,252.527
1.01211,0.0178571,162.224
1.01211,0.0267857,139.897
1.01211,0.0357143,144.968
1.01211,0.0446429,144.223
1.01211,0.0535714,143.945
1.01211,0.0625,145.06
1.01211,0.0714286,136.503
1.01211,0.0803571,58.283
1.01211,0.0892857,56.019
1.01211,0.0982143,57.258
1.01211,0.107143,57.671
1.01211,0.116071,57.671
1.01211,0.125,57.671
1.01211,0.133929,57.671
1.01211,0.142857,57.671
1.01211,0.151786,57.671
1.01211,0.160714,57.568
1.01211,0.169643,56.682
1.01211,0.178571,56.774
1.01211,0.1875,58.535
1.01211,0.196429,95.953
1.01211,0.205357,142.783
1.01211,0.214286,141.071
1.01211,0.223214,139.484
1.01211,0.232143,142.897
1.01211,0.241071,140.897
1.01211,0.25,143.897
1.01211,0.258929,144.609
1.01211,0.267857,144.196
1.01211,0.276786,139.897
1.01211,0.285714,141.196
1.01211,0.294643,138.609
1.01211,0.303571,138.897
1.01211,0.3125,138.196
1.01211,0.321429,137.196
1.01211,0.330357,139.31
1.01211,0.339286,141.185
1.01211,0.348214,144.473
1.01211,0.357143,140.886
1.01211,0.366071,142.875
1.01211,0.375,143.152
1.01211,0.383929,147.141
1.01211,0.392857,146.945
1.01211,0.401786,145.119
1.01211,0.410714,151.108
1.01211,0.419643,151.396
1.01211,0.428571,147.396
1.01211,0.4375,148.037
1.01211,0.446429,152.026
1.01211,0.455357,152.015
1.01211,0.464286,157.694
1.01211,0.473214,155.281
1.01211,0.482143,159.281
1.01211,0.491071,155.982
1.01211,0.5,156.281
1.01211,0.508929,158.982
1.01211,0.517857,158.982
1.01211,0.526786,158.982
1.01211,0.535714,158.982
1.01211,0.544643,159.341
1.01211,0.553571,161.341
1.01211,0.5625,162.341
1.01211,0.571429,158.042
1.01211,0.580357,160.857
1.01211,0.589286,156.167
1.01211,0.598214,157.765
1.01211,0.607143,159.053
1.01211,0.616071,156.683
1.01211,0.625,157.612
1.01211,0.633929,158.623
1.01211,0.642857,155.27
1.01211,0.651786,159.743
1.01211,0.660714,159.227
1.01211,0.669643,158.939
1.01211,0.678571,161.021
1.01211,0.6875,164.032
1.01211,0.696429,165.103
1.01211,0.705357,165.701
1.01211,0.714286,167.626
1.01211,0.723214,169.398
1.01211,0.732143,168.74
1.01211,0.741071,164.74
1.01211,0.75,164.099
1.01211,0.758929,167.996
1.01211,0.767857,166.067
1.01211,0.776786,168.779
1.01211,0.785714,169.708
1.01211,0.794643,167.48
1.01211,0.803571,168.964
1.01211,0.8125,168.562
1.01211,0.821429,172.334
1.01211,0.830357,166.932
1.01211,0.839286,171.932
1.01211,0.848214,170.302
1.01211,0.857143,172.085
1.01211,0.866071,171.857
1.01211,0.875,171.928
1.01211,0.883929,174.412
1.01211,0.892857,175.896
1.01211,0.901786,175.266
1.01211,0.910714,174.679
1.01211,0.919643,176.935
1.01211,0.928571,176.821
1.01211,0.9375,176.821
1.01211,0.946429,177.006
1.01211,0.955357,176.131
1.01211,0.964286,176.789
1.01211,0.973214,177.376
1.01211,0.982143,176.088
1.01211,0.991071,175.632
1.01211,1,174.632
1.01211,1.00893,173.632
1.01211,1.01786,175.746
1.01211,1.02679,174.746
1.01211,1.03571,174.746
1.01211,1.04464,176.746
1.01211,1.05357,175.447
1.01211,1.0625,176.92
1.01211,1.07143,177.148
1.01211,1.08036,176.191
1.01211,1.08929,178.006
1.01211,1.09821,176.821
1.01211,1.10714,177.049
1.01211,1.11607,175.864
1.01211,1.125,175.021
1.01211,1.13393,173.711
1.01211,1.14286,172.156
1.01211,1.15179,171.601
1.01211,1.16071,170.562
1.01211,1.16964,170.398
1.01211,1.17857,159.245
1.01211,1.1875,165.804
1.01211,1.19643,158.64
1.01211,1.20536,156.352
1.01211,1.21429,154.417
1.01211,1.22321,150.635
1.01211,1.23214,144.38
1.01211,1.24107,141.908
1.01211,1.25,134.599
1.01211,1.25893,127.817
1.01211,1.26786,115.562
1.01211,1.27679,114.584
1.01211,1.28571,109.894
1.01211,1.29464,105.72
1.01211,1.30357,100.845
1.01211,1.3125,98.155
1.01211,1.32143,92.889
1.01211,1.33036,90.9
1.01211,1.33929,91.9
1.01211,1.34821,89.21
1.01211,1.35714,89.221
1.01211,1.36607,87.449
1.01211,1.375,84.161
1.01211,1.38393,84.161
1.01211,1.39286,84.449
1.01211,1.40179,85.449
1.01211,1.41071,85.449
1.01211,1.41964,85.449
1.01211,1.42857,85.449
1.01211,1.4375,82.987
1.01211,1.44643,83.884
1.01211,1.45536,84.596
1.01211,1.46429,85.265
1.01211,1.47321,87.048
1.01211,1.48214,89.38
1.01211,1.49107,92.462
1.01211,1.5,91.245
1.01211,1.50893,93.131
1.01211,1.51786,89.903
1.00242,0,239.644
1.00242,0.00892857,242.785
1.00242,0.0178571,164.288
1.00242,0.0267857,135.577
1.00242,0.0357143,137.702
1.00242,0.0446429,139.267
1.00242,0.0535714,135.576
1.00242,0.0625,137.115
1.00242,0.0714286,133.742
1.00242,0.0803571,58.087
1.00242,0.0892857,58.617
1.00242,0.0982143,57.557
1.00242,0.107143,57.671
1.00242,0.116071,57.671
1.00242,0.125,57.671
1.00242,0.133929,57.671
1.00242,0.142857,57.671
1.00242,0.151786,57.671
1.00242,0.160714,58.155
1.00242,0.169643,57.682
1.00242,0.178571,59.062
1.00242,0.1875,57.154
1.00242,0.196429,100.86
1.00242,0.205357,136.702
1.00242,0.214286,136.838
1.00242,0.223214,130.083
1.00242,0.232143,137.126
1.00242,0.241071,137.3
1.00242,0.25,134.3
1.00242,0.258929,134.713
1.00242,0.267857,134.713
1.00242,0.276786,135.3
1.00242,0.285714,138.713
1.00242,0.294643,136.713
1.00242,0.303571,133.599
1.00242,0.3125,138.713
1.00242,0.321429,134.115
1.00242,0.330357,135.99
1.00242,0.339286,136.99
1.00242,0.348214,139.392
1.00242,0.357143,132.392
1.00242,0.366071,133.392
1.00242,0.375,140.495
1.00242,0.383929,144.897
1.00242,0.392857,144.473
1.00242,0.401786,148.864
1.00242,0.410714,140.44
1.00242,0.419643,147.141
1.00242,0.428571,150.141
1.00242,0.4375,150.771
1.00242,0.446429,148.059
1.00242,0.455357,153.048
1.00242,0.464286,153.727
1.00242,0.473214,156.015
1.00242,0.482143,154.705
1.00242,0.491071,153.58
1.00242,0.5,159.694
1.00242,0.508929,158.808
1.00242,0.517857,160.281
1.00242,0.526786,160.281
1.00242,0.535714,158.982
1.00242,0.544643,157.982
1.00242,0.553571,162.341
1.00242,0.5625,161.341
1.00242,0.571429,158.341
1.00242,0.580357,157.341
1.00242,0.589286,158.124
1.00242,0.598214,165.135
1.00242,0.607143,161.836
1.00242,0.616071,157.754
1.00242,0.625,158.096
1.00242,0.633929,156.509
1.00242,0.642857,157.808
1.00242,0.651786,157.509
1.00242,0.660714,159.281
1.00242,0.669643,160.982
1.00242,0.678571,158.868
1.00242,0.6875,159.868
1.00242,0.696429,158.455
1.00242,0.705357,162.053
1.00242,0.714286,164.359
1.00242,0.723214,163.142
1.00242,0.732143,162.43
1.00242,0.741071,165.142
1.00242,0.75,167.8
1.00242,0.758929,166.996
1.00242,0.767857,170.067
1.00242,0.776786,169.366
1.00242,0.785714,168.11
1.00242,0.794643,166.409
1.00242,0.803571,167.996
1.00242,0.8125,169.295
1.00242,0.821429,170.181
1.00242,0.830357,167.366
1.00242,0.839286,170.366
1.00242,0.848214,168.035
1.00242,0.857143,171.117
1.00242,0.866071,170.302
1.00242,0.875,172.487
1.00242,0.883929,173.558
1.00242,0.892857,174.227
1.00242,0.901786,176.01
1.00242,0.910714,176.124
1.00242,0.919643,175.38
1.00242,0.928571,175.565
1.00242,0.9375,177.049
1.00242,0.946429,176.935
1.00242,0.955357,176.647
1.00242,0.964286,176.533
1.00242,0.973214,177.131
1.00242,0.982143,177.017
1.00242,0.991071,176.675
1.00242,1,176.262
1.00242,1.00893,176.262
1.00242,1.01786,177.262
1.00242,1.02679,177.262
1.00242,1.03571,178.262
1.00242,1.04464,176.262
1.00242,1.05357,177.148
1.00242,1.0625,176.148
1.00242,1.07143,177.262
1.00242,1.08036,176.778
1.00242,1.08929,176.707
1.00242,1.09821,176.821
1.00242,1.10714,177.049
1.00242,1.11607,174.793
1.00242,1.125,174.722
1.00242,1.13393,172.825
1.00242,1.14286,173.455
1.00242,1.15179,173.074
1.00242,1.16071,167.921
1.00242,1.16964,164.697
1.00242,1.17857,163.359
1.00242,1.1875,162.804
1.00242,1.19643,161.341
1.00242,1.20536,158.341
1.00242,1.21429,155.993
1.00242,1.22321,151.325
1.00242,1.23214,146.771
1.00242,1.24107,142.772
1.00242,1.25,136.001
1.00242,1.25893,130.344
1.00242,1.26786,121.263
1.00242,1.27679,118.872
1.00242,1.28571,109.894
1.00242,1.29464,108.834
1.00242,1.30357,103.432
1.00242,1.3125,100.856
1.00242,1.32143,95.291
1.00242,1.33036,94.188
1.00242,1.33929,91.9
1.00242,1.34821,90.911
1.00242,1.35714,88.221
1.00242,1.36607,89.161
1.00242,1.375,86.161
1.00242,1.38393,85.161
1.00242,1.39286,85.161
1.00242,1.40179,84.449
1.00242,1.41071,84.449
1.00242,1.41964,84.449
1.00242,1.42857,84.449
1.00242,1.4375,83.574
1.00242,1.44643,83.873
1.00242,1.45536,84.884
1.00242,1.46429,84.955
1.00242,1.47321,85.749
1.00242,1.48214,86.369
1.00242,1.49107,89.462
1.00242,1.5,91.473
1.00242,1.50893,92.533
1.00242,1.51786,91.903
0.992736,0,135.948
0.992736,0.00892857,128.564
0.992736,0.0178571,126.318
0.992736,0.0267857,131.268
0.992736,0.0357143,125.92
0.992736,0.0446429,133.393
0.992736,0.0535714,133.93
0.992736,0.0625,126.458
0.992736,0.0714286,128.177
0.992736,0.0803571,62.983
0.992736,0.0892857,55.546
0.992736,0.0982143,57.557
0.992736,0.107143,57.671
0.992736,0.116071,57.671
0.992736,0.125,57.671
0.992736,0.133929,57.671
0.992736,0.142857,57.671
0.992736,0.151786,57.671
0.992736,0.160714,56.97
0.992736,0.169643,56.785
0.992736,0.178571,57.301
0.992736,0.1875,57.371
0.992736,0.196429,107.191
0.992736,0.205357,125.561
0.992736,0.214286,129.529
0.992736,0.223214,126.198
0.992736,0.232143,130.828
0.992736,0.241071,128.529
0.992736,0.25,125.817
0.992736,0.258929,126.703
0.992736,0.267857,127.817
0.992736,0.276786,127.404
0.992736,0.285714,127.806
0.992736,0.294643,129.219
0.992736,0.303571,127.817
0.992736,0.3125,127.404
0.992736,0.321429,126.105
0.992736,0.330357,134.507
0.992736,0.339286,129.795
0.992736,0.348214,132.67
0.992736,0.357143,130.784
0.992736,0.366071,131.083
0.992736,0.375,134.61
0.992736,0.383929,139.713
0.992736,0.392857,132.99
0.992736,0.401786,136.68
0.992736,0.410714,139.256
0.992736,0.419643,139.37
0.992736,0.428571,139.658
0.992736,0.4375,142.163
0.992736,0.446429,143.853
0.992736,0.455357,146.554
0.992736,0.464286,149.358
0.992736,0.473214,147.76
0.992736,0.482143,149.037
0.992736,0.491071,153.015
0.992736,0.5,152.303
0.992736,0.508929,155.819
0.992736,0.517857,155.107
0.992736,0.526786,157.808
0.992736,0.535714,157.281
0.992736,0.544643,156.982
0.992736,0.553571,155.982
0.992736,0.5625,160.281
0.992736,0.571429,160.64
0.992736,0.580357,158.526
0.992736,0.589286,160.124
0.992736,0.598214,161.847
0.992736,0.607143,156.722
0.992736,0.616071,157.526
0.992736,0.625,159.455
0.992736,0.633929,156.281
0.992736,0.642857,159.107
0.992736,0.651786,157.107
0.992736,0.660714,155.808
0.992736,0.669643,157.509
0.992736,0.678571,157.384
0.992736,0.6875,157.085
0.992736,0.696429,155.085
0.992736,0.705357,157.971
0.992736,0.714286,163.505
0.992736,0.723214,159.288
0.992736,0.732143,163.989
0.992736,0.741071,163.288
0.992736,0.75,164.658
0.992736,0.758929,165.914
0.992736,0.767857,168.099
0.992736,0.776786,167.409
0.992736,0.785714,165.11
0.992736,0.794643,167.099
0.992736,0.803571,167.099
0.992736,0.8125,166.74
0.992736,0.821429,165.925
0.992736,0.830357,169.398
0.992736,0.839286,168.996
0.992736,0.848214,168.48
0.992736,0.857143,169.85
0.992736,0.866071,170.035
0.992736,0.875,170.519
0.992736,0.883929,169.715
0.992736,0.892857,173.786
0.992736,0.901786,172.868
0.992736,0.910714,173.64
0.992736,0.919643,174.782
0.992736,0.928571,174.793
0.992736,0.9375,175.679
0.992736,0.946429,175.565
0.992736,0.955357,177.163
0.992736,0.964286,176.935
0.992736,0.973214,176.647
0.992736,0.982143,176.533
0.992736,0.991071,177.017
0.992736,1,175.903
0.992736,1.00893,175.903
0.992736,1.01786,176.789
0.992736,1.02679,177.262
0.992736,1.03571,177.262
0.992736,1.04464,175.148
0.992736,1.05357,176.148
0.992736,1.0625,175.789
0.992736,1.07143,176.305
0.992736,1.08036,177.12
0.992736,1.08929,176.935
0.992736,1.09821,177.049
0.992736,1.10714,176.565
0.992736,1.11607,174.793
0.992736,1.125,173.836
0.992736,1.13393,175.711
0.992736,1.14286,172.042
0.992736,1.15179,171.373
0.992736,1.16071,168.508
0.992736,1.16964,163.583
0.992736,1.17857,166.359
0.992736,1.1875,162.804
0.992736,1.19643,161.124
0.992736,1.20536,158.341
0.992736,1.21429,157.352
0.992736,1.22321,155.716
0.992736,1.23214,149.347
0.992736,1.24107,140.587
0.992736,1.25,136.218
0.992736,1.25893,128.219
0.992736,1.26786,119.437
0.992736,1.27679,114.872
0.992736,1.28571,111.296
0.992736,1.29464,107.421
0.992736,1.30357,106.834
0.992736,1.3125,99.856
0.992736,1.32143,95.579
0.992736,1.33036,99.188
0.992736,1.33929,91.9
0.992736,1.34821,90.911
0.992736,1.35714,87.922
0.992736,1.36607,87.161
0.992736,1.375,86.161
0.992736,1.38393,85.161
0.992736,1.39286,84.161
0.992736,1.40179,84.449
0.992736,1.41071,84.449
0.992736,1.41964,84.449
0.992736,1.42857,84.449
0.992736,1.4375,83.574
0.992736,1.44643,83.873
0.992736,1.45536,84.884
0.992736,1.46429,84.069
0.992736,1.47321,85.037
0.992736,1.48214,86.945
0.992736,1.49107,87.967
0.992736,1.5,89.451
0.992736,1.50893,91.821
0.992736,1.51786,91.544
0.983051,0,130.821
0.983051,0.00892857,122.725
0.983051,0.0178571,123.263
0.983051,0.0267857,124.964
0.983051,0.0357143,121.437
0.983051,0.0446429,120.747
0.983051,0.0535714,119.583
0.983051,0.0625,125.306
0.983051,0.0714286,126.199
0.983051,0.0803571,75.629
0.983051,0.0892857,56.638
0.983051,0.0982143,57.372
0.983051,0.107143,57.671
0.983051,0.116071,57.671
0.983051,0.125,57.671
0.983051,0.133929,57.671
0.983051,0.142857,57.671
0.983051,0.151786,57.671
0.983051,0.160714,57.258
0.983051,0.169643,56.475
0.983051,0.178571,56.714
0.983051,0.1875,58.648
0.983051,0.196429,115.767
0.983051,0.205357,125.306
0.983051,0.214286,123.138
0.983051,0.223214,117.704
0.983051,0.232143,118.747
0.983051,0.241071,113.861
0.983051,0.25,115.448
0.983051,0.258929,120.448
0.983051,0.267857,120.861
0.983051,0.276786,127.562
0.983051,0.285714,119.551
0.983051,0.294643,117.551
0.983051,0.303571,115.861
0.983051,0.3125,119.861
0.983051,0.321429,124.551
0.983051,0.330357,125.426
0.983051,0.339286,126.828
0.983051,0.348214,123.529
0.983051,0.357143,131.828
0.983051,0.366071,135.529
0.983051,0.375,129.045
0.983051,0.383929,127.333
0.983051,0.392857,132.023
0.983051,0.401786,133.713
0.983051,0.410714,132.588
0.983051,0.419643,135.99
0.983051,0.428571,137.289
0.983051,0.4375,141.555
0.983051,0.446429,143.234
0.983051,0.455357,144.06
0.983051,0.464286,148.886
0.983051,0.473214,144.277
0.983051,0.482143,146.255
0.983051,0.491071,150.749
0.983051,0.5,151.314
0.983051,0.508929,153.83
0.983051,0.517857,154.118
0.983051,0.526786,154.819
0.983051,0.535714,155.281
0.983051,0.544643,158.281
0.983051,0.553571,157.281
0.983051,0.5625,158.993
0.983051,0.571429,160.993
0.983051,0.580357,158.982
0.983051,0.589286,159.879
0.983051,0.598214,161.363
0.983051,0.607143,157.352
0.983051,0.616071,159.042
0.983051,0.625,154.857
0.983051,0.633929,159.096
0.983051,0.642857,155.096
0.983051,0.651786,156.096
0.983051,0.660714,155.096
0.983051,0.669643,155.096
0.983051,0.678571,154.096
0.983051,0.6875,157.395
0.983051,0.696429,156.808
0.983051,0.705357,158.509
0.983051,0.714286,161.053
0.983051,0.723214,158.352
0.983051,0.732143,162.939
0.983051,0.741071,161.836
0.983051,0.75,161.619
0.983051,0.758929,161.989
0.983051,0.767857,165.06
0.983051,0.776786,166.256
0.983051,0.785714,163.996
0.983051,0.794643,167.099
0.983051,0.803571,166.028
0.983051,0.8125,166.028
0.983051,0.821429,164.028
0.983051,0.830357,167.327
0.983051,0.839286,167.099
0.983051,0.848214,167.697
0.983051,0.857143,167.181
0.983051,0.866071,169.252
0.983051,0.875,168.736
0.983051,0.883929,168.117
0.983051,0.892857,171.715
0.983051,0.901786,172.683
0.983051,0.910714,174.156
0.983051,0.919643,176.423
0.983051,0.928571,175.722
0.983051,0.9375,176.081
0.983051,0.946429,174.793
0.983051,0.955357,176.565
0.983051,0.964286,176.935
0.983051,0.973214,176.935
0.983051,0.982143,177.12
0.983051,0.991071,177.12
0.983051,1,177.12
0.983051,1.00893,177.006
0.983051,1.01786,176.778
0.983051,1.02679,175.664
0.983051,1.03571,177.251
0.983051,1.04464,176.023
0.983051,1.05357,177.436
0.983051,1.0625,176.305
0.983051,1.07143,177.006
0.983051,1.08036,177.12
0.983051,1.08929,176.821
0.983051,1.09821,176.451
0.983051,1.10714,176.565
0.983051,1.11607,174.793
0.983051,1.125,172.836
0.983051,1.13393,175.711
0.983051,1.14286,171.401
0.983051,1.15179,170.487
0.983051,1.16071,168.921
0.983051,1.16964,166.583
0.983051,1.17857,164.473
0.983051,1.1875,160.918
0.983051,1.19643,159.537
0.983051,1.20536,156.053
0.983051,1.21429,156.053
0.983051,1.22321,156.303
0.983051,1.23214,143.635
0.983051,1.24107,144.875
0.983051,1.25,133.805
0.983051,1.25893,126.92
0.983051,1.26786,125.437
0.983051,1.27679,112.459
0.983051,1.28571,112.296
0.983051,1.29464,109.709
0.983051,1.30357,103.133
0.983051,1.3125,104.557
0.983051,1.32143,98.166
0.983051,1.33036,95.889
0.983051,1.33929,91.188
0.983051,1.34821,90.911
0.983051,1.35714,87.509
0.983051,1.36607,86.161
0.983051,1.375,86.161
0.983051,1.38393,86.161
0.983051,1.39286,85.161
0.983051,1.40179,84.449
0.983051,1.41071,84.449
0.983051,1.41964,84.449
0.983051,1.42857,84.449
0.983051,1.4375,83.862
0.983051,1.44643,84.161
0.983051,1.45536,84.286
0.983051,1.46429,85.069
0.983051,1.47321,85.564
0.983051,1.48214,87.059
0.983051,1.49107,88.956
0.983051,1.5,88.141
0.983051,1.50893,91.223
0.983051,1.51786,91.544
0.973366,0,130.658
0.973366,0.00892857,113.046
0.973366,0.0178571,114.008
0.973366,0.0267857,119.709
0.973366,0.0357143,114.872
0.973366,0.0446429,118.834
0.973366,0.0535714,113.812
0.973366,0.0625,119.502
0.973366,0.0714286,117.737
0.973366,0.0803571,80.813
0.973366,0.0892857,58.915
0.973366,0.0982143,57.372
0.973366,0.107143,57.671
0.973366,0.116071,57.671
0.973366,0.125,57.671
0.973366,0.133929,57.671
0.973366,0.142857,57.671
0.973366,0.151786,57.671
0.973366,0.160714,57.546
0.973366,0.169643,55.763
0.973366,0.178571,56.899
0.973366,0.1875,59.968
0.973366,0.196429,116.81
0.973366,0.205357,114.741
0.973366,0.214286,118.448
0.973366,0.223214,119.128
0.973366,0.232143,120.481
0.973366,0.241071,113.883
0.973366,0.25,115.883
0.973366,0.258929,118.883
0.973366,0.267857,118.584
0.973366,0.276786,112.47
0.973366,0.285714,114.584
0.973366,0.294643,122.47
0.973366,0.303571,114.296
0.973366,0.3125,114.883
0.973366,0.321429,124.573
0.973366,0.330357,114.861
0.973366,0.339286,124.562
0.973366,0.348214,116.85
0.973366,0.357143,120.861
0.973366,0.366071,118.85
0.973366,0.375,124.768
0.973366,0.383929,125.056
0.973366,0.392857,125.344
0.973366,0.401786,133.322
0.973366,0.410714,130.724
0.973366,0.419643,131.012
0.973366,0.428571,139.012
0.973366,0.4375,135.865
0.973366,0.446429,132.957
0.973366,0.455357,140.267
0.973366,0.464286,136.979
0.973366,0.473214,137.598
0.973366,0.482143,146.163
0.973366,0.491071,150.418
0.973366,0.5,152.912
0.973366,0.508929,146.026
0.973366,0.517857,151.542
0.973366,0.526786,151.417
0.973366,0.535714,155.107
0.973366,0.544643,154.281
0.973366,0.553571,159.982
0.973366,0.5625,156.694
0.973366,0.571429,160.107
0.973366,0.580357,160.085
0.973366,0.589286,161.395
0.973366,0.598214,157.58
0.973366,0.607143,156.982
0.973366,0.616071,157.971
0.973366,0.625,158.672
0.973366,0.633929,156.612
0.973366,0.642857,158.085
0.973366,0.651786,157.085
0.973366,0.660714,155.797
0.973366,0.669643,156.096
0.973366,0.678571,152.808
0.973366,0.6875,155.107
0.973366,0.696429,155.118
0.973366,0.705357,156.346
0.973366,0.714286,156.797
0.973366,0.723214,160.085
0.973366,0.732143,157.797
0.973366,0.741071,159.982
0.973366,0.75,156.694
0.973366,0.758929,160.363
0.973366,0.767857,162.907
0.973366,0.776786,159.875
0.973366,0.785714,162.8
0.973366,0.794643,166.914
0.973366,0.803571,166.028
0.973366,0.8125,166.43
0.973366,0.821429,167.142
0.973366,0.830357,165.028
0.973366,0.839286,166.327
0.973366,0.848214,166.099
0.973366,0.857143,167.996
0.973366,0.866071,170.594
0.973366,0.875,169.665
0.973366,0.883929,171.16
0.973366,0.892857,170.818
0.973366,0.901786,172.601
0.973366,0.910714,172.786
0.973366,0.919643,173.64
0.973366,0.928571,174.722
0.973366,0.9375,174.722
0.973366,0.946429,174.793
0.973366,0.955357,176.565
0.973366,0.964286,176.935
0.973366,0.973214,176.821
0.973366,0.982143,176.821
0.973366,0.991071,176.647
0.973366,1,178.12
0.973366,1.00893,178.006
0.973366,1.01786,177.778
0.973366,1.02679,176.664
0.973366,1.03571,177.55
0.973366,1.04464,176.023
0.973366,1.05357,176.963
0.973366,1.0625,176.305
0.973366,1.07143,177.006
0.973366,1.08036,177.821
0.973366,1.08929,176.935
0.973366,1.09821,176.451
0.973366,1.10714,176.565
0.973366,1.11607,174.793
0.973366,1.125,174.836
0.973366,1.13393,175.124
0.973366,1.14286,172.814
0.973366,1.15179,173.846
0.973366,1.16071,172.106
0.973366,1.16964,167.181
0.973366,1.17857,169.142
0.973366,1.1875,160.288
0.973366,1.19643,160.021
0.973366,1.20536,160.124
0.973366,1.21429,160.765
0.973366,1.22321,163.004
0.973366,1.23214,151.037
0.973366,1.24107,149.451
0.973366,1.25,143.207
0.973366,1.25893,132.61
0.973366,1.26786,134.426
0.973366,1.27679,117.562
0.973366,1.28571,116.883
0.973366,1.29464,107.823
0.973366,1.30357,111.133
0.973366,1.3125,100.557
0.973366,1.32143,104.166
0.973366,1.33036,94.889
0.973366,1.33929,95.188
0.973366,1.34821,94.313
0.973366,1.35714,90.21
0.973366,1.36607,88.748
0.973366,1.375,87.161
0.973366,1.38393,86.161
0.973366,1.39286,85.161
0.973366,1.40179,84.161
0.973366,1.41071,84.449
0.973366,1.41964,84.449
0.973366,1.42857,84.449
0.973366,1.4375,83.862
0.973366,1.44643,84.161
0.973366,1.45536,84.286
0.973366,1.46429,85.183
0.973366,1.47321,84.564
0.973366,1.48214,85.048
0.973366,1.49107,87.059
0.973366,1.5,87.429
0.973366,1.50893,90.511
0.973366,1.51786,90.957
0.96368,0,125.652
0.96368,0.00892857,112.225
0.96368,0.0178571,109.726
0.96368,0.0267857,113.161
0.96368,0.0357143,112.41
0.96368,0.0446429,111.926
0.96368,0.0535714,113.791
0.96368,0.0625,114.242
0.96368,0.0714286,114.492
0.96368,0.0803571,90.165
0.96368,0.0892857,58.154
0.96368,0.0982143,57.671
0.96368,0.107143,57.671
0.96368,0.116071,57.671
0.96368,0.125,57.671
0.96368,0.133929,57.671
0.96368,0.142857,57.671
0.96368,0.151786,57.671
0.96368,0.160714,57.899
0.96368,0.169643,57.486
0.96368,0.178571,58.204
0.96368,0.1875,64.608
0.96368,0.196429,114.678
0.96368,0.205357,112.73
0.96368,0.214286,112.758
0.96368,0.223214,111.84
0.96368,0.232143,111.78
0.96368,0.241071,108.595
0.96368,0.25,109.894
0.96368,0.258929,112.894
0.96368,0.267857,110.595
0.96368,0.276786,108.894
0.96368,0.285714,108.595
0.96368,0.294643,108.894
0.96368,0.303571,111.296
0.96368,0.3125,108.883
0.96368,0.321429,112.296
0.96368,0.330357,116.883
0.96368,0.339286,117.182
0.96368,0.348214,119.883
0.96368,0.357143,112.883
0.96368,0.366071,117.584
0.96368,0.375,115.861
0.96368,0.383929,120.149
0.96368,0.392857,123.839
0.96368,0.401786,123.127
0.96368,0.410714,128.105
0.96368,0.419643,130.692
0.96368,0.428571,127.681
0.96368,0.4375,132.909
0.96368,0.446429,137.311
0.96368,0.455357,132.702
0.96368,0.464286,137.278
0.96368,0.473214,140.267
0.96368,0.482143,141.071
0.96368,0.491071,141.935
0.96368,0.5,146.027
0.96368,0.508929,147.418
0.96368,0.517857,150.809
0.96368,0.526786,151.314
0.96368,0.535714,154.879
0.96368,0.544643,156.085
0.96368,0.553571,154.786
0.96368,0.5625,156.9
0.96368,0.571429,157.786
0.96368,0.580357,158.743
0.96368,0.589286,160.156
0.96368,0.598214,160.868
0.96368,0.607143,157.982
0.96368,0.616071,158.982
0.96368,0.625,156.096
0.96368,0.633929,157.509
0.96368,0.642857,159.395
0.96368,0.651786,159.281
0.96368,0.660714,157.281
0.96368,0.669643,156.395
0.96368,0.678571,159.808
0.96368,0.6875,151.808
0.96368,0.696429,156.036
0.96368,0.705357,155.21
0.96368,0.714286,158.797
0.96368,0.723214,156.982
0.96368,0.732143,157.281
0.96368,0.741071,155.993
0.96368,0.75,157.765
0.96368,0.758929,156.765
0.96368,0.767857,160.053
0.96368,0.776786,161.597
0.96368,0.785714,164.554
0.96368,0.794643,167.245
0.96368,0.803571,166.729
0.96368,0.8125,168.213
0.96368,0.821429,167.914
0.96368,0.830357,167.213
0.96368,0.839286,166.039
0.96368,0.848214,165.37
0.96368,0.857143,167.245
0.96368,0.866071,166.398
0.96368,0.875,170.996
0.96368,0.883929,168.409
0.96368,0.892857,169.708
0.96368,0.901786,169.975
0.96368,0.910714,170.829
0.96368,0.919643,173.868
0.96368,0.928571,174.352
0.96368,0.9375,175.124
0.96368,0.946429,175.722
0.96368,0.955357,175.793
0.96368,0.964286,175.864
0.96368,0.973214,176.935
0.96368,0.982143,176.821
0.96368,0.991071,176.935
0.96368,1,176.935
0.96368,1.00893,176.821
0.96368,1.01786,177.006
0.96368,1.02679,176.892
0.96368,1.03571,176.892
0.96368,1.04464,176.778
0.96368,1.05357,176.664
0.96368,1.0625,176.892
0.96368,1.07143,176.892
0.96368,1.08036,176.707
0.96368,1.08929,176.821
0.96368,1.09821,176.821
0.96368,1.10714,176.935
0.96368,1.11607,175.625
0.96368,1.125,175.195
0.96368,1.13393,172.01
0.96368,1.14286,173.01
0.96368,1.15179,173.113
0.96368,1.16071,172.558
0.96368,1.16964,171.704
0.96368,1.17857,169.149
0.96368,1.1875,167.295
0.96368,1.19643,164.185
0.96368,1.20536,165.989
0.96368,1.21429,161.135
0.96368,1.22321,156.053
0.96368,1.23214,153.303
0.96368,1.24107,148.82
0.96368,1.25,139.761
0.96368,1.25893,139.691
0.96368,1.26786,133.023
0.96368,1.27679,126.241
0.96368,1.28571,114.872
0.96368,1.29464,112.894
0.96368,1.30357,110.905
0.96368,1.3125,105.144
0.96368,1.32143,99.155
0.96368,1.33036,100.878
0.96368,1.33929,93.188
0.96368,1.34821,91.9
0.96368,1.35714,91.21
0.96368,1.36607,90.221
0.96368,1.375,87.933
0.96368,1.38393,84.933
0.96368,1.39286,84.933
0.96368,1.40179,85.449
0.96368,1.41071,85.449
0.96368,1.41964,84.449
0.96368,1.42857,84.449
0.96368,1.4375,84.449
0.96368,1.44643,84.449
0.96368,1.45536,84.449
0.96368,1.46429,83.873
0.96368,1.47321,85.194
0.96368,1.48214,86.792
0.96368,1.49107,87.461
0.96368,1.5,88.255
0.96368,1.50893,89.163
0.96368,1.51786,89.544
0.953995,0,123.17
0.953995,0.00892857,108.954
0.953995,0.0178571,108.41
0.953995,0.0267857,113.617
0.953995,0.0357143,110.111
0.953995,0.0446429,111.638
0.953995,0.0535714,110.905
0.953995,0.0625,111.242
0.953995,0.0714286,109.492
0.953995,0.0803571,98.67
0.953995,0.0892857,57.257
0.953995,0.0982143,57.372
0.953995,0.107143,57.671
0.953995,0.116071,57.671
0.953995,0.125,57.671
0.953995,0.133929,57.671
0.953995,0.142857,57.671
0.953995,0.151786,57.671
0.953995,0.160714,57.899
0.953995,0.169643,57.486
0.953995,0.178571,57.019
0.953995,0.1875,69.586
0.953995,0.196429,110.906
0.953995,0.205357,110.627
0.953995,0.214286,112.057
0.953995,0.223214,108.253
0.953995,0.232143,110.78
0.953995,0.241071,111.193
0.953995,0.25,109.193
0.953995,0.258929,109.193
0.953995,0.267857,107.193
0.953995,0.276786,109.193
0.953995,0.285714,110.193
0.953995,0.294643,110.193
0.953995,0.303571,105.595
0.953995,0.3125,112.595
0.953995,0.321429,109.595
0.953995,0.330357,107.595
0.953995,0.339286,110.595
0.953995,0.348214,109.894
0.953995,0.357143,110.595
0.953995,0.366071,110.894
0.953995,0.375,109.883
0.953995,0.383929,117.47
0.953995,0.392857,117.274
0.953995,0.401786,116.448
0.953995,0.410714,120.85
0.953995,0.419643,123.138
0.953995,0.428571,124.127
0.953995,0.4375,126.355
0.953995,0.446429,128.344
0.953995,0.455357,131.621
0.953995,0.464286,124.023
0.953995,0.473214,135.311
0.953995,0.482143,139.403
0.953995,0.491071,138.555
0.953995,0.5,142.647
0.953995,0.508929,146.451
0.953995,0.517857,148.429
0.953995,0.526786,150.108
0.953995,0.535714,153.14
0.953995,0.544643,153.417
0.953995,0.553571,154.52
0.953995,0.5625,153.221
0.953995,0.571429,154.221
0.953995,0.580357,154.982
0.953995,0.589286,157.395
0.953995,0.598214,159.982
0.953995,0.607143,157.281
0.953995,0.616071,158.281
0.953995,0.625,159.694
0.953995,0.633929,159.808
0.953995,0.642857,160.281
0.953995,0.651786,160.569
0.953995,0.660714,158.982
0.953995,0.669643,156.982
0.953995,0.678571,155.096
0.953995,0.6875,158.982
0.953995,0.696429,156.096
0.953995,0.705357,157.982
0.953995,0.714286,152.982
0.953995,0.723214,154.982
0.953995,0.732143,156.281
0.953995,0.741071,156.107
0.953995,0.75,159.993
0.953995,0.758929,157.694
0.953995,0.767857,159.281
0.953995,0.776786,160.281
0.953995,0.785714,160.597
0.953995,0.794643,159.978
0.953995,0.803571,165.658
0.953995,0.8125,163.131
0.953995,0.821429,165.017
0.953995,0.830357,167.142
0.953995,0.839286,167.153
0.953995,0.848214,165.484
0.953995,0.857143,167.544
0.953995,0.866071,166.811
0.953995,0.875,169.295
0.953995,0.883929,169.295
0.953995,0.892857,169.708
0.953995,0.901786,168.975
0.953995,0.910714,170.829
0.953995,0.919643,172.569
0.953995,0.928571,172.754
0.953995,0.9375,174.825
0.953995,0.946429,175.423
0.953995,0.955357,175.494
0.953995,0.964286,175.565
0.953995,0.973214,176.049
0.953995,0.982143,176.935
0.953995,0.991071,176.935
0.953995,1,176.935
0.953995,1.00893,176.821
0.953995,1.01786,176.821
0.953995,1.02679,177.006
0.953995,1.03571,176.892
0.953995,1.04464,176.892
0.953995,1.05357,176.892
0.953995,1.0625,176.892
0.953995,1.07143,176.892
0.953995,1.08036,176.707
0.953995,1.08929,176.821
0.953995,1.09821,177.821
0.953995,1.10714,177.049
0.953995,1.11607,176.266
0.953995,1.125,176.309
0.953995,1.13393,174.01
0.953995,1.14286,175.01
0.953995,1.15179,174.113
0.953995,1.16071,171.672
0.953995,1.16964,170.59
0.953995,1.17857,167.562
0.953995,1.1875,168.594
0.953995,1.19643,164.544
0.953995,1.20536,163.989
0.953995,1.21429,163.021
0.953995,1.22321,159.053
0.953995,1.23214,151.406
0.953995,1.24107,152.037
0.953995,1.25,144.75
0.953995,1.25893,136.392
0.953995,1.26786,131.724
0.953995,1.27679,126.54
0.953995,1.28571,116.872
0.953995,1.29464,112.595
0.953995,1.30357,109.492
0.953995,1.3125,109.731
0.953995,1.32143,105.856
0.953995,1.33036,99.465
0.953995,1.33929,96.889
0.953995,1.34821,92.188
0.953995,1.35714,89.911
0.953995,1.36607,89.221
0.953995,1.375,86.933
0.953995,1.38393,84.933
0.953995,1.39286,85.933
0.953995,1.40179,85.449
0.953995,1.41071,85.449
0.953995,1.41964,84.449
0.953995,1.42857,84.449
0.953995,1.4375,84.449
0.953995,1.44643,84.449
0.953995,1.45536,84.449
0.953995,1.46429,83.873
0.953995,1.47321,84.895
0.953995,1.48214,86.08
0.953995,1.49107,87.162
0.953995,1.5,87.543
0.953995,1.50893,89.75
0.953995,1.51786,91.832
0.94431,0,123.665
0.94431,0.00892857,109.851
0.94431,0.0178571,107.823
0.94431,0.0267857,110.916
0.94431,0.0357143,105.709
0.94431,0.0446429,110.062
0.94431,0.0535714,108.492
0.94431,0.0625,110.954
0.94431,0.0714286,105.72
0.94431,0.0803571,99.452
0.94431,0.0892857,57.702
0.94431,0.0982143,57.372
0.94431,0.107143,57.671
0.94431,0.116071,57.671
0.94431,0.125,57.671
0.94431,0.133929,57.671
0.94431,0.142857,57.671
0.94431,0.151786,57.671
0.94431,0.160714,57.084
0.94431,0.169643,57.383
0.94431,0.178571,55.535
0.94431,0.1875,73.721
0.94431,0.196429,109.71
0.94431,0.205357,108.752
0.94431,0.214286,107.954
0.94431,0.223214,108.552
0.94431,0.232143,109.492
0.94431,0.241071,105.492
0.94431,0.25,106.606
0.94431,0.258929,105.492
0.94431,0.267857,106.606
0.94431,0.276786,109.193
0.94431,0.285714,108.193
0.94431,0.294643,107.606
0.94431,0.303571,108.492
0.94431,0.3125,110.492
0.94431,0.321429,106.606
0.94431,0.330357,108.492
0.94431,0.339286,107.492
0.94431,0.348214,109.492
0.94431,0.357143,110.193
0.94431,0.366071,107.492
0.94431,0.375,111.606
0.94431,0.383929,111.193
0.94431,0.392857,116.595
0.94431,0.401786,112.883
0.94431,0.410714,112.584
0.94431,0.419643,116.285
0.94431,0.428571,121.459
0.94431,0.4375,116.986
0.94431,0.446429,119.388
0.94431,0.455357,124.067
0.94431,0.464286,126.757
0.94431,0.473214,131.746
0.94431,0.482143,131.621
0.94431,0.491071,138.001
0.94431,0.5,138.68
0.94431,0.508929,140.37
0.94431,0.517857,144.06
0.94431,0.526786,150.853
0.94431,0.535714,149.059
0.94431,0.544643,151.037
0.94431,0.553571,150.841
0.94431,0.5625,154.14
0.94431,0.571429,153.83
0.94431,0.580357,154.808
0.94431,0.589286,154.808
0.94431,0.598214,160.281
0.94431,0.607143,160.281
0.94431,0.616071,159.281
0.94431,0.625,161.58
0.94431,0.633929,157.993
0.94431,0.642857,161.053
0.94431,0.651786,160.341
0.94431,0.660714,161.341
0.94431,0.669643,154.868
0.94431,0.678571,159.982
0.94431,0.6875,154.868
0.94431,0.696429,155.868
0.94431,0.705357,154.868
0.94431,0.714286,157.982
0.94431,0.723214,155.395
0.94431,0.732143,156.107
0.94431,0.741071,159.107
0.94431,0.75,155.52
0.94431,0.758929,155.808
0.94431,0.767857,157.096
0.94431,0.776786,158.324
0.94431,0.785714,160.156
0.94431,0.794643,162.651
0.94431,0.803571,164.217
0.94431,0.8125,162.989
0.94431,0.821429,162.935
0.94431,0.830357,165.359
0.94431,0.839286,166.669
0.94431,0.848214,165.071
0.94431,0.857143,166.245
0.94431,0.866071,166.811
0.94431,0.875,168.181
0.94431,0.883929,169.295
0.94431,0.892857,169.708
0.94431,0.901786,169.975
0.94431,0.910714,170.829
0.94431,0.919643,172.498
0.94431,0.928571,172.569
0.94431,0.9375,173.455
0.94431,0.946429,174.825
0.94431,0.955357,174.423
0.94431,0.964286,175.266
0.94431,0.973214,175.565
0.94431,0.982143,176.636
0.94431,0.991071,177.163
0.94431,1,177.163
0.94431,1.00893,176.935
0.94431,1.01786,176.935
0.94431,1.02679,177.821
0.94431,1.03571,178.006
0.94431,1.04464,177.892
0.94431,1.05357,177.892
0.94431,1.0625,177.892
0.94431,1.07143,178.006
0.94431,1.08036,177.821
0.94431,1.08929,177.821
0.94431,1.09821,176.935
0.94431,1.10714,177.049
0.94431,1.11607,175.266
0.94431,1.125,175.722
0.94431,1.13393,175.01
0.94431,1.14286,175.01
0.94431,1.15179,173.814
0.94431,1.16071,171.672
0.94431,1.16964,169.704
0.94431,1.17857,168.562
0.94431,1.1875,169.181
0.94431,1.19643,165.544
0.94431,1.20536,163.587
0.94431,1.21429,162.907
0.94431,1.22321,158.167
0.94431,1.23214,155.58
0.94431,1.24107,152.325
0.94431,1.25,148.853
0.94431,1.25893,140.082
0.94431,1.26786,138.724
0.94431,1.27679,128.643
0.94431,1.28571,118.459
0.94431,1.29464,115.595
0.94431,1.30357,109.894
0.94431,1.3125,110.019
0.94431,1.32143,104.443
0.94431,1.33036,96.166
0.94431,1.33929,97.59
0.94431,1.34821,93.188
0.94431,1.35714,89.911
0.94431,1.36607,91.509
0.94431,1.375,87.634
0.94431,1.38393,86.933
0.94431,1.39286,84.933
0.94431,1.40179,85.449
0.94431,1.41071,85.449
0.94431,1.41964,84.449
0.94431,1.42857,84.449
0.94431,1.4375,84.449
0.94431,1.44643,84.449
0.94431,1.45536,84.449
0.94431,1.46429,83.873
0.94431,1.47321,85.183
0.94431,1.48214,86.08
0.94431,1.49107,86.162
0.94431,1.5,86.543
0.94431,1.50893,89.038
0.94431,1.51786,90.832
0.934625,0,121.16
0.934625,0.00892857,105.688
0.934625,0.0178571,107.079
0.934625,0.0267857,105.862
0.934625,0.0357143,107.421
0.934625,0.0446429,105.372
0.934625,0.0535714,107.677
0.934625,0.0625,106.894
0.934625,0.0714286,108.318
0.934625,0.0803571,103.761
0.934625,0.0892857,57.62
0.934625,0.0982143,57.073
0.934625,0.107143,57.671
0.934625,0.116071,57.671
0.934625,0.125,57.671
0.934625,0.133929,57.671
0.934625,0.142857,57.671
0.934625,0.151786,57.671
0.934625,0.160714,57.084
0.934625,0.169643,56.856
0.934625,0.178571,56.453
0.934625,0.1875,79.144
0.934625,0.196429,108.927
0.934625,0.205357,108.834
0.934625,0.214286,106.78
0.934625,0.223214,105.905
0.934625,0.232143,101.318
0.934625,0.241071,108.318
0.934625,0.25,104.318
0.934625,0.258929,105.318
0.934625,0.267857,104.318
0.934625,0.276786,101.905
0.934625,0.285714,107.318
0.934625,0.294643,106.318
0.934625,0.303571,105.318
0.934625,0.3125,104.318
0.934625,0.321429,102.318
0.934625,0.330357,106.318
0.934625,0.339286,108.318
0.934625,0.348214,107.318
0.934625,0.357143,106.318
0.934625,0.366071,106.318
0.934625,0.375,103.019
0.934625,0.383929,110.905
0.934625,0.392857,109.019
0.934625,0.401786,109.606
0.934625,0.410714,108.008
0.934625,0.419643,112.008
0.934625,0.428571,112.008
0.934625,0.4375,114.008
0.934625,0.446429,113.41
0.934625,0.455357,117.388
0.934625,0.464286,124.377
0.934625,0.473214,124.078
0.934625,0.482143,126.056
0.934625,0.491071,133.322
0.934625,0.5,140.887
0.934625,0.508929,136.577
0.934625,0.517857,139.267
0.934625,0.526786,140.946
0.934625,0.535714,140.152
0.934625,0.544643,149.657
0.934625,0.553571,149.635
0.934625,0.5625,153.151
0.934625,0.571429,152.14
0.934625,0.580357,151.808
0.934625,0.589286,154.808
0.934625,0.598214,158.982
0.934625,0.607143,156.683
0.934625,0.616071,156.27
0.934625,0.625,159.053
0.934625,0.633929,159.64
0.934625,0.642857,161.64
0.934625,0.651786,161.341
0.934625,0.660714,161.341
0.934625,0.669643,161.341
0.934625,0.678571,158.341
0.934625,0.6875,161.341
0.934625,0.696429,158.341
0.934625,0.705357,156.341
0.934625,0.714286,155.281
0.934625,0.723214,154.808
0.934625,0.732143,154.107
0.934625,0.741071,152.52
0.934625,0.75,153.748
0.934625,0.758929,156.036
0.934625,0.767857,155.965
0.934625,0.776786,154.367
0.934625,0.785714,156.786
0.934625,0.794643,160.395
0.934625,0.803571,158.178
0.934625,0.8125,161.836
0.934625,0.821429,161.092
0.934625,0.830357,163.576
0.934625,0.839286,164.886
0.934625,0.848214,164.359
0.934625,0.857143,166.359
0.934625,0.866071,166.099
0.934625,0.875,167.882
0.934625,0.883929,168.295
0.934625,0.892857,168.594
0.934625,0.901786,168.676
0.934625,0.910714,171.53
0.934625,0.919643,171.9
0.934625,0.928571,173.672
0.934625,0.9375,173.857
0.934625,0.946429,173.64
0.934625,0.955357,175.01
0.934625,0.964286,174.494
0.934625,0.973214,175.38
0.934625,0.982143,175.679
0.934625,0.991071,176.864
0.934625,1,176.864
0.934625,1.00893,177.049
0.934625,1.01786,176.935
0.934625,1.02679,177.821
0.934625,1.03571,177.821
0.934625,1.04464,178.006
0.934625,1.05357,177.892
0.934625,1.0625,177.892
0.934625,1.07143,177.12
0.934625,1.08036,176.821
0.934625,1.08929,176.935
0.934625,1.09821,176.935
0.934625,1.10714,177.049
0.934625,1.11607,176.266
0.934625,1.125,176.423
0.934625,1.13393,175.01
0.934625,1.14286,174.01
0.934625,1.15179,175.113
0.934625,1.16071,173.672
0.934625,1.16964,171.704
0.934625,1.17857,170.149
0.934625,1.1875,167.594
0.934625,1.19643,167.327
0.934625,1.20536,165.359
0.934625,1.21429,164.793
0.934625,1.22321,160.167
0.934625,1.23214,157.694
0.934625,1.24107,155.015
0.934625,1.25,147.347
0.934625,1.25893,139.761
0.934625,1.26786,133.702
0.934625,1.27679,127.518
0.934625,1.28571,121.448
0.934625,1.29464,115.584
0.934625,1.30357,107.193
0.934625,1.3125,107.834
0.934625,1.32143,106.845
0.934625,1.33036,99.568
0.934625,1.33929,95.878
0.934625,1.34821,92.889
0.934625,1.35714,92.199
0.934625,1.36607,91.21
0.934625,1.375,88.221
0.934625,1.38393,86.634
0.934625,1.39286,83.933
0.934625,1.40179,85.449
0.934625,1.41071,85.449
0.934625,1.41964,84.449
0.934625,1.42857,84.449
0.934625,1.4375,84.449
0.934625,1.44643,84.449
0.934625,1.45536,84.449
0.934625,1.46429,83.574
0.934625,1.47321,85.183
0.934625,1.48214,85.482
0.934625,1.49107,87.45
0.934625,1.5,88.244
0.934625,1.50893,89.739
0.934625,1.51786,91.533
0.924939,0,124.472
0.924939,0.00892857,108.983
0.924939,0.0178571,100.329
0.924939,0.0267857,103.802
0.924939,0.0357143,102.948
0.924939,0.0446429,104.682
0.924939,0.0535714,106.666
0.924939,0.0625,107.307
0.924939,0.0714286,108.959
0.924939,0.0803571,105.657
0.924939,0.0892857,58.353
0.924939,0.0982143,57.073
0.924939,0.107143,57.671
0.924939,0.116071,57.671
0.924939,0.125,57.671
0.924939,0.133929,57.671
0.924939,0.142857,57.671
0.924939,0.151786,57.671
0.924939,0.160714,56.97
0.924939,0.169643,57.742
0.924939,0.178571,56.784
0.924939,0.1875,88.855
0.924939,0.196429,108.617
0.924939,0.205357,107.557
0.924939,0.214286,104.791
0.924939,0.223214,101.617
0.924939,0.232143,101.856
0.924939,0.241071,106.443
0.924939,0.25,103.443
0.924939,0.258929,103.557
0.924939,0.267857,105.144
0.924939,0.276786,100.443
0.924939,0.285714,102.443
0.924939,0.294643,98.557
0.924939,0.303571,104.443
0.924939,0.3125,101.557
0.924939,0.321429,100.557
0.924939,0.330357,102.443
0.924939,0.339286,101.557
0.924939,0.348214,105.443
0.924939,0.357143,100.443
0.924939,0.366071,105.144
0.924939,0.375,106.133
0.924939,0.383929,107.133
0.924939,0.392857,109.133
0.924939,0.401786,104.133
0.924939,0.410714,105.834
0.924939,0.419643,107.834
0.924939,0.428571,106.834
0.924939,0.4375,113.834
0.924939,0.446429,108.122
0.924939,0.455357,112.698
0.924939,0.464286,112.801
0.924939,0.473214,118.089
0.924939,0.482143,122.377
0.924939,0.491071,125.931
0.924939,0.5,129.735
0.924939,0.508929,135.083
0.924939,0.517857,136.887
0.924939,0.526786,139.865
0.924939,0.535714,142.658
0.924939,0.544643,142.451
0.924939,0.553571,145.543
0.924939,0.5625,147.646
0.924939,0.571429,151.336
0.924939,0.580357,148.406
0.924939,0.589286,154.107
0.924939,0.598214,151.982
0.924939,0.607143,154.27
0.924939,0.616071,156.857
0.924939,0.625,158.156
0.924939,0.633929,159.868
0.924939,0.642857,161.455
0.924939,0.651786,160.156
0.924939,0.660714,162.455
0.924939,0.669643,159.042
0.924939,0.678571,161.455
0.924939,0.6875,160.042
0.924939,0.696429,156.042
0.924939,0.705357,157.042
0.924939,0.714286,153.797
0.924939,0.723214,154.509
0.924939,0.732143,153.808
0.924939,0.741071,152.335
0.924939,0.75,151.748
0.924939,0.758929,153.335
0.924939,0.767857,155.851
0.924939,0.776786,156.025
0.924939,0.785714,156.9
0.924939,0.794643,158.509
0.924939,0.803571,159.808
0.924939,0.8125,160.58
0.924939,0.821429,160.825
0.924939,0.830357,160.907
0.924939,0.839286,164.402
0.924939,0.848214,164.989
0.924939,0.857143,167.06
0.924939,0.866071,165.501
0.924939,0.875,167.284
0.924939,0.883929,167.811
0.924939,0.892857,169.409
0.924939,0.901786,168.779
0.924939,0.910714,170.231
0.924939,0.919643,172.416
0.924939,0.928571,173.188
0.924939,0.9375,173.373
0.924939,0.946429,173.156
0.924939,0.955357,173.526
0.924939,0.964286,174.423
0.924939,0.973214,175.195
0.924939,0.982143,175.907
0.924939,0.991071,176.793
0.924939,1,176.793
0.924939,1.00893,176.978
0.924939,1.01786,177.163
0.924939,1.02679,176.935
0.924939,1.03571,177.821
0.924939,1.04464,177.821
0.924939,1.05357,177.821
0.924939,1.0625,178.006
0.924939,1.07143,177.12
0.924939,1.08036,176.821
0.924939,1.08929,176.935
0.924939,1.09821,177.049
0.924939,1.10714,177.163
0.924939,1.11607,176.266
0.924939,1.125,177.309
0.924939,1.13393,175.01
0.924939,1.14286,175.01
0.924939,1.15179,173.814
0.924939,1.16071,173.672
0.924939,1.16964,171.59
0.924939,1.17857,168.448
0.924939,1.1875,168.48
0.924939,1.19643,164.398
0.924939,1.20536,161.957
0.924939,1.21429,162.505
0.924939,1.22321,160.754
0.924939,1.23214,156.683
0.924939,1.24107,154.406
0.924939,1.25,148.151
0.924939,1.25893,145.255
0.924939,1.26786,141.968
0.924939,1.27679,133.909
0.924939,1.28571,124.252
0.924939,1.29464,118.758
0.924939,1.30357,107.296
0.924939,1.3125,107.535
0.924939,1.32143,107.834
0.924939,1.33036,102.856
0.924939,1.33929,95.867
0.924939,1.34821,94.878
0.924939,1.35714,93.188
0.924939,1.36607,91.21
0.924939,1.375,90.221
0.924939,1.38393,88.221
0.924939,1.39286,85.933
0.924939,1.40179,86.449
0.924939,1.41071,86.449
0.924939,1.41964,85.449
0.924939,1.42857,85.449
0.924939,1.4375,84.449
0.924939,1.44643,84.449
0.924939,1.45536,84.449
0.924939,1.46429,83.574
0.924939,1.47321,83.884
0.924939,1.48214,85.368
0.924939,1.49107,85.45
0.924939,1.5,86.646
0.924939,1.50893,89.44
0.924939,1.51786,91.533
0.915254,0,247.846
0.915254,0.00892857,186.394
0.915254,0.0178571,100.465
0.915254,0.0267857,103.329
0.915254,0.0357143,100.073
0.915254,0.0446429,102.405
0.915254,0.0535714,106.552
0.915254,0.0625,107.606
0.915254,0.0714286,106.372
0.915254,0.0803571,106.667
0.915254,0.0892857,64.972
0.915254,0.0982143,57.187
0.915254,0.107143,57.671
0.915254,0.116071,57.671
0.915254,0.125,57.671
0.915254,0.133929,57.671
0.915254,0.142857,57.671
0.915254,0.151786,57.671
0.915254,0.160714,56.97
0.915254,0.169643,57.742
0.915254,0.178571,56.414
0.915254,0.1875,99.349
0.915254,0.196429,107.948
0.915254,0.205357,105.682
0.915254,0.214286,106.677
0.915254,0.223214,103.144
0.915254,0.232143,103.269
0.915254,0.241071,102.856
0.915254,0.25,100.856
0.915254,0.258929,98.856
0.915254,0.267857,101.155
0.915254,0.276786,99.856
0.915254,0.285714,101.856
0.915254,0.294643,99.856
0.915254,0.303571,101.856
0.915254,0.3125,99.155
0.915254,0.321429,100.155
0.915254,0.330357,100.155
0.915254,0.339286,100.155
0.915254,0.348214,99.856
0.915254,0.357143,97.856
0.915254,0.366071,97.856
0.915254,0.375,100.845
0.915254,0.383929,101.432
0.915254,0.392857,101.845
0.915254,0.401786,102.432
0.915254,0.410714,104.845
0.915254,0.419643,105.834
0.915254,0.428571,105.834
0.915254,0.4375,109.432
0.915254,0.446429,107.834
0.915254,0.455357,109.41
0.915254,0.464286,111.41
0.915254,0.473214,113.698
0.915254,0.482143,116.1
0.915254,0.491071,120.078
0.915254,0.5,123.469
0.915254,0.508929,125.703
0.915254,0.517857,131.806
0.915254,0.526786,132.784
0.915254,0.535714,135.99
0.915254,0.544643,141.256
0.915254,0.553571,143.163
0.915254,0.5625,147.739
0.915254,0.571429,150.543
0.915254,0.580357,150.738
0.915254,0.589286,155.14
0.915254,0.598214,154.716
0.915254,0.607143,156.993
0.915254,0.616071,157.281
0.915254,0.625,154.395
0.915254,0.633929,156.395
0.915254,0.642857,158.096
0.915254,0.651786,158.971
0.915254,0.660714,161.971
0.915254,0.669643,158.971
0.915254,0.678571,159.971
0.915254,0.6875,159.857
0.915254,0.696429,161.857
0.915254,0.705357,158.857
0.915254,0.714286,157.085
0.915254,0.723214,156.911
0.915254,0.732143,156.509
0.915254,0.741071,156.808
0.915254,0.75,156.634
0.915254,0.758929,155.634
0.915254,0.767857,155.922
0.915254,0.776786,156.808
0.915254,0.785714,157.085
0.915254,0.794643,156.096
0.915254,0.803571,156.808
0.915254,0.8125,157.395
0.915254,0.821429,159.569
0.915254,0.830357,163.825
0.915254,0.839286,164.619
0.915254,0.848214,161.092
0.915254,0.857143,163.864
0.915254,0.866071,165.718
0.915254,0.875,166.8
0.915254,0.883929,167.028
0.915254,0.892857,168.327
0.915254,0.901786,169.594
0.915254,0.910714,170.448
0.915254,0.919643,170.932
0.915254,0.928571,171.003
0.915254,0.9375,172.601
0.915254,0.946429,174.786
0.915254,0.955357,173.754
0.915254,0.964286,175.124
0.915254,0.973214,174.836
0.915254,0.982143,175.021
0.915254,0.991071,175.793
0.915254,1,175.793
0.915254,1.00893,176.679
0.915254,1.01786,176.864
0.915254,1.02679,177.049
0.915254,1.03571,176.935
0.915254,1.04464,177.935
0.915254,1.05357,177.821
0.915254,1.0625,178.12
0.915254,1.07143,176.533
0.915254,1.08036,176.234
0.915254,1.08929,176.935
0.915254,1.09821,177.049
0.915254,1.10714,176.576
0.915254,1.11607,176.494
0.915254,1.125,176.423
0.915254,1.13393,177.01
0.915254,1.14286,175.01
0.915254,1.15179,174.113
0.915254,1.16071,175.558
0.915254,1.16964,172.704
0.915254,1.17857,171.149
0.915254,1.1875,171.366
0.915254,1.19643,167.398
0.915254,1.20536,165.256
0.915254,1.21429,165.804
0.915254,1.22321,162.042
0.915254,1.23214,159.971
0.915254,1.24107,155.808
0.915254,1.25,151.243
0.915254,1.25893,148.347
0.915254,1.26786,143.935
0.915254,1.27679,134.289
0.915254,1.28571,128.415
0.915254,1.29464,123.448
0.915254,1.30357,115.171
0.915254,1.3125,111.41
0.915254,1.32143,107.834
0.915254,1.33036,105.144
0.915254,1.33929,100.155
0.915254,1.34821,98.878
0.915254,1.35714,92.188
0.915254,1.36607,90.911
0.915254,1.375,88.623
0.915254,1.38393,87.221
0.915254,1.39286,85.933
0.915254,1.40179,85.449
0.915254,1.41071,85.449
0.915254,1.41964,84.449
0.915254,1.42857,84.449
0.915254,1.4375,84.449
0.915254,1.44643,84.449
0.915254,1.45536,84.449
0.915254,1.46429,83.574
0.915254,1.47321,84.585
0.915254,1.48214,85.77
0.915254,1.49107,86.151
0.915254,1.5,87.233
0.915254,1.50893,89.44
0.915254,1.51786,90.522
0.905569,0,242.025
0.905569,0.00892857,177.519
0.905569,0.0178571,99.39
0.905569,0.0267857,103.286
0.905569,0.0357143,102.774
0.905569,0.0446429,102.117
0.905569,0.0535714,104.552
0.905569,0.0625,104.318
0.905569,0.0714286,105.785
0.905569,0.0803571,107.346
0.905569,0.0892857,72.075
0.905569,0.0982143,57.187
0.905569,0.107143,57.671
0.905569,0.116071,57.671
0.905569,0.125,57.671
0.905569,0.133929,57.671
0.905569,0.142857,57.671
0.905569,0.151786,57.671
0.905569,0.160714,56.97
0.905569,0.169643,57.041
0.905569,0.178571,56.702
0.905569,0.1875,101.256
0.905569,0.196429,106.165
0.905569,0.205357,103.992
0.905569,0.214286,104.976
0.905569,0.223214,104.372
0.905569,0.232143,103.209
0.905569,0.241071,100.867
0.905569,0.25,99.867
0.905569,0.258929,97.867
0.905569,0.267857,98.867
0.905569,0.276786,98.454
0.905569,0.285714,98.867
0.905569,0.294643,97.454
0.905569,0.303571,98.867
0.905569,0.3125,95.867
0.905569,0.321429,98.867
0.905569,0.330357,95.867
0.905569,0.339286,99.753
0.905569,0.348214,96.454
0.905569,0.357143,100.753
0.905569,0.366071,99.867
0.905569,0.375,100.568
0.905569,0.383929,102.155
0.905569,0.392857,100.856
0.905569,0.401786,106.443
0.905569,0.410714,105.557
0.905569,0.419643,103.557
0.905569,0.428571,102.845
0.905569,0.4375,102.557
0.905569,0.446429,107.144
0.905569,0.455357,109.834
0.905569,0.464286,111.834
0.905569,0.473214,110.133
0.905569,0.482143,112.421
0.905569,0.491071,115.698
0.905569,0.5,118.676
0.905569,0.508929,120.85
0.905569,0.517857,126.611
0.905569,0.526786,130.116
0.905569,0.535714,132.909
0.905569,0.544643,136.99
0.905569,0.553571,140.897
0.905569,0.5625,141.875
0.905569,0.571429,145.565
0.905569,0.580357,144.668
0.905569,0.589286,146.532
0.905569,0.598214,151.923
0.905569,0.607143,150.015
0.905569,0.616071,152.716
0.905569,0.625,151.819
0.905569,0.633929,153.118
0.905569,0.642857,155.509
0.905569,0.651786,155.612
0.905569,0.660714,158.085
0.905569,0.669643,157.085
0.905569,0.678571,158.971
0.905569,0.6875,157.971
0.905569,0.696429,157.971
0.905569,0.705357,157.971
0.905569,0.714286,158.715
0.905569,0.723214,156.427
0.905569,0.732143,156.096
0.905569,0.741071,154.808
0.905569,0.75,154.107
0.905569,0.758929,153.705
0.905569,0.767857,153.705
0.905569,0.776786,153.406
0.905569,0.785714,154.683
0.905569,0.794643,153.395
0.905569,0.803571,157.808
0.905569,0.8125,158.096
0.905569,0.821429,156.971
0.905569,0.830357,158.64
0.905569,0.839286,164.434
0.905569,0.848214,161.722
0.905569,0.857143,163.967
0.905569,0.866071,164.06
0.905569,0.875,167.245
0.905569,0.883929,166.658
0.905569,0.892857,164.957
0.905569,0.901786,167.409
0.905569,0.910714,167.779
0.905569,0.919643,169.633
0.905569,0.928571,168.818
0.905569,0.9375,171.416
0.905569,0.946429,171.9
0.905569,0.955357,174.042
0.905569,0.964286,173.64
0.905569,0.973214,174.124
0.905569,0.982143,174.722
0.905569,0.991071,175.021
0.905569,1,175.907
0.905569,1.00893,176.793
0.905569,1.01786,176.679
0.905569,1.02679,177.163
0.905569,1.03571,177.049
0.905569,1.04464,176.935
0.905569,1.05357,177.821
0.905569,1.0625,178.12
0.905569,1.07143,176.647
0.905569,1.08036,176.348
0.905569,1.08929,177.049
0.905569,1.09821,177.163
0.905569,1.10714,176.69
0.905569,1.11607,176.494
0.905569,1.125,175.423
0.905569,1.13393,175.01
0.905569,1.14286,174.01
0.905569,1.15179,173.814
0.905569,1.16071,169.672
0.905569,1.16964,168.704
0.905569,1.17857,169.562
0.905569,1.1875,166.067
0.905569,1.19643,166.996
0.905569,1.20536,164.555
0.905569,1.21429,160.989
0.905569,1.22321,160.341
0.905569,1.23214,160.786
0.905569,1.24107,157.911
0.905569,1.25,156.46
0.905569,1.25893,152.325
0.905569,1.26786,144.913
0.905569,1.27679,138.566
0.905569,1.28571,133.393
0.905569,1.29464,123.437
0.905569,1.30357,114.872
0.905569,1.3125,109.111
0.905569,1.32143,107.535
0.905569,1.33036,107.144
0.905569,1.33929,99.856
0.905569,1.34821,95.579
0.905569,1.35714,94.889
0.905569,1.36607,91.911
0.905569,1.375,89.21
0.905569,1.38393,88.221
0.905569,1.39286,86.221
0.905569,1.40179,85.449
0.905569,1.41071,85.449
0.905569,1.41964,84.449
0.905569,1.42857,84.449
0.905569,1.4375,84.449
0.905569,1.44643,84.449
0.905569,1.45536,84.449
0.905569,1.46429,83.862
0.905569,1.47321,84.286
0.905569,1.48214,85.77
0.905569,1.49107,86.439
0.905569,1.5,86.934
0.905569,1.50893,87.728
0.905569,1.51786,89.522
0.895884,0,112.569
0.895884,0.00892857,96.809
0.895884,0.0178571,96.596
0.895884,0.0267857,101.639
0.895884,0.0357143,101.97
0.895884,0.0446429,102.269
0.895884,0.0535714,103.318
0.895884,0.0625,102.742
0.895884,0.0714286,106.834
0.895884,0.0803571,109.656
0.895884,0.0892857,76.9
0.895884,0.0982143,57.475
0.895884,0.107143,57.97
0.895884,0.116071,57.671
0.895884,0.125,57.671
0.895884,0.133929,57.671
0.895884,0.142857,57.671
0.895884,0.151786,57.671
0.895884,0.160714,57.34
0.895884,0.169643,56.753
0.895884,0.178571,57.652
0.895884,0.1875,102.114
0.895884,0.196429,104.236
0.895884,0.205357,103.052
0.895884,0.214286,104.813
0.895884,0.223214,101.383
0.895884,0.232143,102.394
0.895884,0.241071,102.454
0.895884,0.25,100.454
0.895884,0.258929,99.166
0.895884,0.267857,97.166
0.895884,0.276786,98.579
0.895884,0.285714,101.465
0.895884,0.294643,99.465
0.895884,0.303571,97.579
0.895884,0.3125,97.579
0.895884,0.321429,98.878
0.895884,0.330357,95.465
0.895884,0.339286,97.878
0.895884,0.348214,99.878
0.895884,0.357143,98.579
0.895884,0.366071,101.878
0.895884,0.375,99.465
0.895884,0.383929,98.465
0.895884,0.392857,101.166
0.895884,0.401786,100.867
0.895884,0.410714,101.867
0.895884,0.419643,102.454
0.895884,0.428571,102.856
0.895884,0.4375,102.155
0.895884,0.446429,99.856
0.895884,0.455357,104.856
0.895884,0.464286,106.845
0.895884,0.473214,108.432
0.895884,0.482143,108.133
0.895884,0.491071,111.535
0.895884,0.5,113.111
0.895884,0.508929,117.345
0.895884,0.517857,120.747
0.895884,0.526786,124.562
0.895884,0.535714,126.241
0.895884,0.544643,130.92
0.895884,0.553571,139.186
0.895884,0.5625,135.452
0.895884,0.571429,140.071
0.895884,0.580357,142.576
0.895884,0.589286,147.853
0.895884,0.598214,147.717
0.895884,0.607143,148.82
0.895884,0.616071,149.923
0.895884,0.625,151.14
0.895884,0.633929,151.417
0.895884,0.642857,154.808
0.895884,0.651786,156.797
0.895884,0.660714,157.683
0.895884,0.669643,157.085
0.895884,0.678571,157.085
0.895884,0.6875,157.085
0.895884,0.696429,158.9
0.895884,0.705357,157.014
0.895884,0.714286,159.786
0.895884,0.723214,158.199
0.895884,0.732143,156.498
0.895884,0.741071,156.797
0.895884,0.75,157.808
0.895884,0.758929,153.406
0.895884,0.767857,153.406
0.895884,0.776786,151.819
0.895884,0.785714,153.694
0.895884,0.794643,154.694
0.895884,0.803571,158.808
0.895884,0.8125,158.683
0.895884,0.821429,159.085
0.895884,0.830357,157.384
0.895884,0.839286,158.27
0.895884,0.848214,159.167
0.895884,0.857143,162.238
0.895884,0.866071,163.505
0.895884,0.875,165.761
0.895884,0.883929,165.658
0.895884,0.892857,166.925
0.895884,0.901786,167.409
0.895884,0.910714,165.779
0.895884,0.919643,167.16
0.895884,0.928571,168.943
0.895884,0.9375,171.416
0.895884,0.946429,171.715
0.895884,0.955357,172.384
0.895884,0.964286,172.754
0.895884,0.973214,173.537
0.895884,0.982143,174.722
0.895884,0.991071,173.423
0.895884,1,174.722
0.895884,1.00893,175.907
0.895884,1.01786,175.793
0.895884,1.02679,177.163
0.895884,1.03571,175.864
0.895884,1.04464,175.75
0.895884,1.05357,176.75
0.895884,1.0625,176.935
0.895884,1.07143,176.348
0.895884,1.08036,176.462
0.895884,1.08929,177.049
0.895884,1.09821,177.163
0.895884,1.10714,176.69
0.895884,1.11607,176.206
0.895884,1.125,175.423
0.895884,1.13393,175.124
0.895884,1.14286,173.526
0.895884,1.15179,173.341
0.895884,1.16071,172.672
0.895884,1.16964,172.302
0.895884,1.17857,172.231
0.895884,1.1875,170.16
0.895884,1.19643,170.078
0.895884,1.20536,167.224
0.895884,1.21429,167.071
0.895884,1.22321,165.092
0.895884,1.23214,160.836
0.895884,1.24107,158.053
0.895884,1.25,155.922
0.895884,1.25893,152.83
0.895884,1.26786,149.016
0.895884,1.27679,140.37
0.895884,1.28571,130.436
0.895884,1.29464,128.252
0.895884,1.30357,122.274
0.895884,1.3125,109.296
0.895884,1.32143,107.019
0.895884,1.33036,106.144
0.895884,1.33929,99.856
0.895884,1.34821,100.454
0.895884,1.35714,96.177
0.895884,1.36607,93.9
0.895884,1.375,90.612
0.895884,1.38393,89.21
0.895884,1.39286,89.509
0.895884,1.40179,86.851
0.895884,1.41071,85.449
0.895884,1.41964,85.449
0.895884,1.42857,85.748
0.895884,1.4375,83.862
0.895884,1.44643,84.449
0.895884,1.45536,84.15
0.895884,1.46429,84.449
0.895884,1.47321,84.286
0.895884,1.48214,84.77
0.895884,1.49107,85.781
0.895884,1.5,86.863
0.895884,1.50893,86.657
0.895884,1.51786,88.75
0.886199,0,113.3
0.886199,0.00892857,101.742
0.886199,0.0178571,99.443
0.886199,0.0267857,103.693
0.886199,0.0357143,102.867
0.886199,0.0446429,100.019
0.886199,0.0535714,101.856
0.886199,0.0625,103.693
0.886199,0.0714286,104.709
0.886199,0.0803571,105.966
0.886199,0.0892857,81.611
0.886199,0.0982143,57.703
0.886199,0.107143,58.269
0.886199,0.116071,57.671
0.886199,0.125,57.671
0.886199,0.133929,57.671
0.886199,0.142857,57.671
0.886199,0.151786,57.671
0.886199,0.160714,57.34
0.886199,0.169643,55.682
0.886199,0.178571,60.086
0.886199,0.1875,105.206
0.886199,0.196429,105.307
0.886199,0.205357,102.731
0.886199,0.214286,101.753
0.886199,0.223214,101.383
0.886199,0.232143,99.155
0.886199,0.241071,100.155
0.886199,0.25,100.568
0.886199,0.258929,97.166
0.886199,0.267857,95.878
0.886199,0.276786,94.878
0.886199,0.285714,97.476
0.886199,0.294643,98.889
0.886199,0.303571,97.59
0.886199,0.3125,98.476
0.886199,0.321429,97.476
0.886199,0.330357,96.476
0.886199,0.339286,93.59
0.886199,0.348214,94.59
0.886199,0.357143,94.889
0.886199,0.366071,95.889
0.886199,0.375,95.59
0.886199,0.383929,97.291
0.886199,0.392857,97.878
0.886199,0.401786,97.878
0.886199,0.410714,95.878
0.886199,0.419643,99.579
0.886199,0.428571,99.166
0.886199,0.4375,100.454
0.886199,0.446429,101.155
0.886199,0.455357,100.155
0.886199,0.464286,105.144
0.886199,0.473214,108.432
0.886199,0.482143,110.133
0.886199,0.491071,108.834
0.886199,0.5,107.535
0.886199,0.508929,112.883
0.886199,0.517857,116.171
0.886199,0.526786,119.573
0.886199,0.535714,122.149
0.886199,0.544643,128.127
0.886199,0.553571,131.094
0.886199,0.5625,131.773
0.886199,0.571429,137.05
0.886199,0.580357,141.071
0.886199,0.589286,142.348
0.886199,0.598214,141.853
0.886199,0.607143,143.554
0.886199,0.616071,147.543
0.886199,0.625,152.336
0.886199,0.633929,153.428
0.886199,0.642857,153.705
0.886199,0.651786,153.406
0.886199,0.660714,154.107
0.886199,0.669643,155.808
0.886199,0.678571,156.395
0.886199,0.6875,154.911
0.886199,0.696429,159.025
0.886199,0.705357,160.427
0.886199,0.714286,160.085
0.886199,0.723214,159.085
0.886199,0.732143,158.085
0.886199,0.741071,158.085
0.886199,0.75,157.085
0.886199,0.758929,155.096
0.886199,0.767857,154.808
0.886199,0.776786,154.107
0.886199,0.785714,154.107
0.886199,0.794643,153.808
0.886199,0.803571,151.808
0.886199,0.8125,156.096
0.886199,0.821429,153.797
0.886199,0.830357,159.085
0.886199,0.839286,157.085
0.886199,0.848214,162.683
0.886199,0.857143,162.167
0.886199,0.866071,160.836
0.886199,0.875,163.103
0.886199,0.883929,167.256
0.886199,0.892857,166.811
0.886199,0.901786,168.48
0.886199,0.910714,170.078
0.886199,0.919643,169.16
0.886199,0.928571,169.758
0.886199,0.9375,171.459
0.886199,0.946429,172.117
0.886199,0.955357,171.9
0.886199,0.964286,173.569
0.886199,0.973214,174.124
0.886199,0.982143,174.722
0.886199,0.991071,173.526
0.886199,1,175.124
0.886199,1.00893,175.608
0.886199,1.01786,175.679
0.886199,1.02679,176.565
0.886199,1.03571,176.565
0.886199,1.04464,176.565
0.886199,1.05357,176.565
0.886199,1.0625,176.337
0.886199,1.07143,176.451
0.886199,1.08036,176.565
0.886199,1.08929,176.565
0.886199,1.09821,176.679
0.886199,1.10714,176.092
0.886199,1.11607,176.206
0.886199,1.125,175.423
0.886199,1.13393,175.124
0.886199,1.14286,174.526
0.886199,1.15179,173.455
0.886199,1.16071,173.27
0.886199,1.16964,171.9
0.886199,1.17857,171.188
0.886199,1.1875,169.715
0.886199,1.19643,169.16
0.886199,1.20536,167.708
0.886199,1.21429,165.028
0.886199,1.22321,164.658
0.886199,1.23214,162.875
0.886199,1.24107,160.021
0.886199,1.25,155.797
0.886199,1.25893,153.52
0.886199,1.26786,151.635
0.886199,1.27679,142.174
0.886199,1.28571,135.941
0.886199,1.29464,129.871
0.886199,1.30357,125.263
0.886199,1.3125,114.47
0.886199,1.32143,105.492
0.886199,1.33036,105.144
0.886199,1.33929,101.557
0.886199,1.34821,102.155
0.886199,1.35714,95.579
0.886199,1.36607,96.889
0.886199,1.375,92.9
0.886199,1.38393,90.21
0.886199,1.39286,88.21
0.886199,1.40179,85.851
0.886199,1.41071,86.449
0.886199,1.41964,86.449
0.886199,1.42857,86.161
0.886199,1.4375,83.862
0.886199,1.44643,84.449
0.886199,1.45536,84.15
0.886199,1.46429,84.449
0.886199,1.47321,84.286
0.886199,1.48214,84.286
0.886199,1.49107,85.596
0.886199,1.5,86.379
0.886199,1.50893,85.771
0.886199,1.51786,88.451
0.876513,0,113.898
0.876513,0.00892857,98.753
0.876513,0.0178571,97.568
0.876513,0.0267857,101.704
0.876513,0.0357143,99.878
0.876513,0.0446429,97.802
0.876513,0.0535714,99.856
0.876513,0.0625,105.693
0.876513,0.0714286,106.709
0.876513,0.0803571,103.368
0.876513,0.0892857,86.404
0.876513,0.0982143,56.806
0.876513,0.107143,57.671
0.876513,0.116071,57.671
0.876513,0.125,57.671
0.876513,0.133929,57.671
0.876513,0.142857,57.671
0.876513,0.151786,57.671
0.876513,0.160714,58.03
0.876513,0.169643,57.546
0.876513,0.178571,66.58
0.876513,0.1875,104.988
0.876513,0.196429,105.008
0.876513,0.205357,103.307
0.876513,0.214286,101.753
0.876513,0.223214,101.682
0.876513,0.232143,98.269
0.876513,0.241071,97.867
0.876513,0.25,101.166
0.876513,0.258929,95.579
0.876513,0.267857,96.878
0.876513,0.276786,94.889
0.876513,0.285714,95.889
0.876513,0.294643,96.889
0.876513,0.303571,96.889
0.876513,0.3125,96.889
0.876513,0.321429,92.889
0.876513,0.330357,96.889
0.876513,0.339286,95.889
0.876513,0.348214,96.889
0.876513,0.357143,96.889
0.876513,0.366071,94.889
0.876513,0.375,98.889
0.876513,0.383929,98.476
0.876513,0.392857,95.59
0.876513,0.401786,96.878
0.876513,0.410714,97.878
0.876513,0.419643,95.878
0.876513,0.428571,96.878
0.876513,0.4375,102.166
0.876513,0.446429,102.155
0.876513,0.455357,99.155
0.876513,0.464286,103.856
0.876513,0.473214,105.144
0.876513,0.482143,106.133
0.876513,0.491071,106.133
0.876513,0.5,107.834
0.876513,0.508929,108.883
0.876513,0.517857,117.47
0.876513,0.526786,119.171
0.876513,0.535714,115.573
0.876513,0.544643,122.85
0.876513,0.553571,122.415
0.876513,0.5625,124.094
0.876513,0.571429,134.371
0.876513,0.580357,137.979
0.876513,0.589286,138.968
0.876513,0.598214,141.359
0.876513,0.607143,142.875
0.876513,0.616071,145.451
0.876513,0.625,145.13
0.876513,0.633929,149.51
0.876513,0.642857,148.325
0.876513,0.651786,150.439
0.876513,0.660714,152.026
0.876513,0.669643,153.428
0.876513,0.678571,151.531
0.876513,0.6875,154.819
0.876513,0.696429,153.221
0.876513,0.705357,159.509
0.876513,0.714286,157.085
0.876513,0.723214,158.085
0.876513,0.732143,156.786
0.876513,0.741071,156.786
0.876513,0.75,156.786
0.876513,0.758929,157.498
0.876513,0.767857,156.096
0.876513,0.776786,154.808
0.876513,0.785714,153.107
0.876513,0.794643,152.107
0.876513,0.803571,154.808
0.876513,0.8125,153.509
0.876513,0.821429,157.096
0.876513,0.830357,156.096
0.876513,0.839286,157.683
0.876513,0.848214,155.797
0.876513,0.857143,157.27
0.876513,0.866071,159.352
0.876513,0.875,163.32
0.876513,0.883929,164.875
0.876513,0.892857,163.729
0.876513,0.901786,167.996
0.876513,0.910714,170.366
0.876513,0.919643,168.138
0.876513,0.928571,167.149
0.876513,0.9375,168.149
0.876513,0.946429,170.334
0.876513,0.955357,172.889
0.876513,0.964286,172.558
0.876513,0.973214,174.227
0.876513,0.982143,174.412
0.876513,0.991071,173.754
0.876513,1,173.526
0.876513,1.00893,175.309
0.876513,1.01786,175.793
0.876513,1.02679,175.679
0.876513,1.03571,176.679
0.876513,1.04464,175.38
0.876513,1.05357,175.38
0.876513,1.0625,176.451
0.876513,1.07143,176.565
0.876513,1.08036,176.565
0.876513,1.08929,176.565
0.876513,1.09821,176.679
0.876513,1.10714,176.793
0.876513,1.11607,175.793
0.876513,1.125,174.423
0.876513,1.13393,175.01
0.876513,1.14286,173.825
0.876513,1.15179,173.754
0.876513,1.16071,174.042
0.876513,1.16964,172.786
0.876513,1.17857,172.487
0.876513,1.1875,171.601
0.876513,1.19643,170.747
0.876513,1.20536,168.594
0.876513,1.21429,168.626
0.876513,1.22321,166.43
0.876513,1.23214,164.647
0.876513,1.24107,163.32
0.876513,1.25,158.683
0.876513,1.25893,153.623
0.876513,1.26786,149.499
0.876513,1.27679,140.44
0.876513,1.28571,140.609
0.876513,1.29464,131.137
0.876513,1.30357,128.942
0.876513,1.3125,112.448
0.876513,1.32143,114.883
0.876513,1.33036,106.432
0.876513,1.33929,105.144
0.876513,1.34821,102.856
0.876513,1.35714,98.166
0.876513,1.36607,94.889
0.876513,1.375,93.9
0.876513,1.38393,90.911
0.876513,1.39286,89.21
0.876513,1.40179,87.851
0.876513,1.41071,87.449
0.876513,1.41964,86.449
0.876513,1.42857,84.161
0.876513,1.4375,84.862
0.876513,1.44643,84.449
0.876513,1.45536,84.15
0.876513,1.46429,84.449
0.876513,1.47321,84.873
0.876513,1.48214,84.286
0.876513,1.49107,85.884
0.876513,1.5,86.379
0.876513,1.50893,87.173
0.876513,1.51786,90.864
0.866828,0,112.197
0.866828,0.00892857,97.465
0.866828,0.0178571,98.579
0.866828,0.0267857,101.405
0.866828,0.0357143,99.59
0.866828,0.0446429,103.628
0.866828,0.0535714,103.856
0.866828,0.0625,101.981
0.866828,0.0714286,103.421
0.866828,0.0803571,101.873
0.866828,0.0892857,96.403
0.866828,0.0982143,56.795
0.866828,0.107143,57.372
0.866828,0.116071,57.671
0.866828,0.125,57.671
0.866828,0.133929,57.97
0.866828,0.142857,57.671
0.866828,0.151786,57.671
0.866828,0.160714,57.617
0.866828,0.169643,56.763
0.866828,0.178571,72.259
0.866828,0.1875,105.368
0.866828,0.196429,105.133
0.866828,0.205357,103.307
0.866828,0.214286,102.753
0.866828,0.223214,101.693
0.866828,0.232143,99.867
0.866828,0.241071,100.166
0.866828,0.25,100.166
0.866828,0.258929,96.878
0.866828,0.267857,96.878
0.866828,0.276786,95.889
0.866828,0.285714,96.889
0.866828,0.294643,95.889
0.866828,0.303571,92.188
0.866828,0.3125,96.188
0.866828,0.321429,97.188
0.866828,0.330357,93.188
0.866828,0.339286,93.188
0.866828,0.348214,94.188
0.866828,0.357143,95.188
0.866828,0.366071,94.188
0.866828,0.375,95.889
0.866828,0.383929,96.889
0.866828,0.392857,95.889
0.866828,0.401786,92.889
0.866828,0.410714,95.291
0.866828,0.419643,97.878
0.866828,0.428571,98.878
0.866828,0.4375,95.465
0.866828,0.446429,98.867
0.866828,0.455357,97.753
0.866828,0.464286,100.155
0.866828,0.473214,102.443
0.866828,0.482143,101.144
0.866828,0.491071,102.546
0.866828,0.5,105.133
0.866828,0.508929,104.595
0.866828,0.517857,113.595
0.866828,0.526786,115.182
0.866828,0.535714,111.47
0.866828,0.544643,117.16
0.866828,0.553571,117.149
0.866828,0.5625,124.54
0.866828,0.571429,121.817
0.866828,0.580357,133.094
0.866828,0.589286,135.713
0.866828,0.598214,138.392
0.866828,0.607143,140.267
0.866828,0.616071,146.37
0.866828,0.625,147.462
0.866828,0.633929,146.429
0.866828,0.642857,149.532
0.866828,0.651786,148.831
0.866828,0.660714,149.76
0.866828,0.669643,150.45
0.866828,0.678571,154.026
0.866828,0.6875,153.716
0.866828,0.696429,155.819
0.866828,0.705357,157.107
0.866828,0.714286,155.096
0.866828,0.723214,156.498
0.866828,0.732143,157.085
0.866828,0.741071,157.786
0.866828,0.75,158.786
0.866828,0.758929,158.786
0.866828,0.767857,158.786
0.866828,0.776786,156.683
0.866828,0.785714,155.808
0.866828,0.794643,157.107
0.866828,0.803571,153.107
0.866828,0.8125,158.107
0.866828,0.821429,154.808
0.866828,0.830357,154.395
0.866828,0.839286,158.808
0.866828,0.848214,155.498
0.866828,0.857143,159.085
0.866828,0.866071,160.683
0.866828,0.875,160.124
0.866828,0.883929,161.978
0.866828,0.892857,164.946
0.866828,0.901786,167.985
0.866828,0.910714,168.355
0.866828,0.919643,167.953
0.866828,0.928571,167.366
0.866828,0.9375,169.149
0.866828,0.946429,170.334
0.866828,0.955357,171.889
0.866828,0.964286,171.786
0.866828,0.973214,173.814
0.866828,0.982143,173.814
0.866828,0.991071,173.042
0.866828,1,174.113
0.866828,1.00893,175.423
0.866828,1.01786,175.494
0.866828,1.02679,175.494
0.866828,1.03571,174.494
0.866828,1.04464,174.494
0.866828,1.05357,174.38
0.866828,1.0625,175.679
0.866828,1.07143,175.679
0.866828,1.08036,175.679
0.866828,1.08929,175.793
0.866828,1.09821,175.793
0.866828,1.10714,175.793
0.866828,1.11607,175.907
0.866828,1.125,175.722
0.866828,1.13393,175.309
0.866828,1.14286,175.124
0.866828,1.15179,174.227
0.866828,1.16071,174.042
0.866828,1.16964,173.971
0.866828,1.17857,172.9
0.866828,1.1875,172.601
0.866828,1.19643,169.633
0.866828,1.20536,167.893
0.866828,1.21429,168.512
0.866828,1.22321,166.028
0.866828,1.23214,163.658
0.866828,1.24107,164.206
0.866828,1.25,160.395
0.866828,1.25893,156.683
0.866828,1.26786,154.477
0.866828,1.27679,149.82
0.866828,1.28571,144.587
0.866828,1.29464,136.702
0.866828,1.30357,126.507
0.866828,1.3125,129.85
0.866828,1.32143,111.171
0.866828,1.33036,109.133
0.866828,1.33929,107.432
0.866828,1.34821,99.856
0.866828,1.35714,100.166
0.866828,1.36607,97.291
0.866828,1.375,94.487
0.866828,1.38393,90.911
0.866828,1.39286,89.911
0.866828,1.40179,89.851
0.866828,1.41071,87.449
0.866828,1.41964,85.449
0.866828,1.42857,84.161
0.866828,1.4375,84.862
0.866828,1.44643,84.449
0.866828,1.45536,84.15
0.866828,1.46429,84.449
0.866828,1.47321,84.574
0.866828,1.48214,83.987
0.866828,1.49107,85.884
0.866828,1.5,85.966
0.866828,1.50893,85.874
0.866828,1.51786,89.44
0.857143,0,110.909
0.857143,0.00892857,97.764
0.857143,0.0178571,94.579
0.857143,0.0267857,100.992
0.857143,0.0357143,95.889
0.857143,0.0446429,98.927
0.857143,0.0535714,102.329
0.857143,0.0625,103.497
0.857143,0.0714286,105.421
0.857143,0.0803571,105.851
0.857143,0.0892857,101.288
0.857143,0.0982143,57.072
0.857143,0.107143,57.66
0.857143,0.116071,57.671
0.857143,0.125,56.269
0.857143,0.133929,58.269
0.857143,0.142857,57.97
0.857143,0.151786,57.372
0.857143,0.160714,57.731
0.857143,0.169643,56.176
0.857143,0.178571,74.476
0.857143,0.1875,106.058
0.857143,0.196429,104.557
0.857143,0.205357,103.318
0.857143,0.214286,102.639
0.857143,0.223214,100.992
0.857143,0.232143,96.28
0.857143,0.241071,96.166
0.857143,0.25,101.166
0.857143,0.258929,98.878
0.857143,0.267857,96.878
0.857143,0.276786,97.889
0.857143,0.285714,90.889
0.857143,0.294643,94.889
0.857143,0.303571,94.188
0.857143,0.3125,93.188
0.857143,0.321429,92.188
0.857143,0.330357,94.188
0.857143,0.339286,93.188
0.857143,0.348214,95.188
0.857143,0.357143,93.188
0.857143,0.366071,97.188
0.857143,0.375,95.889
0.857143,0.383929,95.188
0.857143,0.392857,96.889
0.857143,0.401786,91.889
0.857143,0.410714,94.889
0.857143,0.419643,94.59
0.857143,0.428571,95.889
0.857143,0.4375,91.878
0.857143,0.446429,97.878
0.857143,0.455357,98.579
0.857143,0.464286,100.166
0.857143,0.473214,95.155
0.857143,0.482143,102.856
0.857143,0.491071,101.144
0.857143,0.5,106.845
0.857143,0.508929,110.193
0.857143,0.517857,109.193
0.857143,0.526786,108.894
0.857143,0.535714,110.182
0.857143,0.544643,117.171
0.857143,0.553571,118.459
0.857143,0.5625,117.861
0.857143,0.571429,126.85
0.857143,0.580357,129.54
0.857143,0.589286,131.507
0.857143,0.598214,132.094
0.857143,0.607143,136.197
0.857143,0.616071,136.702
0.857143,0.625,137.68
0.857143,0.633929,145.647
0.857143,0.642857,146.038
0.857143,0.651786,143.853
0.857143,0.660714,149.956
0.857143,0.669643,150.418
0.857143,0.678571,151.738
0.857143,0.6875,149.314
0.857143,0.696429,150.417
0.857143,0.705357,151.004
0.857143,0.714286,152.107
0.857143,0.723214,156.808
0.857143,0.732143,158.384
0.857143,0.741071,157.085
0.857143,0.75,157.786
0.857143,0.758929,156.786
0.857143,0.767857,157.786
0.857143,0.776786,157.085
0.857143,0.785714,154.808
0.857143,0.794643,157.107
0.857143,0.803571,154.808
0.857143,0.8125,149.808
0.857143,0.821429,153.808
0.857143,0.830357,154.107
0.857143,0.839286,157.107
0.857143,0.848214,157.21
0.857143,0.857143,157.612
0.857143,0.866071,160.085
0.857143,0.875,159.868
0.857143,0.883929,161.423
0.857143,0.892857,162.565
0.857143,0.901786,168.316
0.857143,0.910714,166.099
0.857143,0.919643,169.594
0.857143,0.928571,167.904
0.857143,0.9375,168.975
0.857143,0.946429,170.231
0.857143,0.955357,170.416
0.857143,0.964286,173.085
0.857143,0.973214,171.754
0.857143,0.982143,173.754
0.857143,0.991071,172.156
0.857143,1,173.042
0.857143,1.00893,174.412
0.857143,1.01786,175.309
0.857143,1.02679,175.608
0.857143,1.03571,175.021
0.857143,1.04464,176.195
0.857143,1.05357,175.309
0.857143,1.0625,176.38
0.857143,1.07143,176.38
0.857143,1.08036,175.907
0.857143,1.08929,173.722
0.857143,1.09821,174.608
0.857143,1.10714,173.722
0.857143,1.11607,175.722
0.857143,1.125,173.722
0.857143,1.13393,175.01
0.857143,1.14286,173.124
0.857143,1.15179,174.64
0.857143,1.16071,173.042
0.857143,1.16964,172.672
0.857143,1.17857,172.9
0.857143,1.1875,173.188
0.857143,1.19643,170.519
0.857143,1.20536,169.665
0.857143,1.21429,168.11
0.857143,1.22321,167.327
0.857143,1.23214,165.142
0.857143,1.24107,161.69
0.857143,1.25,158.167
0.857143,1.25893,157.384
0.857143,1.26786,153.178
0.857143,1.27679,149.407
0.857143,1.28571,143.163
0.857143,1.29464,137.392
0.857143,1.30357,129.208
0.857143,1.3125,123.839
0.857143,1.32143,109.883
0.857143,1.33036,107.834
0.857143,1.33929,108.133
0.857143,1.34821,106.144
0.857143,1.35714,101.568
0.857143,1.36607,92.878
0.857143,1.375,93.188
0.857143,1.38393,93.9
0.857143,1.39286,92.911
0.857143,1.40179,88.851
0.857143,1.41071,87.449
0.857143,1.41964,86.449
0.857143,1.42857,85.161
0.857143,1.4375,85.862
0.857143,1.44643,85.449
0.857143,1.45536,84.15
0.857143,1.46429,83.264
0.857143,1.47321,84.161
0.857143,1.48214,84.161
0.857143,1.49107,84.585
0.857143,1.5,85.781
0.857143,1.50893,87.461
0.857143,1.51786,89.554
0.847458,0,109.898
0.847458,0.00892857,97.351
0.847458,0.0178571,96.579
0.847458,0.0267857,101.796
0.847458,0.0357143,100.579
0.847458,0.0446429,101.4
0.847458,0.0535714,104.492
0.847458,0.0625,102.785
0.847458,0.0714286,105.35
0.847458,0.0803571,108.698
0.847458,0.0892857,108.988
0.847458,0.0982143,58.463
0.847458,0.107143,58.948
0.847458,0.116071,56.959
0.847458,0.125,57.269
0.847458,0.133929,58.269
0.847458,0.142857,58.269
0.847458,0.151786,57.372
0.847458,0.160714,57.845
0.847458,0.169643,56.393
0.847458,0.178571,82.731
0.847458,0.1875,108.862
0.847458,0.196429,106.144
0.847458,0.205357,104.916
0.847458,0.214286,103.628
0.847458,0.223214,99.579
0.847458,0.232143,102.867
0.847458,0.241071,100.155
0.847458,0.25,97.155
0.847458,0.258929,98.166
0.847458,0.267857,99.166
0.847458,0.276786,94.878
0.847458,0.285714,93.878
0.847458,0.294643,95.889
0.847458,0.303571,93.188
0.847458,0.3125,93.188
0.847458,0.321429,92.188
0.847458,0.330357,93.188
0.847458,0.339286,94.188
0.847458,0.348214,93.188
0.847458,0.357143,94.188
0.847458,0.366071,91.601
0.847458,0.375,94.601
0.847458,0.383929,93.188
0.847458,0.392857,94.188
0.847458,0.401786,92.188
0.847458,0.410714,94.188
0.847458,0.419643,92.188
0.847458,0.428571,94.889
0.847458,0.4375,95.889
0.847458,0.446429,96.889
0.847458,0.455357,95.878
0.847458,0.464286,98.579
0.847458,0.473214,101.867
0.847458,0.482143,101.155
0.847458,0.491071,100.856
0.847458,0.5,104.856
0.847458,0.508929,104.617
0.847458,0.517857,105.204
0.847458,0.526786,107.905
0.847458,0.535714,109.307
0.847458,0.544643,108.595
0.847458,0.553571,112.182
0.847458,0.5625,115.883
0.847458,0.571429,116.171
0.847458,0.580357,124.22
0.847458,0.589286,125.551
0.847458,0.598214,126.828
0.847458,0.607143,127.116
0.847458,0.616071,130.105
0.847458,0.625,131.197
0.847458,0.633929,136.577
0.847458,0.642857,139.658
0.847458,0.651786,147.234
0.847458,0.660714,140.576
0.847458,0.669643,144.152
0.847458,0.678571,144.543
0.847458,0.6875,149.108
0.847458,0.696429,150.738
0.847458,0.705357,151.613
0.847458,0.714286,154.428
0.847458,0.723214,153.83
0.847458,0.732143,154.118
0.847458,0.741071,158.509
0.847458,0.75,157.797
0.847458,0.758929,160.085
0.847458,0.767857,158.085
0.847458,0.776786,159.085
0.847458,0.785714,158.096
0.847458,0.794643,156.096
0.847458,0.803571,156.395
0.847458,0.8125,154.808
0.847458,0.821429,155.808
0.847458,0.830357,155.107
0.847458,0.839286,155.107
0.847458,0.848214,154.395
0.847458,0.857143,155.096
0.847458,0.866071,155.797
0.847458,0.875,157.683
0.847458,0.883929,159.167
0.847458,0.892857,161.309
0.847458,0.901786,162.875
0.847458,0.910714,163.946
0.847458,0.919643,169.235
0.847458,0.928571,170.719
0.847458,0.9375,170.975
0.847458,0.946429,169.758
0.847458,0.955357,173.014
0.847458,0.964286,171.911
0.847458,0.973214,172.683
0.847458,0.982143,171.569
0.847458,0.991071,171.672
0.847458,1,172.156
0.847458,1.00893,175.526
0.847458,1.01786,173.124
0.847458,1.02679,174.01
0.847458,1.03571,175.01
0.847458,1.04464,175.01
0.847458,1.05357,174.597
0.847458,1.0625,174.896
0.847458,1.07143,175.01
0.847458,1.08036,174.01
0.847458,1.08929,175.01
0.847458,1.09821,176.01
0.847458,1.10714,175.124
0.847458,1.11607,175.124
0.847458,1.125,175.124
0.847458,1.13393,175.124
0.847458,1.14286,172.754
0.847458,1.15179,174.455
0.847458,1.16071,171.971
0.847458,1.16964,172.487
0.847458,1.17857,171.715
0.847458,1.1875,168.715
0.847458,1.19643,172.405
0.847458,1.20536,170.562
0.847458,1.21429,168.708
0.847458,1.22321,168.11
0.847458,1.23214,167.327
0.847458,1.24107,164.989
0.847458,1.25,161.167
0.847458,1.25893,158.384
0.847458,1.26786,153.591
0.847458,1.27679,151.108
0.847458,1.28571,146.853
0.847458,1.29464,137.669
0.847458,1.30357,128.784
0.847458,1.3125,124.54
0.847458,1.32143,119.872
0.847458,1.33036,109.834
0.847458,1.33929,107.133
0.847458,1.34821,104.731
0.847458,1.35714,100.155
0.847458,1.36607,97.166
0.847458,1.375,94.889
0.847458,1.38393,91.601
0.847458,1.39286,91.199
0.847458,1.40179,89.851
0.847458,1.41071,88.449
0.847458,1.41964,87.449
0.847458,1.42857,86.161
0.847458,1.4375,85.862
0.847458,1.44643,85.449
0.847458,1.45536,84.15
0.847458,1.46429,83.851
0.847458,1.47321,84.449
0.847458,1.48214,84.449
0.847458,1.49107,83.987
0.847458,1.5,84.368
0.847458,1.50893,86.162
0.847458,1.51786,87.842
0.837772,0,114.186
0.837772,0.00892857,98.155
0.837772,0.0178571,98.856
0.837772,0.0267857,103.073
0.837772,0.0357143,103.568
0.837772,0.0446429,103.688
0.837772,0.0535714,104.595
0.837772,0.0625,103.546
0.837772,0.0714286,108.649
0.837772,0.0803571,109.801
0.837772,0.0892857,107.781
0.837772,0.0982143,59.751
0.837772,0.107143,57.236
0.837772,0.116071,56.959
0.837772,0.125,58.269
0.837772,0.133929,58.269
0.837772,0.142857,58.269
0.837772,0.151786,57.372
0.837772,0.160714,57.959
0.837772,0.169643,56.898
0.837772,0.178571,90.926
0.837772,0.1875,108.84
0.837772,0.196429,108.051
0.837772,0.205357,106.019
0.837772,0.214286,103.595
0.837772,0.223214,102.959
0.837772,0.232143,103.155
0.837772,0.241071,103.856
0.837772,0.25,100.155
0.837772,0.258929,95.155
0.837772,0.267857,96.166
0.837772,0.276786,98.166
0.837772,0.285714,99.166
0.837772,0.294643,99.878
0.837772,0.303571,92.889
0.837772,0.3125,96.188
0.837772,0.321429,95.188
0.837772,0.330357,95.188
0.837772,0.339286,94.188
0.837772,0.348214,94.188
0.837772,0.357143,93.188
0.837772,0.366071,93.188
0.837772,0.375,93.9
0.837772,0.383929,92.9
0.837772,0.392857,93.601
0.837772,0.401786,92.188
0.837772,0.410714,96.188
0.837772,0.419643,95.188
0.837772,0.428571,95.188
0.837772,0.4375,97.188
0.837772,0.446429,96.889
0.837772,0.455357,97.889
0.837772,0.464286,96.878
0.837772,0.473214,98.166
0.837772,0.482143,97.155
0.837772,0.491071,102.155
0.837772,0.5,100.856
0.837772,0.508929,99.916
0.837772,0.517857,101.916
0.837772,0.526786,105.503
0.837772,0.535714,108.606
0.837772,0.544643,107.193
0.837772,0.553571,110.595
0.837772,0.5625,112.595
0.837772,0.571429,113.883
0.837772,0.580357,117.943
0.837772,0.589286,121.633
0.837772,0.598214,124.91
0.837772,0.607143,119.839
0.837772,0.616071,126.54
0.837772,0.625,128.404
0.837772,0.633929,132.083
0.837772,0.642857,135.577
0.837772,0.651786,137.267
0.837772,0.660714,140.669
0.837772,0.669643,142.946
0.837772,0.678571,148.348
0.837772,0.6875,143.141
0.837772,0.696429,146.543
0.837772,0.705357,151.532
0.837772,0.714286,150.564
0.837772,0.723214,151.852
0.837772,0.732143,150.542
0.837772,0.741071,149.406
0.837772,0.75,155.808
0.837772,0.758929,160.395
0.837772,0.767857,156.096
0.837772,0.776786,157.096
0.837772,0.785714,159.085
0.837772,0.794643,157.085
0.837772,0.803571,156.498
0.837772,0.8125,156.096
0.837772,0.821429,155.808
0.837772,0.830357,157.107
0.837772,0.839286,156.107
0.837772,0.848214,153.993
0.837772,0.857143,154.281
0.837772,0.866071,156.096
0.837772,0.875,157.324
0.837772,0.883929,156.096
0.837772,0.892857,161.167
0.837772,0.901786,163.793
0.837772,0.910714,163.69
0.837772,0.919643,162.039
0.837772,0.928571,168.822
0.837772,0.9375,171.377
0.837772,0.946429,168.345
0.837772,0.955357,171.715
0.837772,0.964286,171.487
0.837772,0.973214,172.601
0.837772,0.982143,170.199
0.837772,0.991071,172.9
0.837772,1,174.672
0.837772,1.00893,172.928
0.837772,1.01786,175.113
0.837772,1.02679,174.124
0.837772,1.03571,175.124
0.837772,1.04464,175.124
0.837772,1.05357,175.01
0.837772,1.0625,175.01
0.837772,1.07143,175.01
0.837772,1.08036,175.01
0.837772,1.08929,175.124
0.837772,1.09821,175.124
0.837772,1.10714,175.124
0.837772,1.11607,174.124
0.837772,1.125,173.754
0.837772,1.13393,173.754
0.837772,1.14286,171.683
0.837772,1.15179,173.672
0.837772,1.16071,170.9
0.837772,1.16964,171.715
0.837772,1.17857,173.003
0.837772,1.1875,170.231
0.837772,1.19643,172.003
0.837772,1.20536,170.149
0.837772,1.21429,168.306
0.837772,1.22321,169.409
0.837772,1.23214,166.099
0.837772,1.24107,166.875
0.837772,1.25,161.939
0.837772,1.25893,161.27
0.837772,1.26786,156.466
0.837772,1.27679,151.983
0.837772,1.28571,148.842
0.837772,1.29464,140.359
0.837772,1.30357,137.463
0.837772,1.3125,122.817
0.837772,1.32143,122.448
0.837772,1.33036,113.41
0.837772,1.33929,110.834
0.837772,1.34821,105.133
0.837772,1.35714,101.155
0.837772,1.36607,102.166
0.837772,1.375,98.889
0.837772,1.38393,92.188
0.837772,1.39286,92.9
0.837772,1.40179,89.851
0.837772,1.41071,87.449
0.837772,1.41964,87.449
0.837772,1.42857,86.161
0.837772,1.4375,85.862
0.837772,1.44643,85.449
0.837772,1.45536,84.449
0.837772,1.46429,83.851
0.837772,1.47321,84.449
0.837772,1.48214,84.449
0.837772,1.49107,84.574
0.837772,1.5,84.656
0.837772,1.50893,86.45
0.837772,1.51786,88.728
0.828087,0,118.659
0.828087,0.00892857,101.628
0.828087,0.0178571,102.557
0.828087,0.0267857,110.35
0.828087,0.0357143,106.557
0.828087,0.0446429,109.677
0.828087,0.0535714,110.356
0.828087,0.0625,110.72
0.828087,0.0714286,111.948
0.828087,0.0803571,113.203
0.828087,0.0892857,116.645
0.828087,0.0982143,65.854
0.828087,0.107143,56.535
0.828087,0.116071,57.845
0.828087,0.125,56.97
0.828087,0.133929,57.97
0.828087,0.142857,58.269
0.828087,0.151786,57.372
0.828087,0.160714,57.258
0.828087,0.169643,57.001
0.828087,0.178571,103.708
0.828087,0.1875,112.943
0.828087,0.196429,111.616
0.828087,0.205357,110.122
0.828087,0.214286,108.872
0.828087,0.223214,107.524
0.828087,0.232143,105.731
0.828087,0.241071,105.856
0.828087,0.25,105.557
0.828087,0.258929,103.856
0.828087,0.267857,103.155
0.828087,0.276786,99.867
0.828087,0.285714,95.867
0.828087,0.294643,97.166
0.828087,0.303571,95.889
0.828087,0.3125,96.59
0.828087,0.321429,95.889
0.828087,0.330357,95.889
0.828087,0.339286,94.889
0.828087,0.348214,93.889
0.828087,0.357143,93.889
0.828087,0.366071,91.601
0.828087,0.375,93.9
0.828087,0.383929,93.9
0.828087,0.392857,95.9
0.828087,0.401786,92.487
0.828087,0.410714,96.188
0.828087,0.419643,94.188
0.828087,0.428571,95.188
0.828087,0.4375,95.188
0.828087,0.446429,94.188
0.828087,0.455357,98.188
0.828087,0.464286,93.878
0.828087,0.473214,98.166
0.828087,0.482143,98.166
0.828087,0.491071,102.155
0.828087,0.5,98.155
0.828087,0.508929,105.514
0.828087,0.517857,105.215
0.828087,0.526786,104.916
0.828087,0.535714,104.905
0.828087,0.544643,109.193
0.828087,0.553571,105.595
0.828087,0.5625,111.595
0.828087,0.571429,111.595
0.828087,0.580357,108.242
0.828087,0.589286,112.932
0.828087,0.598214,119.622
0.828087,0.607143,123.736
0.828087,0.616071,121.736
0.828087,0.625,128.54
0.828087,0.633929,129.806
0.828087,0.642857,129.724
0.828087,0.651786,132.414
0.828087,0.660714,132.104
0.828087,0.669643,137.566
0.828087,0.678571,142.082
0.828087,0.6875,145.473
0.828087,0.696429,143.277
0.828087,0.705357,147.451
0.828087,0.714286,152.173
0.828087,0.723214,151.151
0.828087,0.732143,150.439
0.828087,0.741071,153.83
0.828087,0.75,154.118
0.828087,0.758929,157.107
0.828087,0.767857,154.808
0.828087,0.776786,155.509
0.828087,0.785714,158.786
0.828087,0.794643,158.085
0.828087,0.803571,157.085
0.828087,0.8125,156.384
0.828087,0.821429,156.096
0.828087,0.830357,155.808
0.828087,0.839286,153.808
0.828087,0.848214,154.705
0.828087,0.857143,155.292
0.828087,0.866071,156.694
0.828087,0.875,155.623
0.828087,0.883929,156.324
0.828087,0.892857,159.395
0.828087,0.901786,162.249
0.828087,0.910714,163.206
0.828087,0.919643,163.957
0.828087,0.928571,167.099
0.828087,0.9375,168.181
0.828087,0.946429,170.448
0.828087,0.955357,168.704
0.828087,0.964286,171.889
0.828087,0.973214,171.889
0.828087,0.982143,173.188
0.828087,0.991071,173.786
0.828087,1,172.672
0.828087,1.00893,172.928
0.828087,1.01786,174.526
0.828087,1.02679,174.124
0.828087,1.03571,174.124
0.828087,1.04464,174.825
0.828087,1.05357,173.711
0.828087,1.0625,175.01
0.828087,1.07143,175.01
0.828087,1.08036,174.01
0.828087,1.08929,175.124
0.828087,1.09821,173.825
0.828087,1.10714,175.825
0.828087,1.11607,173.825
0.828087,1.125,172.754
0.828087,1.13393,174.042
0.828087,1.14286,172.27
0.828087,1.15179,173.9
0.828087,1.16071,171.715
0.828087,1.16964,170.416
0.828087,1.17857,171.231
0.828087,1.1875,169.633
0.828087,1.19643,170.003
0.828087,1.20536,169.334
0.828087,1.21429,168.078
0.828087,1.22321,169.708
0.828087,1.23214,164.811
0.828087,1.24107,166.288
0.828087,1.25,160.825
0.828087,1.25893,161.971
0.828087,1.26786,156.167
0.828087,1.27679,150.086
0.828087,1.28571,148.532
0.828087,1.29464,143.75
0.828087,1.30357,144.153
0.828087,1.3125,132.795
0.828087,1.32143,124.839
0.828087,1.33036,112.524
0.828087,1.33929,110.834
0.828087,1.34821,105.133
0.828087,1.35714,99.856
0.828087,1.36607,98.166
0.828087,1.375,95.59
0.828087,1.38393,95.188
0.828087,1.39286,92.9
0.828087,1.40179,92.851
0.828087,1.41071,88.449
0.828087,1.41964,88.449
0.828087,1.42857,87.161
0.828087,1.4375,86.748
0.828087,1.44643,85.449
0.828087,1.45536,84.449
0.828087,1.46429,83.851
0.828087,1.47321,84.449
0.828087,1.48214,84.449
0.828087,1.49107,84.275
0.828087,1.5,84.357
0.828087,1.50893,86.564
0.828087,1.51786,88.429
0.818402,0,148.255
0.818402,0.00892857,121.299
0.818402,0.0178571,111.335
0.818402,0.0267857,113.481
0.818402,0.0357143,109.541
0.818402,0.0446429,115.943
0.818402,0.0535714,117.644
0.818402,0.0625,115.644
0.818402,0.0714286,117.747
0.818402,0.0803571,123.024
0.818402,0.0892857,122.427
0.818402,0.0982143,75.813
0.818402,0.107143,57.742
0.818402,0.116071,56.389
0.818402,0.125,57.415
0.818402,0.133929,57.372
0.818402,0.142857,58.155
0.818402,0.151786,57.486
0.818402,0.160714,57.041
0.818402,0.169643,57.794
0.818402,0.178571,125.505
0.818402,0.1875,123.106
0.818402,0.196429,118.046
0.818402,0.205357,117.04
0.818402,0.214286,113.769
0.818402,0.223214,110.965
0.818402,0.232143,110.133
0.818402,0.241071,111.133
0.818402,0.25,107.133
0.818402,0.258929,106.133
0.818402,0.267857,104.845
0.818402,0.276786,105.731
0.818402,0.285714,101.731
0.818402,0.294643,102.144
0.818402,0.303571,99.454
0.818402,0.3125,97.867
0.818402,0.321429,94.166
0.818402,0.330357,94.878
0.818402,0.339286,98.59
0.818402,0.348214,94.188
0.818402,0.357143,93.188
0.818402,0.366071,95.188
0.818402,0.375,95.188
0.818402,0.383929,95.199
0.818402,0.392857,93.911
0.818402,0.401786,94.911
0.818402,0.410714,94.9
0.818402,0.419643,91.601
0.818402,0.428571,92.889
0.818402,0.4375,95.188
0.818402,0.446429,94.601
0.818402,0.455357,91.889
0.818402,0.464286,96.177
0.818402,0.473214,99.166
0.818402,0.482143,99.166
0.818402,0.491071,100.166
0.818402,0.5,97.867
0.818402,0.508929,100.568
0.818402,0.517857,101.856
0.818402,0.526786,103.443
0.818402,0.535714,105.546
0.818402,0.544643,104.133
0.818402,0.553571,105.834
0.818402,0.5625,109.823
0.818402,0.571429,109.595
0.818402,0.580357,112.595
0.818402,0.589286,106.883
0.818402,0.598214,120.182
0.818402,0.607143,120.584
0.818402,0.616071,115.872
0.818402,0.625,119.16
0.818402,0.633929,122.861
0.818402,0.642857,124.54
0.818402,0.651786,128.105
0.818402,0.660714,132.393
0.818402,0.669643,134.083
0.818402,0.678571,132.773
0.818402,0.6875,137.278
0.818402,0.696429,142.256
0.818402,0.705357,143.832
0.818402,0.714286,152.429
0.818402,0.723214,148.244
0.818402,0.732143,147.945
0.818402,0.741071,149.635
0.818402,0.75,151.325
0.818402,0.758929,151.417
0.818402,0.767857,155.58
0.818402,0.776786,154.982
0.818402,0.785714,156.096
0.818402,0.794643,157.085
0.818402,0.803571,158.786
0.818402,0.8125,156.498
0.818402,0.821429,155.808
0.818402,0.830357,154.107
0.818402,0.839286,155.808
0.818402,0.848214,154.819
0.818402,0.857143,153.83
0.818402,0.866071,155.118
0.818402,0.875,155.107
0.818402,0.883929,154.808
0.818402,0.892857,155.509
0.818402,0.901786,157.683
0.818402,0.910714,158.569
0.818402,0.919643,163.451
0.818402,0.928571,165.43
0.818402,0.9375,167.11
0.818402,0.946429,169.078
0.818402,0.955357,170.932
0.818402,0.964286,171.715
0.818402,0.973214,171.188
0.818402,0.982143,169.672
0.818402,0.991071,171.928
0.818402,1,173.031
0.818402,1.00893,173.672
0.818402,1.01786,173.156
0.818402,1.02679,173.455
0.818402,1.03571,175.053
0.818402,1.04464,174.95
0.818402,1.05357,175.124
0.818402,1.0625,173.113
0.818402,1.07143,173.814
0.818402,1.08036,173.64
0.818402,1.08929,173.754
0.818402,1.09821,173.754
0.818402,1.10714,173.743
0.818402,1.11607,171.743
0.818402,1.125,174.754
0.818402,1.13393,173.754
0.818402,1.14286,173.27
0.818402,1.15179,173.971
0.818402,1.16071,173.601
0.818402,1.16964,170.715
0.818402,1.17857,170.715
0.818402,1.1875,172.231
0.818402,1.19643,171.302
0.818402,1.20536,172.003
0.818402,1.21429,169.861
0.818402,1.22321,168.893
0.818402,1.23214,167.099
0.818402,1.24107,166.761
0.818402,1.25,161.896
0.818402,1.25893,161.156
0.818402,1.26786,157.797
0.818402,1.27679,154.118
0.818402,1.28571,150.037
0.818402,1.29464,145.44
0.818402,1.30357,137.267
0.818402,1.3125,126.735
0.818402,1.32143,126.839
0.818402,1.33036,113.171
0.818402,1.33929,115.894
0.818402,1.34821,106.905
0.818402,1.35714,103.916
0.818402,1.36607,102.557
0.818402,1.375,95.155
0.818402,1.38393,98.59
0.818402,1.39286,93.612
0.818402,1.40179,91.21
0.818402,1.41071,89.21
0.818402,1.41964,89.21
0.818402,1.42857,87.509
0.818402,1.4375,87.335
0.818402,1.44643,86.449
0.818402,1.45536,85.449
0.818402,1.46429,83.449
0.818402,1.47321,83.862
0.818402,1.48214,84.449
0.818402,1.49107,83.862
0.818402,1.5,84.585
0.818402,1.50893,85.667
0.818402,1.51786,87.76
0.808717,0,249.319
0.808717,0.00892857,189.047
0.808717,0.0178571,116.053
0.808717,0.0267857,114.242
0.808717,0.0357143,108.47
0.808717,0.0446429,115.171
0.808717,0.0535714,118.16
0.808717,0.0625,121.448
0.808717,0.0714286,124.551
0.808717,0.0803571,128.138
0.808717,0.0892857,129.345
0.808717,0.0982143,86.35
0.808717,0.107143,57.329
0.808717,0.116071,56.389
0.808717,0.125,57.714
0.808717,0.133929,57.372
0.808717,0.142857,58.155
0.808717,0.151786,57.6
0.808717,0.160714,57.041
0.808717,0.169643,60.185
0.808717,0.178571,129.173
0.808717,0.1875,127.209
0.808717,0.196429,124.448
0.808717,0.205357,122.73
0.808717,0.214286,119.758
0.808717,0.223214,119.829
0.808717,0.232143,114.296
0.808717,0.241071,113.823
0.808717,0.25,109.823
0.808717,0.258929,109.823
0.808717,0.267857,106.834
0.808717,0.276786,109.834
0.808717,0.285714,107.834
0.808717,0.294643,105.834
0.808717,0.303571,106.144
0.808717,0.3125,102.443
0.808717,0.321429,104.155
0.808717,0.330357,98.867
0.808717,0.339286,97.465
0.808717,0.348214,97.878
0.808717,0.357143,94.59
0.808717,0.366071,94.177
0.808717,0.375,90.889
0.808717,0.383929,92.188
0.808717,0.392857,92.9
0.808717,0.401786,92.9
0.808717,0.410714,94.9
0.808717,0.419643,94.487
0.808717,0.428571,92.188
0.808717,0.4375,93.487
0.808717,0.446429,93.313
0.808717,0.455357,92.302
0.808717,0.464286,95.59
0.808717,0.473214,97.878
0.808717,0.482143,96.878
0.808717,0.491071,98.878
0.808717,0.5,95.878
0.808717,0.508929,99.166
0.808717,0.517857,99.155
0.808717,0.526786,102.155
0.808717,0.535714,106.144
0.808717,0.544643,107.133
0.808717,0.553571,108.834
0.808717,0.5625,106.823
0.808717,0.571429,109.823
0.808717,0.580357,111.595
0.808717,0.589286,108.595
0.808717,0.598214,112.595
0.808717,0.607143,112.883
0.808717,0.616071,114.584
0.808717,0.625,119.171
0.808717,0.633929,120.171
0.808717,0.642857,118.035
0.808717,0.651786,122.839
0.808717,0.660714,125.127
0.808717,0.669643,126.817
0.808717,0.678571,128.692
0.808717,0.6875,129.382
0.808717,0.696429,138.648
0.808717,0.705357,137.338
0.808717,0.714286,145.163
0.808717,0.723214,144.565
0.808717,0.732143,145.152
0.808717,0.741071,149.141
0.808717,0.75,150.646
0.808717,0.758929,153.439
0.808717,0.767857,151.716
0.808717,0.776786,155.292
0.808717,0.785714,151.808
0.808717,0.794643,158.498
0.808717,0.803571,156.786
0.808717,0.8125,158.797
0.808717,0.821429,157.107
0.808717,0.830357,155.808
0.808717,0.839286,154.808
0.808717,0.848214,156.107
0.808717,0.857143,154.819
0.808717,0.866071,154.819
0.808717,0.875,157.107
0.808717,0.883929,154.808
0.808717,0.892857,155.509
0.808717,0.901786,158.085
0.808717,0.910714,159.384
0.808717,0.919643,161.679
0.808717,0.928571,165.946
0.808717,0.9375,165.626
0.808717,0.946429,169.007
0.808717,0.955357,172.747
0.808717,0.964286,171.416
0.808717,0.973214,172.9
0.808717,0.982143,172.444
0.808717,0.991071,171.814
0.808717,1,173.042
0.808717,1.00893,173.672
0.808717,1.01786,172.672
0.808717,1.02679,172.683
0.808717,1.03571,173.868
0.808717,1.04464,175.238
0.808717,1.05357,173.939
0.808717,1.0625,173.754
0.808717,1.07143,173.341
0.808717,1.08036,173.042
0.808717,1.08929,174.042
0.808717,1.09821,173.156
0.808717,1.10714,172.672
0.808717,1.11607,172.672
0.808717,1.125,173.27
0.808717,1.13393,173.27
0.808717,1.14286,171.971
0.808717,1.15179,171.9
0.808717,1.16071,174.188
0.808717,1.16964,171.715
0.808717,1.17857,171.231
0.808717,1.1875,171.231
0.808717,1.19643,171.704
0.808717,1.20536,170.932
0.808717,1.21429,169.633
0.808717,1.22321,167.779
0.808717,1.23214,168.213
0.808717,1.24107,164.647
0.808717,1.25,162.793
0.808717,1.25893,161.053
0.808717,1.26786,158.911
0.808717,1.27679,156.107
0.808717,1.28571,152.14
0.808717,1.29464,145.255
0.808717,1.30357,140.381
0.808717,1.3125,134.436
0.808717,1.32143,126.839
0.808717,1.33036,114.16
0.808717,1.33929,117.595
0.808717,1.34821,104.905
0.808717,1.35714,105.905
0.808717,1.36607,104.144
0.808717,1.375,96.856
0.808717,1.38393,96.59
0.808717,1.39286,94.612
0.808717,1.40179,92.21
0.808717,1.41071,90.21
0.808717,1.41964,89.21
0.808717,1.42857,87.21
0.808717,1.4375,87.335
0.808717,1.44643,85.449
0.808717,1.45536,84.449
0.808717,1.46429,83.862
0.808717,1.47321,83.862
0.808717,1.48214,84.449
0.808717,1.49107,83.862
0.808717,1.5,84.172
0.808717,1.50893,85.667
0.808717,1.51786,86.461
0.799031,0,208.377
0.799031,0.00892857,164.638
0.799031,0.0178571,112.797
0.799031,0.0267857,114.47
0.799031,0.0357143,117.171
0.799031,0.0446429,123.16
0.799031,0.0535714,122.861
0.799031,0.0625,123.85
0.799031,0.0714286,126.138
0.799031,0.0803571,126.839
0.799031,0.0892857,130.046
0.799031,0.0982143,96.556
0.799031,0.107143,56.546
0.799031,0.116071,56.389
0.799031,0.125,57.828
0.799031,0.133929,57.372
0.799031,0.142857,58.155
0.799031,0.151786,57.6
0.799031,0.160714,57.856
0.799031,0.169643,61.679
0.799031,0.178571,128.254
0.799031,0.1875,125.91
0.799031,0.196429,124.437
0.799031,0.205357,121.833
0.799031,0.214286,118.274
0.799031,0.223214,122.519
0.799031,0.232143,117.986
0.799031,0.241071,114.111
0.799031,0.25,112.111
0.799031,0.258929,118.111
0.799031,0.267857,112.823
0.799031,0.276786,109.823
0.799031,0.285714,108.823
0.799031,0.294643,110.823
0.799031,0.303571,106.133
0.799031,0.3125,106.133
0.799031,0.321429,106.432
0.799031,0.330357,106.144
0.799031,0.339286,103.856
0.799031,0.348214,100.155
0.799031,0.357143,97.454
0.799031,0.366071,99.454
0.799031,0.375,99.465
0.799031,0.383929,96.59
0.799031,0.392857,93.188
0.799031,0.401786,92.188
0.799031,0.410714,94.188
0.799031,0.419643,93.188
0.799031,0.428571,93.188
0.799031,0.4375,93.313
0.799031,0.446429,93.313
0.799031,0.455357,93.601
0.799031,0.464286,93.889
0.799031,0.473214,93.889
0.799031,0.482143,97.889
0.799031,0.491071,97.889
0.799031,0.5,100.59
0.799031,0.508929,98.465
0.799031,0.517857,104.166
0.799031,0.526786,105.155
0.799031,0.535714,106.144
0.799031,0.544643,104.845
0.799031,0.553571,105.834
0.799031,0.5625,106.834
0.799031,0.571429,109.823
0.799031,0.580357,112.193
0.799031,0.589286,111.193
0.799031,0.598214,111.595
0.799031,0.607143,114.296
0.799031,0.616071,109.883
0.799031,0.625,114.584
0.799031,0.633929,114.171
0.799031,0.642857,114.758
0.799031,0.651786,117.459
0.799031,0.660714,118.573
0.799031,0.669643,121.149
0.799031,0.678571,123.54
0.799031,0.6875,125.817
0.799031,0.696429,132.094
0.799031,0.705357,131.784
0.799031,0.714286,137.68
0.799031,0.723214,138.669
0.799031,0.732143,140.886
0.799031,0.741071,142.761
0.799031,0.75,147.266
0.799031,0.758929,148.831
0.799031,0.767857,146.624
0.799031,0.776786,152.026
0.799031,0.785714,154.129
0.799031,0.794643,153.808
0.799031,0.803571,157.096
0.799031,0.8125,152.509
0.799031,0.821429,153.808
0.799031,0.830357,154.808
0.799031,0.839286,155.683
0.799031,0.848214,156.21
0.799031,0.857143,155.107
0.799031,0.866071,151.808
0.799031,0.875,155.509
0.799031,0.883929,156.096
0.799031,0.892857,156.096
0.799031,0.901786,158.096
0.799031,0.910714,158.395
0.799031,0.919643,162.423
0.799031,0.928571,162.391
0.799031,0.9375,162.174
0.799031,0.946429,168.512
0.799031,0.955357,168.665
0.799031,0.964286,172.231
0.799031,0.973214,171.9
0.799031,0.982143,172.672
0.799031,0.991071,172.042
0.799031,1,173.042
0.799031,1.00893,173.971
0.799031,1.01786,172.672
0.799031,1.02679,172.672
0.799031,1.03571,173.156
0.799031,1.04464,172.455
0.799031,1.05357,172.754
0.799031,1.0625,174.341
0.799031,1.07143,173.156
0.799031,1.08036,172.27
0.799031,1.08929,172.27
0.799031,1.09821,171.27
0.799031,1.10714,171.199
0.799031,1.11607,172.9
0.799031,1.125,172.601
0.799031,1.13393,173.601
0.799031,1.14286,171.601
0.799031,1.15179,171.715
0.799031,1.16071,171.715
0.799031,1.16964,171.231
0.799031,1.17857,171.231
0.799031,1.1875,170.932
0.799031,1.19643,169.921
0.799031,1.20536,170.921
0.799031,1.21429,170.149
0.799031,1.22321,167.48
0.799031,1.23214,166.224
0.799031,1.24107,165.359
0.799031,1.25,164.391
0.799031,1.25893,162.352
0.799031,1.26786,159.384
0.799031,1.27679,157.808
0.799031,1.28571,154.417
0.799031,1.29464,150.119
0.799031,1.30357,142.473
0.799031,1.3125,142.012
0.799031,1.32143,128.116
0.799031,1.33036,115.975
0.799031,1.33929,115.584
0.799031,1.34821,106.894
0.799031,1.35714,107.905
0.799031,1.36607,105.546
0.799031,1.375,100.856
0.799031,1.38393,96.177
0.799031,1.39286,93.9
0.799031,1.40179,93.911
0.799031,1.41071,93.21
0.799031,1.41964,91.21
0.799031,1.42857,88.21
0.799031,1.4375,87.623
0.799031,1.44643,85.449
0.799031,1.45536,84.449
0.799031,1.46429,83.862
0.799031,1.47321,83.862
0.799031,1.48214,84.449
0.799031,1.49107,83.862
0.799031,1.5,84.172
0.799031,1.50893,85.667
0.799031,1.51786,87.162
0.789346,0,125.117
0.789346,0.00892857,112.161
0.789346,0.0178571,114.698
0.789346,0.0267857,113.171
0.789346,0.0357143,120.171
0.789346,0.0446429,115.872
0.789346,0.0535714,117.861
0.789346,0.0625,118.562
0.789346,0.0714286,120.551
0.789346,0.0803571,123.138
0.789346,0.0892857,128.633
0.789346,0.0982143,98.762
0.789346,0.107143,57.948
0.789346,0.116071,57.503
0.789346,0.125,57.127
0.789346,0.133929,57.144
0.789346,0.142857,57.557
0.789346,0.151786,57.589
0.789346,0.160714,57.97
0.789346,0.169643,62.597
0.789346,0.178571,124.286
0.789346,0.1875,121.747
0.789346,0.196429,119.149
0.789346,0.205357,120.545
0.789346,0.214286,115.47
0.789346,0.223214,113.046
0.789346,0.232143,117.399
0.789346,0.241071,116.41
0.789346,0.25,115.41
0.789346,0.258929,112.41
0.789346,0.267857,111.524
0.789346,0.276786,113.41
0.789346,0.285714,112.823
0.789346,0.294643,111.823
0.789346,0.303571,107.823
0.789346,0.3125,109.834
0.789346,0.321429,109.834
0.789346,0.330357,107.834
0.789346,0.339286,107.133
0.789346,0.348214,104.845
0.789346,0.357143,106.845
0.789346,0.366071,102.557
0.789346,0.375,99.155
0.789346,0.383929,98.454
0.789346,0.392857,96.465
0.789346,0.401786,99.465
0.789346,0.410714,99.59
0.789346,0.419643,94.889
0.789346,0.428571,93.889
0.789346,0.4375,95.601
0.789346,0.446429,93.601
0.789346,0.455357,94.188
0.789346,0.464286,92.188
0.789346,0.473214,96.188
0.789346,0.482143,92.188
0.789346,0.491071,95.188
0.789346,0.5,93.889
0.789346,0.508929,97.579
0.789346,0.517857,100.166
0.789346,0.526786,100.454
0.789346,0.535714,103.856
0.789346,0.544643,103.144
0.789346,0.553571,108.133
0.789346,0.5625,105.133
0.789346,0.571429,108.834
0.789346,0.580357,108.193
0.789346,0.589286,109.193
0.789346,0.598214,107.193
0.789346,0.607143,112.595
0.789346,0.616071,109.182
0.789346,0.625,114.883
0.789346,0.633929,108.883
0.789346,0.642857,110.883
0.789346,0.651786,113.883
0.789346,0.660714,121.883
0.789346,0.669643,112.171
0.789346,0.678571,120.861
0.789346,0.6875,120.437
0.789346,0.696429,129.426
0.789346,0.705357,126.518
0.789346,0.714286,136.3
0.789346,0.723214,134.289
0.789346,0.732143,139.691
0.789346,0.741071,136.968
0.789346,0.75,144.174
0.789346,0.758929,144.451
0.789346,0.767857,150.429
0.789346,0.776786,153.119
0.789346,0.785714,150.037
0.789346,0.794643,152.015
0.789346,0.803571,154.694
0.789346,0.8125,154.808
0.789346,0.821429,154.808
0.789346,0.830357,155.509
0.789346,0.839286,156.085
0.789346,0.848214,154.786
0.789346,0.857143,159.085
0.789346,0.866071,155.384
0.789346,0.875,154.797
0.789346,0.883929,157.096
0.789346,0.892857,157.096
0.789346,0.901786,158.096
0.789346,0.910714,157.096
0.789346,0.919643,159.053
0.789346,0.928571,161.238
0.789346,0.9375,161.733
0.789346,0.946429,164.772
0.789346,0.955357,166.11
0.789346,0.964286,167.448
0.789346,0.973214,170.416
0.789346,0.982143,171.786
0.789346,0.991071,173.27
0.789346,1,172.27
0.789346,1.00893,172.971
0.789346,1.01786,173.672
0.789346,1.02679,172.672
0.789346,1.03571,173.672
0.789346,1.04464,173.672
0.789346,1.05357,174.971
0.789346,1.0625,172.27
0.789346,1.07143,172.797
0.789346,1.08036,171.911
0.789346,1.08929,173.9
0.789346,1.09821,171.9
0.789346,1.10714,172.014
0.789346,1.11607,172.715
0.789346,1.125,170.818
0.789346,1.13393,171.932
0.789346,1.14286,170.932
0.789346,1.15179,169.932
0.789346,1.16071,170.633
0.789346,1.16964,170.633
0.789346,1.17857,170.633
0.789346,1.1875,170.633
0.789346,1.19643,169.209
0.789346,1.20536,170.138
0.789346,1.21429,169.149
0.789346,1.22321,167.779
0.789346,1.23214,167.697
0.789346,1.24107,164.843
0.789346,1.25,162.875
0.789346,1.25893,163.423
0.789346,1.26786,158.971
0.789346,1.27679,157.683
0.789346,1.28571,153.705
0.789346,1.29464,150.923
0.789346,1.30357,141.864
0.789346,1.3125,140.691
0.789346,1.32143,127.393
0.789346,1.33036,126.85
0.789346,1.33929,116.872
0.789346,1.34821,111.595
0.789346,1.35714,107.905
0.789346,1.36607,105.133
0.789346,1.375,103.443
0.789346,1.38393,96.878
0.789346,1.39286,94.889
0.789346,1.40179,92.612
0.789346,1.41071,89.911
0.789346,1.41964,89.911
0.789346,1.42857,89.21
0.789346,1.4375,87.623
0.789346,1.44643,86.449
0.789346,1.45536,84.449
0.789346,1.46429,84.748
0.789346,1.47321,84.161
0.789346,1.48214,83.862
0.789346,1.49107,83.862
0.789346,1.5,83.574
0.789346,1.50893,84.069
0.789346,1.51786,85.45
0.779661,0,125.061
0.779661,0.00892857,110.877
0.779661,0.0178571,110.154
0.779661,0.0267857,109.41
0.779661,0.0357143,108.182
0.779661,0.0446429,110.182
0.779661,0.0535714,112.883
0.779661,0.0625,111.758
0.779661,0.0714286,111.459
0.779661,0.0803571,114.16
0.779661,0.0892857,116.057
0.779661,0.0982143,98.484
0.779661,0.107143,56.268
0.779661,0.116071,56.731
0.779661,0.125,57.839
0.779661,0.133929,57.144
0.779661,0.142857,57.329
0.779661,0.151786,57.589
0.779661,0.160714,57.497
0.779661,0.169643,67.227
0.779661,0.178571,115.503
0.779661,0.1875,111.296
0.779661,0.196429,110.171
0.779661,0.205357,110.877
0.779661,0.214286,110.03
0.779661,0.223214,109.182
0.779661,0.232143,109.122
0.779661,0.241071,109.834
0.779661,0.25,106.834
0.779661,0.258929,106.834
0.779661,0.267857,108.834
0.779661,0.276786,109.133
0.779661,0.285714,108.133
0.779661,0.294643,109.133
0.779661,0.303571,108.834
0.779661,0.3125,109.834
0.779661,0.321429,107.834
0.779661,0.330357,110.834
0.779661,0.339286,109.834
0.779661,0.348214,110.834
0.779661,0.357143,111.834
0.779661,0.366071,107.133
0.779661,0.375,103.443
0.779661,0.383929,104.856
0.779661,0.392857,102.856
0.779661,0.401786,100.856
0.779661,0.410714,101.454
0.779661,0.419643,103.166
0.779661,0.428571,97.579
0.779661,0.4375,97.59
0.779661,0.446429,91.889
0.779661,0.455357,95.188
0.779661,0.464286,95.188
0.779661,0.473214,94.188
0.779661,0.482143,95.188
0.779661,0.491071,97.188
0.779661,0.5,95.188
0.779661,0.508929,95.291
0.779661,0.517857,96.579
0.779661,0.526786,98.867
0.779661,0.535714,105.155
0.779661,0.544643,102.557
0.779661,0.553571,105.845
0.779661,0.5625,109.133
0.779661,0.571429,107.133
0.779661,0.580357,106.905
0.779661,0.589286,110.492
0.779661,0.598214,110.193
0.779661,0.607143,110.894
0.779661,0.616071,111.595
0.779661,0.625,111.182
0.779661,0.633929,109.883
0.779661,0.642857,111.883
0.779661,0.651786,112.883
0.779661,0.660714,112.883
0.779661,0.669643,115.883
0.779661,0.678571,116.872
0.779661,0.6875,119.16
0.779661,0.696429,124.551
0.779661,0.705357,127.839
0.779661,0.714286,128.692
0.779661,0.723214,133.795
0.779661,0.732143,135.012
0.779661,0.741071,136.691
0.779661,0.75,138.968
0.779661,0.758929,139.832
0.779661,0.767857,144.152
0.779661,0.776786,144.554
0.779661,0.785714,144.059
0.779661,0.794643,149.037
0.779661,0.803571,151.015
0.779661,0.8125,155.118
0.779661,0.821429,154.819
0.779661,0.830357,159.509
0.779661,0.839286,156.085
0.779661,0.848214,157.786
0.779661,0.857143,158.085
0.779661,0.866071,158.085
0.779661,0.875,156.085
0.779661,0.883929,156.085
0.779661,0.892857,155.797
0.779661,0.901786,154.096
0.779661,0.910714,156.096
0.779661,0.919643,158.982
0.779661,0.928571,159.341
0.779661,0.9375,161.238
0.779661,0.946429,161.733
0.779661,0.955357,166.544
0.779661,0.964286,168.882
0.779661,0.973214,170.633
0.779661,0.982143,171.889
0.779661,0.991071,172.9
0.779661,1,172.9
0.779661,1.00893,170.9
0.779661,1.01786,172.9
0.779661,1.02679,171.9
0.779661,1.03571,173.487
0.779661,1.04464,172.188
0.779661,1.05357,172.188
0.779661,1.0625,170.014
0.779661,1.07143,172.014
0.779661,1.08036,173.014
0.779661,1.08929,172.715
0.779661,1.09821,171.829
0.779661,1.10714,168.943
0.779661,1.11607,170.943
0.779661,1.125,171.149
0.779661,1.13393,169.676
0.779661,1.14286,171.562
0.779661,1.15179,171.149
0.779661,1.16071,169.149
0.779661,1.16964,169.149
0.779661,1.17857,169.149
0.779661,1.1875,168.437
0.779661,1.19643,168.138
0.779661,1.20536,167.138
0.779661,1.21429,169.138
0.779661,1.22321,166.779
0.779661,1.23214,168.11
0.779661,1.24107,166.142
0.779661,1.25,166.06
0.779661,1.25893,164.907
0.779661,1.26786,158.982
0.779661,1.27679,159.982
0.779661,1.28571,154.808
0.779661,1.29464,147.428
0.779661,1.30357,148.07
0.779661,1.3125,139.968
0.779661,1.32143,133.784
0.779661,1.33036,127.54
0.779661,1.33929,118.16
0.779661,1.34821,112.296
0.779661,1.35714,109.193
0.779661,1.36607,109.133
0.779661,1.375,105.443
0.779661,1.38393,100.753
0.779661,1.39286,96.889
0.779661,1.40179,93.9
0.779661,1.41071,89.9
0.779661,1.41964,91.911
0.779661,1.42857,89.911
0.779661,1.4375,89.623
0.779661,1.44643,86.449
0.779661,1.45536,84.449
0.779661,1.46429,83.748
0.779661,1.47321,84.161
0.779661,1.48214,83.862
0.779661,1.49107,83.862
0.779661,1.5,83.574
0.779661,1.50893,84.656
0.779661,1.51786,84.45
0.769976,0,119.024
0.769976,0.00892857,106.965
0.769976,0.0178571,103.649
0.769976,0.0267857,106.432
0.769976,0.0357143,105.845
0.769976,0.0446429,108.845
0.769976,0.0535714,107.834
0.769976,0.0625,108.72
0.769976,0.0714286,107.421
0.769976,0.0803571,109.535
0.769976,0.0892857,108.421
0.769976,0.0982143,98.989
0.769976,0.107143,56.371
0.769976,0.116071,57.03
0.769976,0.125,59.138
0.769976,0.133929,57.144
0.769976,0.142857,57.617
0.769976,0.151786,57.589
0.769976,0.160714,57.611
0.769976,0.169643,68.319
0.769976,0.178571,112.019
0.769976,0.1875,110.503
0.769976,0.196429,107.182
0.769976,0.205357,105.013
0.769976,0.214286,108.476
0.769976,0.223214,102.155
0.769976,0.232143,104.443
0.769976,0.241071,106.155
0.769976,0.25,104.155
0.769976,0.258929,101.856
0.769976,0.267857,104.856
0.769976,0.276786,104.443
0.769976,0.285714,102.856
0.769976,0.294643,104.443
0.769976,0.303571,105.432
0.769976,0.3125,107.432
0.769976,0.321429,106.546
0.769976,0.330357,107.133
0.769976,0.339286,108.133
0.769976,0.348214,108.133
0.769976,0.357143,108.834
0.769976,0.366071,107.546
0.769976,0.375,106.144
0.769976,0.383929,106.144
0.769976,0.392857,106.144
0.769976,0.401786,103.546
0.769976,0.410714,103.144
0.769976,0.419643,103.856
0.769976,0.428571,99.155
0.769976,0.4375,101.454
0.769976,0.446429,96.568
0.769976,0.455357,98.465
0.769976,0.464286,91.878
0.769976,0.473214,94.889
0.769976,0.482143,94.889
0.769976,0.491071,95.889
0.769976,0.5,95.889
0.769976,0.508929,94.889
0.769976,0.517857,95.878
0.769976,0.526786,98.579
0.769976,0.535714,105.568
0.769976,0.544643,101.856
0.769976,0.553571,102.557
0.769976,0.5625,105.133
0.769976,0.571429,106.133
0.769976,0.580357,107.905
0.769976,0.589286,108.905
0.769976,0.598214,104.606
0.769976,0.607143,108.193
0.769976,0.616071,109.894
0.769976,0.625,107.595
0.769976,0.633929,108.595
0.769976,0.642857,110.296
0.769976,0.651786,111.883
0.769976,0.660714,109.883
0.769976,0.669643,108.595
0.769976,0.678571,114.883
0.769976,0.6875,114.872
0.769976,0.696429,113.16
0.769976,0.705357,118.263
0.769976,0.714286,118.839
0.769976,0.723214,131.828
0.769976,0.732143,129.991
0.769976,0.741071,134.083
0.769976,0.75,136.691
0.769976,0.758929,139.381
0.769976,0.767857,138.658
0.769976,0.776786,143.234
0.769976,0.785714,147.853
0.769976,0.794643,152.119
0.769976,0.803571,151.798
0.769976,0.8125,152.314
0.769976,0.821429,152.015
0.769976,0.830357,154.819
0.769976,0.839286,153.509
0.769976,0.848214,158.085
0.769976,0.857143,156.085
0.769976,0.866071,157.085
0.769976,0.875,158.085
0.769976,0.883929,156.797
0.769976,0.892857,156.096
0.769976,0.901786,158.096
0.769976,0.910714,157.096
0.769976,0.919643,156.982
0.769976,0.928571,159.982
0.769976,0.9375,158.982
0.769976,0.946429,161.939
0.769976,0.955357,164.978
0.769976,0.964286,167.028
0.769976,0.973214,171.779
0.769976,0.982143,167.633
0.769976,0.991071,171.003
0.769976,1,172.715
0.769976,1.00893,170.188
0.769976,1.01786,174.9
0.769976,1.02679,172.9
0.769976,1.03571,172.014
0.769976,1.04464,169.715
0.769976,1.05357,169.715
0.769976,1.0625,171.53
0.769976,1.07143,169.231
0.769976,1.08036,169.231
0.769976,1.08929,172.932
0.769976,1.09821,172.046
0.769976,1.10714,170.861
0.769976,1.11607,170.975
0.769976,1.125,168.295
0.769976,1.13393,168.295
0.769976,1.14286,169.295
0.769976,1.15179,168.48
0.769976,1.16071,168.779
0.769976,1.16964,169.138
0.769976,1.17857,172.149
0.769976,1.1875,167.437
0.769976,1.19643,168.067
0.769976,1.20536,167.779
0.769976,1.21429,168.779
0.769976,1.22321,167.893
0.769976,1.23214,167.996
0.769976,1.24107,165.142
0.769976,1.25,162.359
0.769976,1.25893,163.804
0.769976,1.26786,159.053
0.769976,1.27679,158.156
0.769976,1.28571,156.683
0.769976,1.29464,152.232
0.769976,1.30357,145.646
0.769976,1.3125,142.185
0.769976,1.32143,133.773
0.769976,1.33036,126.404
0.769976,1.33929,124.437
0.769976,1.34821,115.47
0.769976,1.35714,111.193
0.769976,1.36607,107.133
0.769976,1.375,104.144
0.769976,1.38393,98.454
0.769976,1.39286,97.59
0.769976,1.40179,93.487
0.769976,1.41071,90.9
0.769976,1.41964,92.9
0.769976,1.42857,90.911
0.769976,1.4375,90.623
0.769976,1.44643,85.449
0.769976,1.45536,85.449
0.769976,1.46429,84.748
0.769976,1.47321,84.161
0.769976,1.48214,83.862
0.769976,1.49107,83.862
0.769976,1.5,84.46
0.769976,1.50893,84.77
0.769976,1.51786,85.738
0.760291,0,114.132
0.760291,0.00892857,98.927
0.760291,0.0178571,95.525
0.760291,0.0267857,99.65
0.760291,0.0357143,98.166
0.760291,0.0446429,98.867
0.760291,0.0535714,103.867
0.760291,0.0625,100.155
0.760291,0.0714286,101.155
0.760291,0.0803571,106.258
0.760291,0.0892857,107.03
0.760291,0.0982143,103.896
0.760291,0.107143,58.887
0.760291,0.116071,56.372
0.760291,0.125,56.85
0.760291,0.133929,57.144
0.760291,0.142857,57.606
0.760291,0.151786,57.589
0.760291,0.160714,57.312
0.760291,0.169643,80.237
0.760291,0.178571,108.535
0.760291,0.1875,104.856
0.760291,0.196429,100.193
0.760291,0.205357,104.323
0.760291,0.214286,98.498
0.760291,0.223214,99.454
0.760291,0.232143,98.28
0.760291,0.241071,98.476
0.760291,0.25,98.177
0.760291,0.258929,96.476
0.760291,0.267857,97.878
0.760291,0.276786,98.465
0.760291,0.285714,98.579
0.760291,0.294643,99.166
0.760291,0.303571,100.856
0.760291,0.3125,99.856
0.760291,0.321429,99.856
0.760291,0.330357,104.856
0.760291,0.339286,102.557
0.760291,0.348214,105.144
0.760291,0.357143,106.845
0.760291,0.366071,104.144
0.760291,0.375,105.144
0.760291,0.383929,108.731
0.760291,0.392857,110.133
0.760291,0.401786,106.834
0.760291,0.410714,106.834
0.760291,0.419643,107.432
0.760291,0.428571,104.557
0.760291,0.4375,102.557
0.760291,0.446429,103.144
0.760291,0.455357,100.155
0.760291,0.464286,97.867
0.760291,0.473214,97.878
0.760291,0.482143,96.878
0.760291,0.491071,96.878
0.760291,0.5,98.166
0.760291,0.508929,95.177
0.760291,0.517857,97.889
0.760291,0.526786,96.878
0.760291,0.535714,94.166
0.760291,0.544643,101.155
0.760291,0.553571,101.557
0.760291,0.5625,104.144
0.760291,0.571429,107.133
0.760291,0.580357,104.916
0.760291,0.589286,107.617
0.760291,0.598214,106.905
0.760291,0.607143,106.905
0.760291,0.616071,109.193
0.760291,0.625,109.894
0.760291,0.633929,106.595
0.760291,0.642857,108.595
0.760291,0.651786,108.595
0.760291,0.660714,108.193
0.760291,0.669643,108.193
0.760291,0.678571,112.894
0.760291,0.6875,111.193
0.760291,0.696429,113.595
0.760291,0.705357,114.883
0.760291,0.714286,121.231
0.760291,0.723214,121.519
0.760291,0.732143,120.839
0.760291,0.741071,126.518
0.760291,0.75,133.382
0.760291,0.758929,131.773
0.760291,0.767857,136.691
0.760291,0.776786,138.968
0.760291,0.785714,141.935
0.760291,0.794643,151.543
0.760291,0.803571,148.407
0.760291,0.8125,153.738
0.760291,0.821429,154.613
0.760291,0.830357,154.83
0.760291,0.839286,154.819
0.760291,0.848214,155.808
0.760291,0.857143,157.096
0.760291,0.866071,156.096
0.760291,0.875,157.096
0.760291,0.883929,156.096
0.760291,0.892857,155.096
0.760291,0.901786,155.096
0.760291,0.910714,153.096
0.760291,0.919643,155.982
0.760291,0.928571,156.971
0.760291,0.9375,159.085
0.760291,0.946429,157.982
0.760291,0.955357,161.423
0.760291,0.964286,165.473
0.760291,0.973214,170.224
0.760291,0.982143,165.79
0.760291,0.991071,168.633
0.760291,1,170.003
0.760291,1.00893,172.487
0.760291,1.01786,171.9
0.760291,1.02679,172.9
0.760291,1.03571,171.014
0.760291,1.04464,170.715
0.760291,1.05357,171.231
0.760291,1.0625,169.633
0.760291,1.07143,169.747
0.760291,1.08036,169.149
0.760291,1.08929,167.149
0.760291,1.09821,169.149
0.760291,1.10714,170.676
0.760291,1.11607,166.904
0.760291,1.125,166.811
0.760291,1.13393,167.099
0.760291,1.14286,168.996
0.760291,1.15179,168.996
0.760291,1.16071,168.295
0.760291,1.16964,168.779
0.760291,1.17857,169.138
0.760291,1.1875,170.138
0.760291,1.19643,169.067
0.760291,1.20536,169.779
0.760291,1.21429,170.779
0.760291,1.22321,167.779
0.760291,1.23214,167.11
0.760291,1.24107,166.8
0.760291,1.25,166.832
0.760291,1.25893,164.69
0.760291,1.26786,160.95
0.760291,1.27679,158.455
0.760291,1.28571,155.797
0.760291,1.29464,153.819
0.760291,1.30357,151.749
0.760291,1.3125,139.875
0.760291,1.32143,136.762
0.760291,1.33036,130.518
0.760291,1.33929,121.437
0.760291,1.34821,113.459
0.760291,1.35714,110.894
0.760291,1.36607,106.834
0.760291,1.375,104.432
0.760291,1.38393,104.155
0.760291,1.39286,96.878
0.760291,1.40179,96.188
0.760291,1.41071,92.188
0.760291,1.41964,91.9
0.760291,1.42857,90.911
0.760291,1.4375,91.623
0.760291,1.44643,87.449
0.760291,1.45536,86.449
0.760291,1.46429,85.449
0.760291,1.47321,84.161
0.760291,1.48214,83.862
0.760291,1.49107,84.449
0.760291,1.5,83.574
0.760291,1.50893,85.357
0.760291,1.51786,85.738
0.750605,0,110.234
0.750605,0.00892857,95.872
0.750605,0.0178571,92.547
0.750605,0.0267857,95.732
0.750605,0.0357143,98.59
0.750605,0.0446429,96.291
0.750605,0.0535714,96.476
0.750605,0.0625,100.579
0.750605,0.0714286,101.166
0.750605,0.0803571,103.753
0.750605,0.0892857,101.155
0.750605,0.0982143,106.298
0.750605,0.107143,61.218
0.750605,0.116071,56.959
0.750605,0.125,57.437
0.750605,0.133929,57.258
0.750605,0.142857,57.318
0.750605,0.151786,57.187
0.750605,0.160714,56.529
0.750605,0.169643,92.258
0.750605,0.178571,102.997
0.750605,0.1875,99.041
0.750605,0.196429,98.318
0.750605,0.205357,98.508
0.750605,0.214286,97.726
0.750605,0.223214,91.291
0.750605,0.232143,94.59
0.750605,0.241071,92.188
0.750605,0.25,93.188
0.750605,0.258929,93.188
0.750605,0.267857,93.188
0.750605,0.276786,95.889
0.750605,0.285714,95.188
0.750605,0.294643,92.889
0.750605,0.303571,93.878
0.750605,0.3125,94.878
0.750605,0.321429,94.579
0.750605,0.330357,98.166
0.750605,0.339286,98.155
0.750605,0.348214,97.856
0.750605,0.357143,99.856
0.750605,0.366071,100.856
0.750605,0.375,100.856
0.750605,0.383929,102.144
0.750605,0.392857,108.834
0.750605,0.401786,106.834
0.750605,0.410714,107.834
0.750605,0.419643,108.834
0.750605,0.428571,105.834
0.750605,0.4375,108.834
0.750605,0.446429,105.834
0.750605,0.455357,101.443
0.750605,0.464286,102.856
0.750605,0.473214,101.155
0.750605,0.482143,101.155
0.750605,0.491071,102.155
0.750605,0.5,100.568
0.750605,0.508929,95.878
0.750605,0.517857,96.59
0.750605,0.526786,96.878
0.750605,0.535714,98.166
0.750605,0.544643,102.155
0.750605,0.553571,101.856
0.750605,0.5625,102.144
0.750605,0.571429,106.144
0.750605,0.580357,103.916
0.750605,0.589286,105.916
0.750605,0.598214,102.905
0.750605,0.607143,106.905
0.750605,0.616071,106.606
0.750605,0.625,106.193
0.750605,0.633929,106.894
0.750605,0.642857,108.193
0.750605,0.651786,106.905
0.750605,0.660714,111.905
0.750605,0.669643,111.617
0.750605,0.678571,107.905
0.750605,0.6875,108.905
0.750605,0.696429,109.193
0.750605,0.705357,113.595
0.750605,0.714286,113.595
0.750605,0.723214,118.068
0.750605,0.732143,119.046
0.750605,0.741071,124.437
0.750605,0.75,133.828
0.750605,0.758929,135.094
0.750605,0.767857,136.784
0.750605,0.776786,137.588
0.750605,0.785714,143.658
0.750605,0.794643,144.337
0.750605,0.803571,148.543
0.750605,0.8125,148.521
0.750605,0.821429,149.336
0.750605,0.830357,146.727
0.750605,0.839286,152.118
0.750605,0.848214,154.52
0.750605,0.857143,151.808
0.750605,0.866071,155.808
0.750605,0.875,157.808
0.750605,0.883929,157.096
0.750605,0.892857,159.096
0.750605,0.901786,157.096
0.750605,0.910714,158.096
0.750605,0.919643,156.569
0.750605,0.928571,156.971
0.750605,0.9375,157.786
0.750605,0.946429,158.683
0.750605,0.955357,157.939
0.750605,0.964286,161.516
0.750605,0.973214,164.441
0.750605,0.982143,164.882
0.750605,0.991071,168.622
0.750605,1,171.106
0.750605,1.00893,170.188
0.750605,1.01786,171.9
0.750605,1.02679,172.9
0.750605,1.03571,172.014
0.750605,1.04464,171.829
0.750605,1.05357,172.046
0.750605,1.0625,168.149
0.750605,1.07143,168.149
0.750605,1.08036,169.078
0.750605,1.08929,170.893
0.750605,1.09821,169.594
0.750605,1.10714,169.594
0.750605,1.11607,167.295
0.750605,1.125,165.8
0.750605,1.13393,165.74
0.750605,1.14286,168.099
0.750605,1.15179,168.099
0.750605,1.16071,167.996
0.750605,1.16964,167.882
0.750605,1.17857,170.181
0.750605,1.1875,165.067
0.750605,1.19643,168.007
0.750605,1.20536,167.007
0.750605,1.21429,170.79
0.750605,1.22321,166.48
0.750605,1.23214,168.697
0.750605,1.24107,167.501
0.750605,1.25,164.419
0.750605,1.25893,163.391
0.750605,1.26786,160.95
0.750605,1.27679,160.868
0.750605,1.28571,156.971
0.750605,1.29464,153.808
0.750605,1.30357,153.037
0.750605,1.3125,142.576
0.750605,1.32143,136.979
0.750605,1.33036,134.094
0.750605,1.33929,123.127
0.750605,1.34821,122.16
0.750605,1.35714,113.182
0.750605,1.36607,108.834
0.750605,1.375,102.845
0.750605,1.38393,98.856
0.750605,1.39286,98.465
0.750605,1.40179,97.188
0.750605,1.41071,92.188
0.750605,1.41964,90.9
0.750605,1.42857,91.911
0.750605,1.4375,90.623
0.750605,1.44643,87.449
0.750605,1.45536,84.748
0.750605,1.46429,84.161
0.750605,1.47321,84.161
0.750605,1.48214,83.862
0.750605,1.49107,84.449
0.750605,1.5,83.161
0.750605,1.50893,84.357
0.750605,1.51786,85.738
0.74092,0,106.561
0.74092,0.00892857,90.324
0.74092,0.0178571,90.319
0.74092,0.0267857,93.259
0.74092,0.0357143,93.601
0.74092,0.0446429,97.188
0.74092,0.0535714,92.188
0.74092,0.0625,95.889
0.74092,0.0714286,97.878
0.74092,0.0803571,96.878
0.74092,0.0892857,100.568
0.74092,0.0982143,102.205
0.74092,0.107143,62.5
0.74092,0.116071,57.03
0.74092,0.125,56.877
0.74092,0.133929,57.437
0.74092,0.142857,57.155
0.74092,0.151786,57.215
0.74092,0.160714,56.414
0.74092,0.169643,97.61
0.74092,0.178571,101.623
0.74092,0.1875,98.476
0.74092,0.196429,96.003
0.74092,0.205357,94.394
0.74092,0.214286,92.601
0.74092,0.223214,92.911
0.74092,0.232143,92.612
0.74092,0.241071,92.9
0.74092,0.25,89.9
0.74092,0.258929,93.612
0.74092,0.267857,92.612
0.74092,0.276786,92.612
0.74092,0.285714,91.612
0.74092,0.294643,90.612
0.74092,0.303571,89.911
0.74092,0.3125,91.911
0.74092,0.321429,94.612
0.74092,0.330357,92.9
0.74092,0.339286,92.9
0.74092,0.348214,93.188
0.74092,0.357143,95.889
0.74092,0.366071,97.889
0.74092,0.375,98.166
0.74092,0.383929,104.155
0.74092,0.392857,104.856
0.74092,0.401786,106.144
0.74092,0.410714,105.133
0.74092,0.419643,108.834
0.74092,0.428571,107.823
0.74092,0.4375,109.823
0.74092,0.446429,105.823
0.74092,0.455357,109.122
0.74092,0.464286,106.122
0.74092,0.473214,104.834
0.74092,0.482143,103.557
0.74092,0.491071,103.856
0.74092,0.5,101.166
0.74092,0.508929,100.166
0.74092,0.517857,101.579
0.74092,0.526786,98.579
0.74092,0.535714,97.878
0.74092,0.544643,102.465
0.74092,0.553571,99.454
0.74092,0.5625,104.856
0.74092,0.571429,103.144
0.74092,0.580357,102.144
0.74092,0.589286,102.144
0.74092,0.598214,105.144
0.74092,0.607143,105.144
0.74092,0.616071,102.845
0.74092,0.625,106.731
0.74092,0.633929,107.731
0.74092,0.642857,104.845
0.74092,0.651786,108.144
0.74092,0.660714,108.133
0.74092,0.669643,106.133
0.74092,0.678571,107.834
0.74092,0.6875,108.823
0.74092,0.696429,110.823
0.74092,0.705357,110.823
0.74092,0.714286,114.111
0.74092,0.723214,114.823
0.74092,0.732143,118.111
0.74092,0.741071,120.399
0.74092,0.75,126.79
0.74092,0.758929,128.355
0.74092,0.767857,131.735
0.74092,0.776786,134.311
0.74092,0.785714,131.012
0.74092,0.794643,138.691
0.74092,0.803571,139.957
0.74092,0.8125,144.636
0.74092,0.821429,151.831
0.74092,0.830357,150.407
0.74092,0.839286,151.097
0.74092,0.848214,155.303
0.74092,0.857143,156.107
0.74092,0.866071,156.808
0.74092,0.875,158.096
0.74092,0.883929,159.085
0.74092,0.892857,157.085
0.74092,0.901786,157.085
0.74092,0.910714,156.085
0.74092,0.919643,157.085
0.74092,0.928571,155.085
0.74092,0.9375,155.085
0.74092,0.946429,157.982
0.74092,0.955357,158.466
0.74092,0.964286,159.434
0.74092,0.973214,165.701
0.74092,0.982143,165.256
0.74092,0.991071,170.007
0.74092,1,168.562
0.74092,1.00893,171.231
0.74092,1.01786,173.9
0.74092,1.02679,172.9
0.74092,1.03571,169.715
0.74092,1.04464,172.932
0.74092,1.05357,169.861
0.74092,1.0625,168.676
0.74092,1.07143,169.893
0.74092,1.08036,167.409
0.74092,1.08929,166.512
0.74092,1.09821,168.327
0.74092,1.10714,164.914
0.74092,1.11607,166.398
0.74092,1.125,168.398
0.74092,1.13393,168.099
0.74092,1.14286,164.729
0.74092,1.15179,163.658
0.74092,1.16071,160.658
0.74092,1.16964,163.131
0.74092,1.17857,164.914
0.74092,1.1875,167.985
0.74092,1.19643,166.235
0.74092,1.20536,167.007
0.74092,1.21429,168.007
0.74092,1.22321,168.708
0.74092,1.23214,167.811
0.74092,1.24107,167.43
0.74092,1.25,162.647
0.74092,1.25893,163.092
0.74092,1.26786,162.836
0.74092,1.27679,160.868
0.74092,1.28571,156.085
0.74092,1.29464,155.509
0.74092,1.30357,156.439
0.74092,1.3125,145.853
0.74092,1.32143,141.647
0.74092,1.33036,137.588
0.74092,1.33929,124.458
0.74092,1.34821,118.377
0.74092,1.35714,112.111
0.74092,1.36607,110.133
0.74092,1.375,105.144
0.74092,1.38393,100.856
0.74092,1.39286,95.867
0.74092,1.40179,98.59
0.74092,1.41071,95.188
0.74092,1.41964,94.9
0.74092,1.42857,91.313
0.74092,1.4375,89.21
0.74092,1.44643,85.509
0.74092,1.45536,84.221
0.74092,1.46429,84.634
0.74092,1.47321,85.449
0.74092,1.48214,84.449
0.74092,1.49107,84.449
0.74092,1.5,83.047
0.74092,1.50893,84.243
0.74092,1.51786,86.852
0.731235,0,108.606
0.731235,0.00892857,89.765
0.731235,0.0178571,89.487
0.731235,0.0267857,92.9
0.731235,0.0357143,92.313
0.731235,0.0446429,93.188
0.731235,0.0535714,94.188
0.731235,0.0625,92.889
0.731235,0.0714286,94.878
0.731235,0.0803571,95.878
0.731235,0.0892857,99.753
0.731235,0.0982143,102.02
0.731235,0.107143,66.108
0.731235,0.116071,57.845
0.731235,0.125,57.763
0.731235,0.133929,57.252
0.731235,0.142857,57.454
0.731235,0.151786,57.514
0.731235,0.160714,57.631
0.731235,0.169643,99.229
0.731235,0.178571,101.449
0.731235,0.1875,98.302
0.731235,0.196429,96.829
0.731235,0.205357,95.291
0.731235,0.214286,90.9
0.731235,0.223214,91.911
0.731235,0.232143,90.911
0.731235,0.241071,90.911
0.731235,0.25,89.911
0.731235,0.258929,90.21
0.731235,0.267857,90.21
0.731235,0.276786,89.509
0.731235,0.285714,88.509
0.731235,0.294643,87.623
0.731235,0.303571,90.21
0.731235,0.3125,89.21
0.731235,0.321429,89.911
0.731235,0.330357,89.911
0.731235,0.339286,91.911
0.731235,0.348214,89.612
0.731235,0.357143,90.9
0.731235,0.366071,91.9
0.731235,0.375,91.889
0.731235,0.383929,95.177
0.731235,0.392857,97.465
0.731235,0.401786,100.454
0.731235,0.410714,101.856
0.731235,0.419643,105.144
0.731235,0.428571,103.845
0.731235,0.4375,106.546
0.731235,0.446429,104.834
0.731235,0.455357,110.834
0.731235,0.464286,107.834
0.731235,0.473214,105.834
0.731235,0.482143,109.133
0.731235,0.491071,105.144
0.731235,0.5,103.856
0.731235,0.508929,103.856
0.731235,0.517857,102.856
0.731235,0.526786,100.155
0.731235,0.535714,100.155
0.731235,0.544643,100.155
0.731235,0.553571,102.856
0.731235,0.5625,102.856
0.731235,0.571429,103.144
0.731235,0.580357,103.144
0.731235,0.589286,105.144
0.731235,0.598214,105.144
0.731235,0.607143,101.144
0.731235,0.616071,103.144
0.731235,0.625,103.144
0.731235,0.633929,104.144
0.731235,0.642857,103.144
0.731235,0.651786,103.443
0.731235,0.660714,106.144
0.731235,0.669643,106.546
0.731235,0.678571,106.133
0.731235,0.6875,105.133
0.731235,0.696429,107.834
0.731235,0.705357,108.122
0.731235,0.714286,109.823
0.731235,0.723214,110.122
0.731235,0.732143,112.122
0.731235,0.741071,114.111
0.731235,0.75,116.1
0.731235,0.758929,117.779
0.731235,0.767857,120.643
0.731235,0.776786,133.333
0.731235,0.785714,132.724
0.731235,0.794643,132.001
0.731235,0.803571,134.979
0.731235,0.8125,138.946
0.731235,0.821429,143.853
0.731235,0.830357,145.717
0.731235,0.839286,149.82
0.731235,0.848214,153.026
0.731235,0.857143,151.118
0.731235,0.866071,155.107
0.731235,0.875,157.808
0.731235,0.883929,158.085
0.731235,0.892857,156.786
0.731235,0.901786,156.085
0.731235,0.910714,158.085
0.731235,0.919643,159.085
0.731235,0.928571,156.085
0.731235,0.9375,159.085
0.731235,0.946429,160.982
0.731235,0.955357,159.167
0.731235,0.964286,162.423
0.731235,0.973214,161.978
0.731235,0.982143,164.06
0.731235,0.991071,166.295
0.731235,1,169.904
0.731235,1.00893,171.633
0.731235,1.01786,170.416
0.731235,1.02679,172.302
0.731235,1.03571,170.117
0.731235,1.04464,169.747
0.731235,1.05357,171.448
0.731235,1.0625,170.665
0.731235,1.07143,168.594
0.731235,1.08036,165.626
0.731235,1.08929,167.441
0.731235,1.09821,166.256
0.731235,1.10714,164.729
0.731235,1.11607,166.142
0.731235,1.125,164.017
0.731235,1.13393,166.245
0.731235,1.14286,165.06
0.731235,1.15179,166.288
0.731235,1.16071,164.402
0.731235,1.16964,165.772
0.731235,1.17857,166.142
0.731235,1.1875,166.914
0.731235,1.19643,168.11
0.731235,1.20536,170.224
0.731235,1.21429,165.822
0.731235,1.22321,166.11
0.731235,1.23214,165.213
0.731235,1.24107,166.772
0.731235,1.25,164.174
0.731235,1.25893,165.391
0.731235,1.26786,161.651
0.731235,1.27679,159.868
0.731235,1.28571,157.085
0.731235,1.29464,152.808
0.731235,1.30357,145.624
0.731235,1.3125,148.152
0.731235,1.32143,139.957
0.731235,1.33036,135.001
0.731235,1.33929,126.333
0.731235,1.34821,120.491
0.731235,1.35714,118.111
0.731235,1.36607,110.834
0.731235,1.375,108.133
0.731235,1.38393,104.443
0.731235,1.39286,96.753
0.731235,1.40179,95.59
0.731235,1.41071,93.188
0.731235,1.41964,90.188
0.731235,1.42857,92.9
0.731235,1.4375,92.21
0.731235,1.44643,90.509
0.731235,1.45536,87.221
0.731235,1.46429,85.634
0.731235,1.47321,84.862
0.731235,1.48214,84.449
0.731235,1.49107,84.449
0.731235,1.5,83.634
0.731235,1.50893,84.243
0.731235,1.51786,85.553
0.72155,0,103.714
0.72155,0.00892857,89.101
0.72155,0.0178571,93.481
0.72155,0.0267857,91.612
0.72155,0.0357143,91.612
0.72155,0.0446429,89.9
0.72155,0.0535714,93.188
0.72155,0.0625,94.889
0.72155,0.0714286,96.878
0.72155,0.0803571,96.878
0.72155,0.0892857,97.753
0.72155,0.0982143,99.835
0.72155,0.107143,67.787
0.72155,0.116071,56.845
0.72155,0.125,58.176
0.72155,0.133929,57.54
0.72155,0.142857,57.682
0.72155,0.151786,57.731
0.72155,0.160714,58.033
0.72155,0.169643,100.734
0.72155,0.178571,99.699
0.72155,0.1875,97.014
0.72155,0.196429,93.715
0.72155,0.205357,94.889
0.72155,0.214286,92.498
0.72155,0.223214,91.21
0.72155,0.232143,91.21
0.72155,0.241071,91.21
0.72155,0.25,89.509
0.72155,0.258929,89.623
0.72155,0.267857,88.509
0.72155,0.276786,89.221
0.72155,0.285714,88.221
0.72155,0.294643,88.221
0.72155,0.303571,87.922
0.72155,0.3125,87.623
0.72155,0.321429,89.509
0.72155,0.330357,87.623
0.72155,0.339286,87.21
0.72155,0.348214,88.21
0.72155,0.357143,90.21
0.72155,0.366071,88.911
0.72155,0.375,89.199
0.72155,0.383929,91.199
0.72155,0.392857,92.188
0.72155,0.401786,94.188
0.72155,0.410714,97.177
0.72155,0.419643,99.465
0.72155,0.428571,101.166
0.72155,0.4375,103.856
0.72155,0.446429,105.144
0.72155,0.455357,109.144
0.72155,0.464286,108.432
0.72155,0.473214,108.834
0.72155,0.482143,109.834
0.72155,0.491071,108.834
0.72155,0.5,107.133
0.72155,0.508929,107.133
0.72155,0.517857,107.133
0.72155,0.526786,102.845
0.72155,0.535714,102.845
0.72155,0.544643,101.856
0.72155,0.553571,101.557
0.72155,0.5625,104.144
0.72155,0.571429,104.144
0.72155,0.580357,105.144
0.72155,0.589286,104.144
0.72155,0.598214,101.144
0.72155,0.607143,107.144
0.72155,0.616071,104.144
0.72155,0.625,100.144
0.72155,0.633929,101.443
0.72155,0.642857,103.856
0.72155,0.651786,103.856
0.72155,0.660714,102.856
0.72155,0.669643,104.144
0.72155,0.678571,106.144
0.72155,0.6875,103.546
0.72155,0.696429,106.247
0.72155,0.705357,107.133
0.72155,0.714286,103.133
0.72155,0.723214,106.133
0.72155,0.732143,109.834
0.72155,0.741071,110.122
0.72155,0.75,113.41
0.72155,0.758929,119.801
0.72155,0.767857,123.078
0.72155,0.776786,126.056
0.72155,0.785714,131.333
0.72155,0.794643,133.621
0.72155,0.803571,140.001
0.72155,0.8125,139.267
0.72155,0.821429,144.647
0.72155,0.830357,145.152
0.72155,0.839286,146.842
0.72155,0.848214,151.222
0.72155,0.857143,150.613
0.72155,0.866071,153.015
0.72155,0.875,154.406
0.72155,0.883929,154.395
0.72155,0.892857,157.085
0.72155,0.901786,157.786
0.72155,0.910714,157.786
0.72155,0.919643,156.085
0.72155,0.928571,156.085
0.72155,0.9375,157.085
0.72155,0.946429,156.085
0.72155,0.955357,157.569
0.72155,0.964286,161.113
0.72155,0.973214,160.01
0.72155,0.982143,165.38
0.72155,0.991071,167.398
0.72155,1,167.409
0.72155,1.00893,170.149
0.72155,1.01786,171.633
0.72155,1.02679,171.117
0.72155,1.03571,171.405
0.72155,1.04464,169.448
0.72155,1.05357,169.964
0.72155,1.0625,168.893
0.72155,1.07143,166.409
0.72155,1.08036,165.626
0.72155,1.08929,168.142
0.72155,1.09821,163.772
0.72155,1.10714,164.359
0.72155,1.11607,164.359
0.72155,1.125,165.462
0.72155,1.13393,164.565
0.72155,1.14286,163.092
0.72155,1.15179,161.32
0.72155,1.16071,162.619
0.72155,1.16964,164.516
0.72155,1.17857,164.174
0.72155,1.1875,164.772
0.72155,1.19643,164.245
0.72155,1.20536,167.43
0.72155,1.21429,165.74
0.72155,1.22321,164.74
0.72155,1.23214,166.028
0.72155,1.24107,166.658
0.72155,1.25,162.174
0.72155,1.25893,166.206
0.72155,1.26786,161.651
0.72155,1.27679,160.868
0.72155,1.28571,156.797
0.72155,1.29464,155.107
0.72155,1.30357,152.738
0.72155,1.3125,148.853
0.72155,1.32143,141.37
0.72155,1.33036,139.001
0.72155,1.33929,128.034
0.72155,1.34821,120.192
0.72155,1.35714,114.399
0.72155,1.36607,109.236
0.72155,1.375,108.133
0.72155,1.38393,106.144
0.72155,1.39286,100.856
0.72155,1.40179,98.291
0.72155,1.41071,96.889
0.72155,1.41964,95.188
0.72155,1.42857,89.9
0.72155,1.4375,90.21
0.72155,1.44643,89.509
0.72155,1.45536,87.221
0.72155,1.46429,85.634
0.72155,1.47321,84.862
0.72155,1.48214,85.449
0.72155,1.49107,84.449
0.72155,1.5,83.634
0.72155,1.50893,84.944
0.72155,1.51786,84.667
0.711864,0,156.821
0.711864,0.00892857,120.376
0.711864,0.0178571,87.406
0.711864,0.0267857,90.21
0.711864,0.0357143,90.911
0.711864,0.0446429,89.9
0.711864,0.0535714,93.9
0.711864,0.0625,91.889
0.711864,0.0714286,95.878
0.711864,0.0803571,97.878
0.711864,0.0892857,98.28
0.711864,0.0982143,99.59
0.711864,0.107143,71.569
0.711864,0.116071,57.546
0.711864,0.125,57.959
0.711864,0.133929,57.6
0.711864,0.142857,57.084
0.711864,0.151786,57.731
0.711864,0.160714,58.25
0.711864,0.169643,100.228
0.711864,0.178571,98.525
0.711864,0.1875,96.601
0.711864,0.196429,92.715
0.711864,0.205357,91.373
0.711864,0.214286,93.384
0.711864,0.223214,92.21
0.711864,0.232143,90.509
0.711864,0.241071,92.509
0.711864,0.25,88.922
0.711864,0.258929,90.221
0.711864,0.267857,88.221
0.711864,0.276786,89.221
0.711864,0.285714,88.933
0.711864,0.294643,88.933
0.711864,0.303571,89.221
0.711864,0.3125,87.221
0.711864,0.321429,87.221
0.711864,0.330357,88.221
0.711864,0.339286,88.221
0.711864,0.348214,86.221
0.711864,0.357143,87.221
0.711864,0.366071,88.221
0.711864,0.375,88.509
0.711864,0.383929,90.21
0.711864,0.392857,88.911
0.711864,0.401786,89.911
0.711864,0.410714,92.313
0.711864,0.419643,94.199
0.711864,0.428571,96.9
0.711864,0.4375,98.177
0.711864,0.446429,100.454
0.711864,0.455357,102.155
0.711864,0.464286,103.856
0.711864,0.473214,105.845
0.711864,0.482143,107.133
0.711864,0.491071,110.823
0.711864,0.5,110.823
0.711864,0.508929,110.834
0.711864,0.517857,110.834
0.711864,0.526786,106.834
0.711864,0.535714,105.834
0.711864,0.544643,106.133
0.711864,0.553571,106.432
0.711864,0.5625,103.144
0.711864,0.571429,102.845
0.711864,0.580357,105.144
0.711864,0.589286,104.144
0.711864,0.598214,99.144
0.711864,0.607143,100.557
0.711864,0.616071,101.856
0.711864,0.625,101.856
0.711864,0.633929,104.856
0.711864,0.642857,104.856
0.711864,0.651786,103.856
0.711864,0.660714,101.856
0.711864,0.669643,100.856
0.711864,0.678571,101.856
0.711864,0.6875,101.557
0.711864,0.696429,107.144
0.711864,0.705357,103.443
0.711864,0.714286,104.144
0.711864,0.723214,105.546
0.711864,0.732143,109.133
0.711864,0.741071,109.133
0.711864,0.75,113.122
0.711864,0.758929,110.524
0.711864,0.767857,110.399
0.711864,0.776786,118.502
0.711864,0.785714,127.127
0.711864,0.794643,123.415
0.711864,0.803571,134.621
0.711864,0.8125,134.001
0.711864,0.821429,140.267
0.711864,0.830357,140.957
0.711864,0.839286,138.761
0.711864,0.848214,145.554
0.711864,0.857143,147.347
0.711864,0.866071,151.325
0.711864,0.875,154.015
0.711864,0.883929,155.406
0.711864,0.892857,157.096
0.711864,0.901786,156.085
0.711864,0.910714,157.786
0.711864,0.919643,157.096
0.711864,0.928571,158.085
0.711864,0.9375,157.085
0.711864,0.946429,154.786
0.711864,0.955357,154.672
0.711864,0.964286,159.444
0.711864,0.973214,161.227
0.711864,0.982143,163.369
0.711864,0.991071,165.843
0.711864,1,166.914
0.711864,1.00893,168.768
0.711864,1.01786,169.839
0.711864,1.02679,168.622
0.711864,1.03571,171.85
0.711864,1.04464,169.85
0.711864,1.05357,168.366
0.711864,1.0625,167.295
0.711864,1.07143,167.11
0.711864,1.08036,167.914
0.711864,1.08929,164.957
0.711864,1.09821,162.06
0.711864,1.10714,163.875
0.711864,1.11607,163.391
0.711864,1.125,158.782
0.711864,1.13393,162.597
0.711864,1.14286,160.896
0.711864,1.15179,163.651
0.711864,1.16071,162.836
0.711864,1.16964,164.733
0.711864,1.17857,164.206
0.711864,1.1875,165.505
0.711864,1.19643,161.864
0.711864,1.20536,163.761
0.711864,1.21429,165.359
0.711864,1.22321,164.359
0.711864,1.23214,165.359
0.711864,1.24107,165.288
0.711864,1.25,164.103
0.711864,1.25893,162.434
0.711864,1.26786,161.537
0.711864,1.27679,160.868
0.711864,1.28571,156.384
0.711864,1.29464,155.107
0.711864,1.30357,154.026
0.711864,1.3125,145.853
0.711864,1.32143,141.658
0.711864,1.33036,137.99
0.711864,1.33929,133.023
0.711864,1.34821,121.779
0.711864,1.35714,116.1
0.711864,1.36607,111.41
0.711864,1.375,109.421
0.711864,1.38393,107.845
0.711864,1.39286,102.443
0.711864,1.40179,100.465
0.711864,1.41071,94.878
0.711864,1.41964,94.889
0.711864,1.42857,98.188
0.711864,1.4375,91.911
0.711864,1.44643,90.21
0.711864,1.45536,88.221
0.711864,1.46429,86.634
0.711864,1.47321,84.862
0.711864,1.48214,85.449
0.711864,1.49107,84.449
0.711864,1.5,83.634
0.711864,1.50893,84.531
0.711864,1.51786,84.667
0.702179,0,250.227
0.702179,0.00892857,178.956
0.702179,0.0178571,90.793
0.702179,0.0267857,89.52
0.702179,0.0357143,89.21
0.702179,0.0446429,90.911
0.702179,0.0535714,92.9
0.702179,0.0625,94.188
0.702179,0.0714286,94.878
0.702179,0.0803571,96.579
0.702179,0.0892857,96.981
0.702179,0.0982143,100.992
0.702179,0.107143,78.052
0.702179,0.116071,57.535
0.702179,0.125,57.671
0.702179,0.133929,57.6
0.702179,0.142857,57.785
0.702179,0.151786,57.133
0.702179,0.160714,60.527
0.702179,0.169643,103.651
0.702179,0.178571,96.65
0.702179,0.1875,98.53
0.702179,0.196429,93.291
0.702179,0.205357,92.085
0.702179,0.214286,93.384
0.702179,0.223214,91.797
0.702179,0.232143,89.808
0.702179,0.241071,90.922
0.702179,0.25,89.221
0.702179,0.258929,87.221
0.702179,0.267857,86.221
0.702179,0.276786,87.52
0.702179,0.285714,87.933
0.702179,0.294643,86.933
0.702179,0.303571,88.335
0.702179,0.3125,87.221
0.702179,0.321429,87.221
0.702179,0.330357,88.221
0.702179,0.339286,87.335
0.702179,0.348214,87.634
0.702179,0.357143,86.634
0.702179,0.366071,87.047
0.702179,0.375,86.634
0.702179,0.383929,86.634
0.702179,0.392857,87.335
0.702179,0.401786,87.335
0.702179,0.410714,88.623
0.702179,0.419643,90.623
0.702179,0.428571,92.623
0.702179,0.4375,92.313
0.702179,0.446429,92.188
0.702179,0.455357,97.177
0.702179,0.464286,100.878
0.702179,0.473214,103.269
0.702179,0.482143,106.144
0.702179,0.491071,108.834
0.702179,0.5,109.122
0.702179,0.508929,111.823
0.702179,0.517857,110.823
0.702179,0.526786,111.823
0.702179,0.535714,110.823
0.702179,0.544643,108.535
0.702179,0.553571,107.535
0.702179,0.5625,106.133
0.702179,0.571429,106.133
0.702179,0.580357,100.144
0.702179,0.589286,102.144
0.702179,0.598214,103.144
0.702179,0.607143,100.856
0.702179,0.616071,105.856
0.702179,0.625,97.856
0.702179,0.633929,100.856
0.702179,0.642857,105.155
0.702179,0.651786,103.155
0.702179,0.660714,100.454
0.702179,0.669643,99.568
0.702179,0.678571,97.454
0.702179,0.6875,99.155
0.702179,0.696429,104.856
0.702179,0.705357,103.155
0.702179,0.714286,105.557
0.702179,0.723214,104.144
0.702179,0.732143,107.144
0.702179,0.741071,107.731
0.702179,0.75,107.133
0.702179,0.758929,109.834
0.702179,0.767857,112.823
0.702179,0.776786,117.698
0.702179,0.785714,114.562
0.702179,0.794643,117.551
0.702179,0.803571,126.127
0.702179,0.8125,131.92
0.702179,0.821429,134.012
0.702179,0.830357,137.691
0.702179,0.839286,140.68
0.702179,0.848214,144.946
0.702179,0.857143,146.451
0.702179,0.866071,148.244
0.702179,0.875,150.222
0.702179,0.883929,153.314
0.702179,0.892857,156.58
0.702179,0.901786,157.683
0.702179,0.910714,157.085
0.702179,0.919643,159.096
0.702179,0.928571,157.085
0.702179,0.9375,158.085
0.702179,0.946429,157.786
0.702179,0.955357,156.9
0.702179,0.964286,158.672
0.702179,0.973214,158.857
0.702179,0.982143,159.64
0.702179,0.991071,165.163
0.702179,1,164.06
0.702179,1.00893,165.729
0.702179,1.01786,166.099
0.702179,1.02679,166.11
0.702179,1.03571,169.181
0.702179,1.04464,168.48
0.702179,1.05357,167.882
0.702179,1.0625,167.697
0.702179,1.07143,166.099
0.702179,1.08036,165.028
0.702179,1.08929,161.946
0.702179,1.09821,163.875
0.702179,1.10714,162.619
0.702179,1.11607,162.608
0.702179,1.125,162.113
0.702179,1.13393,159.814
0.702179,1.14286,159.526
0.702179,1.15179,162.053
0.702179,1.16071,160.765
0.702179,1.16964,162.238
0.702179,1.17857,162.537
0.702179,1.1875,163.423
0.702179,1.19643,161.483
0.702179,1.20536,163.967
0.702179,1.21429,164.277
0.702179,1.22321,165.174
0.702179,1.23214,164.288
0.702179,1.24107,164.69
0.702179,1.25,165.32
0.702179,1.25893,164.021
0.702179,1.26786,162.537
0.702179,1.27679,159.868
0.702179,1.28571,157.085
0.702179,1.29464,155.808
0.702179,1.30357,150.314
0.702179,1.3125,148.13
0.702179,1.32143,139.647
0.702179,1.33036,138.979
0.702179,1.33929,135.023
0.702179,1.34821,126.768
0.702179,1.35714,115.801
0.702179,1.36607,114.111
0.702179,1.375,109.823
0.702179,1.38393,107.133
0.702179,1.39286,102.856
0.702179,1.40179,100.568
0.702179,1.41071,97.166
0.702179,1.41964,93.878
0.702179,1.42857,94.889
0.702179,1.4375,91.313
0.702179,1.44643,90.21
0.702179,1.45536,88.509
0.702179,1.46429,86.634
0.702179,1.47321,85.862
0.702179,1.48214,85.449
0.702179,1.49107,84.15
0.702179,1.5,82.748
0.702179,1.50893,84.232
0.702179,1.51786,84.656
0.692494,0,170.06
0.692494,0.00892857,128.148
0.692494,0.0178571,89.064
0.692494,0.0267857,91.221
0.692494,0.0357143,90.922
0.692494,0.0446429,92.21
0.692494,0.0535714,92.9
0.692494,0.0625,94.188
0.692494,0.0714286,94.59
0.692494,0.0803571,98.166
0.692494,0.0892857,100.867
0.692494,0.0982143,102.106
0.692494,0.107143,78.421
0.692494,0.116071,57.062
0.692494,0.125,56.97
0.692494,0.133929,57.301
0.692494,0.142857,57.557
0.692494,0.151786,57.361
0.692494,0.160714,61.57
0.692494,0.169643,103.444
0.692494,0.178571,98.992
0.692494,0.1875,99.231
0.692494,0.196429,94.28
0.692494,0.205357,93.259
0.692494,0.214286,91.672
0.692494,0.223214,91.498
0.692494,0.232143,90.21
0.692494,0.241071,90.21
0.692494,0.25,87.922
0.692494,0.258929,86.922
0.692494,0.267857,86.221
0.692494,0.276786,88.221
0.692494,0.285714,88.933
0.692494,0.294643,87.221
0.692494,0.303571,87.15
0.692494,0.3125,88.15
0.692494,0.321429,87.449
0.692494,0.330357,86.449
0.692494,0.339286,85.449
0.692494,0.348214,86.161
0.692494,0.357143,86.161
0.692494,0.366071,86.161
0.692494,0.375,85.862
0.692494,0.383929,86.161
0.692494,0.392857,86.161
0.692494,0.401786,86.862
0.692494,0.410714,86.862
0.692494,0.419643,87.862
0.692494,0.428571,88.748
0.692494,0.4375,89.922
0.692494,0.446429,90.21
0.692494,0.455357,92.612
0.692494,0.464286,94.9
0.692494,0.473214,95.59
0.692494,0.482143,99.867
0.692494,0.491071,103.443
0.692494,0.5,106.432
0.692494,0.508929,108.535
0.692494,0.517857,108.236
0.692494,0.526786,112.823
0.692494,0.535714,115.111
0.692494,0.544643,111.823
0.692494,0.553571,114.524
0.692494,0.5625,109.535
0.692494,0.571429,107.834
0.692494,0.580357,108.144
0.692494,0.589286,105.144
0.692494,0.598214,102.144
0.692494,0.607143,103.856
0.692494,0.616071,103.155
0.692494,0.625,101.454
0.692494,0.633929,99.454
0.692494,0.642857,99.166
0.692494,0.651786,101.166
0.692494,0.660714,100.166
0.692494,0.669643,97.166
0.692494,0.678571,99.166
0.692494,0.6875,98.454
0.692494,0.696429,100.454
0.692494,0.705357,100.568
0.692494,0.714286,102.454
0.692494,0.723214,101.155
0.692494,0.732143,103.856
0.692494,0.741071,106.144
0.692494,0.75,106.133
0.692494,0.758929,108.133
0.692494,0.767857,108.834
0.692494,0.776786,110.823
0.692494,0.785714,112.171
0.692494,0.794643,118.459
0.692494,0.803571,119.562
0.692494,0.8125,126.54
0.692494,0.821429,132.045
0.692494,0.830357,135.023
0.692494,0.839286,135.702
0.692494,0.848214,136.68
0.692494,0.857143,144.06
0.692494,0.866071,147.163
0.692494,0.875,149.016
0.692494,0.883929,151.738
0.692494,0.892857,154.716
0.692494,0.901786,156.808
0.692494,0.910714,157.096
0.692494,0.919643,158.982
0.692494,0.928571,157.085
0.692494,0.9375,157.498
0.692494,0.946429,158.014
0.692494,0.955357,157.014
0.692494,0.964286,159.786
0.692494,0.973214,158.384
0.692494,0.982143,158.569
0.692494,0.991071,160.081
0.692494,1,161.967
0.692494,1.00893,162.277
0.692494,1.01786,166.06
0.692494,1.02679,164.843
0.692494,1.03571,166.8
0.692494,1.04464,166.697
0.692494,1.05357,166.811
0.692494,1.0625,166.213
0.692494,1.07143,166.914
0.692494,1.08036,166.544
0.692494,1.08929,165.473
0.692494,1.09821,163.505
0.692494,1.10714,162.423
0.692494,1.11607,161.053
0.692494,1.125,160.857
0.692494,1.13393,160.743
0.692494,1.14286,160.341
0.692494,1.15179,160.053
0.692494,1.16071,160.053
0.692494,1.16964,161.053
0.692494,1.17857,160.64
0.692494,1.1875,161.754
0.692494,1.19643,162.412
0.692494,1.20536,164.597
0.692494,1.21429,161.38
0.692494,1.22321,164.804
0.692494,1.23214,162.505
0.692494,1.24107,159.907
0.692494,1.25,162.01
0.692494,1.25893,160.423
0.692494,1.26786,161.95
0.692494,1.27679,160.281
0.692494,1.28571,157.971
0.692494,1.29464,155.096
0.692494,1.30357,154.118
0.692494,1.3125,151.82
0.692494,1.32143,147.212
0.692494,1.33036,133.267
0.692494,1.33929,132.425
0.692494,1.34821,124.768
0.692494,1.35714,119.79
0.692494,1.36607,120.399
0.692494,1.375,108.111
0.692494,1.38393,108.535
0.692494,1.39286,106.731
0.692494,1.40179,100.856
0.692494,1.41071,100.155
0.692494,1.41964,96.878
0.692494,1.42857,95.889
0.692494,1.4375,92.313
0.692494,1.44643,90.21
0.692494,1.45536,88.623
0.692494,1.46429,88.335
0.692494,1.47321,85.862
0.692494,1.48214,85.15
0.692494,1.49107,83.851
0.692494,1.5,83.036
0.692494,1.50893,84.232
0.692494,1.51786,84.656
0.682809,0,106.084
0.682809,0.00892857,88.944
0.682809,0.0178571,84.726
0.682809,0.0267857,90.21
0.682809,0.0357143,90.221
0.682809,0.0446429,91.21
0.682809,0.0535714,91.911
0.682809,0.0625,93.889
0.682809,0.0714286,95.476
0.682809,0.0803571,99.166
0.682809,0.0892857,99.981
0.682809,0.0982143,103.22
0.682809,0.107143,86.627
0.682809,0.116071,55.578
0.682809,0.125,57.269
0.682809,0.133929,57.589
0.682809,0.142857,57.443
0.682809,0.151786,57.649
0.682809,0.160714,63.972
0.682809,0.169643,102.65
0.682809,0.178571,97.405
0.682809,0.1875,96.633
0.682809,0.196429,95.856
0.682809,0.205357,93.444
0.682809,0.214286,92.145
0.682809,0.223214,92.199
0.682809,0.232143,90.911
0.682809,0.241071,91.21
0.682809,0.25,89.21
0.682809,0.258929,89.21
0.682809,0.267857,87.808
0.682809,0.276786,88.221
0.682809,0.285714,88.221
0.682809,0.294643,86.221
0.682809,0.303571,86.851
0.682809,0.3125,86.851
0.682809,0.321429,87.15
0.682809,0.330357,86.449
0.682809,0.339286,85.449
0.682809,0.348214,85.862
0.682809,0.357143,86.161
0.682809,0.366071,86.748
0.682809,0.375,86.449
0.682809,0.383929,86.449
0.682809,0.392857,87.161
0.682809,0.401786,86.748
0.682809,0.410714,87.161
0.682809,0.419643,88.161
0.682809,0.428571,88.161
0.682809,0.4375,86.634
0.682809,0.446429,87.634
0.682809,0.455357,88.634
0.682809,0.464286,90.509
0.682809,0.473214,90.199
0.682809,0.482143,95.889
0.682809,0.491071,99.867
0.682809,0.5,105.155
0.682809,0.508929,105.432
0.682809,0.517857,105.834
0.682809,0.526786,109.823
0.682809,0.535714,113.111
0.682809,0.544643,117.111
0.682809,0.553571,113.111
0.682809,0.5625,111.823
0.682809,0.571429,110.535
0.682809,0.580357,106.144
0.682809,0.589286,102.144
0.682809,0.598214,105.144
0.682809,0.607143,100.856
0.682809,0.616071,101.155
0.682809,0.625,97.867
0.682809,0.633929,101.166
0.682809,0.642857,100.579
0.682809,0.651786,98.465
0.682809,0.660714,98.579
0.682809,0.669643,98.465
0.682809,0.678571,97.166
0.682809,0.6875,103.465
0.682809,0.696429,94.579
0.682809,0.705357,101.465
0.682809,0.714286,101.166
0.682809,0.723214,101.454
0.682809,0.732143,100.155
0.682809,0.741071,102.144
0.682809,0.75,106.133
0.682809,0.758929,106.133
0.682809,0.767857,107.834
0.682809,0.776786,108.834
0.682809,0.785714,109.78
0.682809,0.794643,111.182
0.682809,0.803571,115.584
0.682809,0.8125,120.448
0.682809,0.821429,127.54
0.682809,0.830357,133.034
0.682809,0.839286,131.311
0.682809,0.848214,135.289
0.682809,0.857143,138.267
0.682809,0.866071,144.359
0.682809,0.875,146.44
0.682809,0.883929,149.934
0.682809,0.892857,154.015
0.682809,0.901786,154.107
0.682809,0.910714,156.808
0.682809,0.919643,157.982
0.682809,0.928571,158.085
0.682809,0.9375,158.726
0.682809,0.946429,157.014
0.682809,0.955357,158.313
0.682809,0.964286,159.726
0.682809,0.973214,157.21
0.682809,0.982143,158.096
0.682809,0.991071,162.64
0.682809,1,162.526
0.682809,1.00893,161.896
0.682809,1.01786,161.679
0.682809,1.02679,162.174
0.682809,1.03571,163.957
0.682809,1.04464,166.441
0.682809,1.05357,168.914
0.682809,1.0625,168.028
0.682809,1.07143,169.028
0.682809,1.08036,166.544
0.682809,1.08929,163.174
0.682809,1.09821,160.505
0.682809,1.10714,161.939
0.682809,1.11607,159.683
0.682809,1.125,158.971
0.682809,1.13393,159.156
0.682809,1.14286,160.341
0.682809,1.15179,159.053
0.682809,1.16071,160.053
0.682809,1.16964,160.754
0.682809,1.17857,159.156
0.682809,1.1875,160.971
0.682809,1.19643,163.341
0.682809,1.20536,161.825
0.682809,1.21429,161.01
0.682809,1.22321,162.206
0.682809,1.23214,158.907
0.682809,1.24107,161.01
0.682809,1.25,162.825
0.682809,1.25893,160.238
0.682809,1.26786,163.249
0.682809,1.27679,160.868
0.682809,1.28571,158.085
0.682809,1.29464,158.085
0.682809,1.30357,156.406
0.682809,1.3125,151.809
0.682809,1.32143,143.614
0.682809,1.33036,136.267
0.682809,1.33929,134.012
0.682809,1.34821,124.056
0.682809,1.35714,118.377
0.682809,1.36607,116.399
0.682809,1.375,110.111
0.682809,1.38393,109.823
0.682809,1.39286,105.133
0.682809,1.40179,100.856
0.682809,1.41071,100.155
0.682809,1.41964,99.166
0.682809,1.42857,94.59
0.682809,1.4375,93.601
0.682809,1.44643,90.911
0.682809,1.45536,88.509
0.682809,1.46429,88.335
0.682809,1.47321,85.862
0.682809,1.48214,85.15
0.682809,1.49107,83.851
0.682809,1.5,83.036
0.682809,1.50893,84.232
0.682809,1.51786,84.944
0.673123,0,103.361
0.673123,0.00892857,87.15
0.673123,0.0178571,88.236
0.673123,0.0267857,91.666
0.673123,0.0357143,90.509
0.673123,0.0446429,91.911
0.673123,0.0535714,94.9
0.673123,0.0625,95.188
0.673123,0.0714286,95.878
0.673123,0.0803571,99.166
0.673123,0.0892857,97.568
0.673123,0.0982143,104.209
0.673123,0.107143,102.647
0.673123,0.116071,57.094
0.673123,0.125,58.34
0.673123,0.133929,55.991
0.673123,0.142857,56.856
0.673123,0.151786,58.133
0.673123,0.160714,65.352
0.673123,0.169643,102.041
0.673123,0.178571,99.465
0.673123,0.1875,99.003
0.673123,0.196429,91.878
0.673123,0.205357,92.487
0.673123,0.214286,92.487
0.673123,0.223214,92.498
0.673123,0.232143,90.911
0.673123,0.241071,90.911
0.673123,0.25,88.911
0.673123,0.258929,87.21
0.673123,0.267857,88.922
0.673123,0.276786,88.221
0.673123,0.285714,88.221
0.673123,0.294643,88.52
0.673123,0.303571,87.15
0.673123,0.3125,86.15
0.673123,0.321429,87.15
0.673123,0.330357,87.449
0.673123,0.339286,86.449
0.673123,0.348214,86.449
0.673123,0.357143,85.862
0.673123,0.366071,85.449
0.673123,0.375,85.449
0.673123,0.383929,86.449
0.673123,0.392857,85.449
0.673123,0.401786,85.449
0.673123,0.410714,86.748
0.673123,0.419643,86.449
0.673123,0.428571,87.862
0.673123,0.4375,85.748
0.673123,0.446429,85.748
0.673123,0.455357,87.748
0.673123,0.464286,89.335
0.673123,0.473214,87.737
0.673123,0.482143,92.313
0.673123,0.491071,92.715
0.673123,0.5,96.003
0.673123,0.508929,98.867
0.673123,0.517857,102.329
0.673123,0.526786,106.019
0.673123,0.535714,109.709
0.673123,0.544643,111.709
0.673123,0.553571,114.997
0.673123,0.5625,111.41
0.673123,0.571429,115.296
0.673123,0.580357,111.535
0.673123,0.589286,106.834
0.673123,0.598214,104.834
0.673123,0.607143,106.845
0.673123,0.616071,100.856
0.673123,0.625,99.454
0.673123,0.633929,99.579
0.673123,0.642857,101.579
0.673123,0.651786,100.166
0.673123,0.660714,100.166
0.673123,0.669643,98.465
0.673123,0.678571,100.465
0.673123,0.6875,96.878
0.673123,0.696429,96.878
0.673123,0.705357,96.878
0.673123,0.714286,98.579
0.673123,0.723214,99.579
0.673123,0.732143,102.166
0.673123,0.741071,103.155
0.673123,0.75,101.856
0.673123,0.758929,103.443
0.673123,0.767857,102.845
0.673123,0.776786,107.845
0.673123,0.785714,109.72
0.673123,0.794643,109.307
0.673123,0.803571,112.41
0.673123,0.8125,112.986
0.673123,0.821429,120.263
0.673123,0.830357,130.654
0.673123,0.839286,129.344
0.673123,0.848214,132.724
0.673123,0.857143,133.588
0.673123,0.866071,138.68
0.673123,0.875,142.462
0.673123,0.883929,146.956
0.673123,0.892857,150.439
0.673123,0.901786,154.004
0.673123,0.910714,152.694
0.673123,0.919643,156.281
0.673123,0.928571,153.982
0.673123,0.9375,156.982
0.673123,0.946429,156.797
0.673123,0.955357,156.911
0.673123,0.964286,157.096
0.673123,0.973214,154.395
0.673123,0.982143,155.982
0.673123,0.991071,158.558
0.673123,1,158.341
0.673123,1.00893,159.124
0.673123,1.01786,161.32
0.673123,1.02679,163.277
0.673123,1.03571,165.875
0.673123,1.04464,165.473
0.673123,1.05357,164.843
0.673123,1.0625,164.914
0.673123,1.07143,166.142
0.673123,1.08036,162.772
0.673123,1.08929,164.587
0.673123,1.09821,162.619
0.673123,1.10714,162.939
0.673123,1.11607,157.971
0.673123,1.125,156.085
0.673123,1.13393,159.384
0.673123,1.14286,159.982
0.673123,1.15179,160.281
0.673123,1.16071,158.982
0.673123,1.16964,159.096
0.673123,1.17857,157.085
0.673123,1.1875,157.672
0.673123,1.19643,160.341
0.673123,1.20536,159.64
0.673123,1.21429,158.352
0.673123,1.22321,161.309
0.673123,1.23214,161.836
0.673123,1.24107,159.537
0.673123,1.25,161.651
0.673123,1.25893,162.95
0.673123,1.26786,161.765
0.673123,1.27679,159.868
0.673123,1.28571,157.384
0.673123,1.29464,158.384
0.673123,1.30357,151.993
0.673123,1.3125,151.912
0.673123,1.32143,144.429
0.673123,1.33036,142.669
0.673123,1.33929,135.588
0.673123,1.34821,133.333
0.673123,1.35714,123.779
0.673123,1.36607,116.801
0.673123,1.375,113.524
0.673123,1.38393,108.834
0.673123,1.39286,109.133
0.673123,1.40179,103.443
0.673123,1.41071,97.155
0.673123,1.41964,97.166
0.673123,1.42857,93.889
0.673123,1.4375,93.9
0.673123,1.44643,90.911
0.673123,1.45536,87.922
0.673123,1.46429,88.748
0.673123,1.47321,85.862
0.673123,1.48214,84.161
0.673123,1.49107,83.862
0.673123,1.5,83.335
0.673123,1.50893,83.335
0.673123,1.51786,84.346
0.663438,0,103.361
0.663438,0.00892857,88.623
0.663438,0.0178571,89.905
0.663438,0.0267857,91.976
0.663438,0.0357143,91.911
0.663438,0.0446429,92.9
0.663438,0.0535714,93.188
0.663438,0.0625,91.889
0.663438,0.0714286,97.878
0.663438,0.0803571,100.166
0.663438,0.0892857,105.155
0.663438,0.0982143,104.34
0.663438,0.107143,105.45
0.663438,0.116071,56.838
0.663438,0.125,57.112
0.663438,0.133929,56.105
0.663438,0.142857,58.269
0.663438,0.151786,57.019
0.663438,0.160714,75.433
0.663438,0.169643,103.144
0.663438,0.178571,99.166
0.663438,0.1875,96.889
0.663438,0.196429,98.188
0.663438,0.205357,95.889
0.663438,0.214286,91.9
0.663438,0.223214,92.498
0.663438,0.232143,91.911
0.663438,0.241071,89.911
0.663438,0.25,89.911
0.663438,0.258929,88.21
0.663438,0.267857,89.221
0.663438,0.276786,89.221
0.663438,0.285714,86.221
0.663438,0.294643,85.933
0.663438,0.303571,87.449
0.663438,0.3125,86.449
0.663438,0.321429,87.449
0.663438,0.330357,87.449
0.663438,0.339286,86.449
0.663438,0.348214,86.449
0.663438,0.357143,86.449
0.663438,0.366071,85.449
0.663438,0.375,85.449
0.663438,0.383929,85.449
0.663438,0.392857,85.449
0.663438,0.401786,85.449
0.663438,0.410714,85.449
0.663438,0.419643,86.449
0.663438,0.428571,86.449
0.663438,0.4375,86.449
0.663438,0.446429,87.449
0.663438,0.455357,86.449
0.663438,0.464286,87.449
0.663438,0.473214,88.851
0.663438,0.482143,89.851
0.663438,0.491071,90.851
0.663438,0.5,92.737
0.663438,0.508929,94.476
0.663438,0.517857,97.237
0.663438,0.526786,105.514
0.663438,0.535714,107.905
0.663438,0.544643,108.595
0.663438,0.553571,111.595
0.663438,0.5625,113.883
0.663438,0.571429,111.883
0.663438,0.580357,111.111
0.663438,0.589286,111.111
0.663438,0.598214,108.41
0.663438,0.607143,100.834
0.663438,0.616071,102.443
0.663438,0.625,98.155
0.663438,0.633929,102.465
0.663438,0.642857,97.579
0.663438,0.651786,100.867
0.663438,0.660714,102.867
0.663438,0.669643,98.166
0.663438,0.678571,95.465
0.663438,0.6875,102.878
0.663438,0.696429,97.878
0.663438,0.705357,99.878
0.663438,0.714286,97.878
0.663438,0.723214,95.878
0.663438,0.732143,97.465
0.663438,0.741071,98.166
0.663438,0.75,101.166
0.663438,0.758929,98.166
0.663438,0.767857,101.867
0.663438,0.776786,102.856
0.663438,0.785714,109.443
0.663438,0.794643,106.133
0.663438,0.803571,109.834
0.663438,0.8125,112.111
0.663438,0.821429,117.801
0.663438,0.830357,122.676
0.663438,0.839286,124.779
0.663438,0.848214,130.045
0.663438,0.857143,135.012
0.663438,0.866071,136.403
0.663438,0.875,140.897
0.663438,0.883929,145.163
0.663438,0.892857,148.646
0.663438,0.901786,151.314
0.663438,0.910714,150.591
0.663438,0.919643,153.993
0.663438,0.928571,154.58
0.663438,0.9375,157.281
0.663438,0.946429,159.982
0.663438,0.955357,159.982
0.663438,0.964286,158.982
0.663438,0.973214,157.281
0.663438,0.982143,157.982
0.663438,0.991071,157.672
0.663438,1,156.971
0.663438,1.00893,158.466
0.663438,1.01786,162.836
0.663438,1.02679,161.32
0.663438,1.03571,163.277
0.663438,1.04464,164.277
0.663438,1.05357,164.06
0.663438,1.0625,166.316
0.663438,1.07143,163.544
0.663438,1.08036,160.886
0.663438,1.08929,165.516
0.663438,1.09821,164.733
0.663438,1.10714,160.993
0.663438,1.11607,157.982
0.663438,1.125,159.085
0.663438,1.13393,156.683
0.663438,1.14286,159.096
0.663438,1.15179,155.808
0.663438,1.16071,157.395
0.663438,1.16964,156.096
0.663438,1.17857,155.797
0.663438,1.1875,157.085
0.663438,1.19643,160.754
0.663438,1.20536,157.341
0.663438,1.21429,157.754
0.663438,1.22321,160.352
0.663438,1.23214,160.765
0.663438,1.24107,162.765
0.663438,1.25,160.776
0.663438,1.25893,163.765
0.663438,1.26786,161.167
0.663438,1.27679,161.281
0.663438,1.28571,158.096
0.663438,1.29464,153.096
0.663438,1.30357,156.993
0.663438,1.3125,150.439
0.663438,1.32143,146.842
0.663438,1.33036,139.669
0.663438,1.33929,137.289
0.663438,1.34821,131.023
0.663438,1.35714,125.355
0.663438,1.36607,118.801
0.663438,1.375,112.524
0.663438,1.38393,107.834
0.663438,1.39286,106.133
0.663438,1.40179,103.557
0.663438,1.41071,100.155
0.663438,1.41964,99.166
0.663438,1.42857,95.889
0.663438,1.4375,93.199
0.663438,1.44643,91.509
0.663438,1.45536,87.221
0.663438,1.46429,88.335
0.663438,1.47321,87.862
0.663438,1.48214,85.574
0.663438,1.49107,85.574
0.663438,1.5,84.449
0.663438,1.50893,84.449
0.663438,1.51786,83.873
0.653753,0,103.529
0.653753,0.00892857,88.466
0.653753,0.0178571,89.053
0.653753,0.0267857,91.107
0.653753,0.0357143,91.21
0.653753,0.0446429,92.612
0.653753,0.0535714,93.487
0.653753,0.0625,95.889
0.653753,0.0714286,96.878
0.653753,0.0803571,96.166
0.653753,0.0892857,103.155
0.653753,0.0982143,104.927
0.653753,0.107143,106.45
0.653753,0.116071,58.756
0.653753,0.125,58.226
0.653753,0.133929,56.703
0.653753,0.142857,56.97
0.653753,0.151786,56.432
0.653753,0.160714,80.422
0.653753,0.169643,105.432
0.653753,0.178571,99.867
0.653753,0.1875,98.59
0.653753,0.196429,98.889
0.653753,0.205357,95.889
0.653753,0.214286,91.889
0.653753,0.223214,88.498
0.653753,0.232143,89.911
0.653753,0.241071,88.911
0.653753,0.25,89.911
0.653753,0.258929,89.21
0.653753,0.267857,90.221
0.653753,0.276786,89.221
0.653753,0.285714,87.221
0.653753,0.294643,86.933
0.653753,0.303571,87.449
0.653753,0.3125,87.449
0.653753,0.321429,87.449
0.653753,0.330357,86.449
0.653753,0.339286,86.449
0.653753,0.348214,86.449
0.653753,0.357143,86.449
0.653753,0.366071,85.449
0.653753,0.375,85.449
0.653753,0.383929,85.449
0.653753,0.392857,86.449
0.653753,0.401786,86.449
0.653753,0.410714,85.449
0.653753,0.419643,85.449
0.653753,0.428571,85.449
0.653753,0.4375,86.449
0.653753,0.446429,87.449
0.653753,0.455357,87.449
0.653753,0.464286,87.449
0.653753,0.473214,86.851
0.653753,0.482143,85.851
0.653753,0.491071,89.851
0.653753,0.5,91.438
0.653753,0.508929,91.199
0.653753,0.517857,97.074
0.653753,0.526786,94.351
0.653753,0.535714,99.514
0.653753,0.544643,106.318
0.653753,0.553571,113.193
0.653753,0.5625,108.595
0.653753,0.571429,110.883
0.653753,0.580357,109.399
0.653753,0.589286,114.399
0.653753,0.598214,116.111
0.653753,0.607143,107.823
0.653753,0.616071,105.133
0.653753,0.625,104.443
0.653753,0.633929,100.856
0.653753,0.642857,98.753
0.653753,0.651786,96.579
0.653753,0.660714,99.579
0.653753,0.669643,97.579
0.653753,0.678571,100.878
0.653753,0.6875,98.878
0.653753,0.696429,97.878
0.653753,0.705357,97.878
0.653753,0.714286,95.878
0.653753,0.723214,97.878
0.653753,0.732143,99.878
0.653753,0.741071,99.878
0.653753,0.75,98.166
0.653753,0.758929,96.166
0.653753,0.767857,99.166
0.653753,0.776786,102.454
0.653753,0.785714,100.557
0.653753,0.794643,106.133
0.653753,0.803571,107.834
0.653753,0.8125,111.41
0.653753,0.821429,111.399
0.653753,0.830357,115.089
0.653753,0.839286,124.676
0.653753,0.848214,122.241
0.653753,0.857143,126.208
0.653753,0.866071,135.012
0.653753,0.875,134.392
0.653753,0.883929,136.185
0.653753,0.892857,144.554
0.653753,0.901786,153.738
0.653753,0.910714,153.727
0.653753,0.919643,153.417
0.653753,0.928571,154.292
0.653753,0.9375,153.993
0.653753,0.946429,158.982
0.653753,0.955357,157.982
0.653753,0.964286,155.971
0.653753,0.973214,155.982
0.653753,0.982143,156.982
0.653753,0.991071,158.786
0.653753,1,155.096
0.653753,1.00893,157.694
0.653753,1.01786,160.765
0.653753,1.02679,160.124
0.653753,1.03571,161.722
0.653753,1.04464,163.608
0.653753,1.05357,162.69
0.653753,1.0625,164.832
0.653753,1.07143,167.359
0.653753,1.08036,165.587
0.653753,1.08929,164.217
0.653753,1.09821,159.363
0.653753,1.10714,156.58
0.653753,1.11607,156.982
0.653753,1.125,157.096
0.653753,1.13393,156.096
0.653753,1.14286,156.509
0.653753,1.15179,154.808
0.653753,1.16071,156.808
0.653753,1.16964,156.395
0.653753,1.17857,155.096
0.653753,1.1875,155.797
0.653753,1.19643,159.754
0.653753,1.20536,159.341
0.653753,1.21429,159.341
0.653753,1.22321,159.754
0.653753,1.23214,161.053
0.653753,1.24107,162.466
0.653753,1.25,161.765
0.653753,1.25893,162.053
0.653753,1.26786,160.156
0.653753,1.27679,158.982
0.653753,1.28571,156.982
0.653753,1.29464,156.797
0.653753,1.30357,155.694
0.653753,1.3125,152.439
0.653753,1.32143,145.13
0.653753,1.33036,139.256
0.653753,1.33929,134.691
0.653753,1.34821,130.023
0.653753,1.35714,123.942
0.653753,1.36607,120.203
0.653753,1.375,112.698
0.653753,1.38393,110.122
0.653753,1.39286,105.133
0.653753,1.40179,106.443
0.653753,1.41071,100.856
0.653753,1.41964,96.753
0.653753,1.42857,95.59
0.653753,1.4375,90.199
0.653753,1.44643,91.911
0.653753,1.45536,88.509
0.653753,1.46429,87.922
0.653753,1.47321,86.15
0.653753,1.48214,85.46
0.653753,1.49107,84.161
0.653753,1.5,82.862
0.653753,1.50893,84.449
0.653753,1.51786,84.46
0.644068,0,103.099
0.644068,0.00892857,88.395
0.644068,0.0178571,89.999
0.644068,0.0267857,89.879
0.644068,0.0357143,89.623
0.644068,0.0446429,91.911
0.644068,0.0535714,94.601
0.644068,0.0625,97.889
0.644068,0.0714286,96.878
0.644068,0.0803571,100.867
0.644068,0.0892857,104.155
0.644068,0.0982143,107.916
0.644068,0.107143,109.553
0.644068,0.116071,61.261
0.644068,0.125,57.052
0.644068,0.133929,57.899
0.644068,0.142857,56.97
0.644068,0.151786,54.877
0.644068,0.160714,88.258
0.644068,0.169643,107.247
0.644068,0.178571,98.568
0.644068,0.1875,97.579
0.644068,0.196429,99.177
0.644068,0.205357,95.291
0.644068,0.214286,95.188
0.644068,0.223214,93.199
0.644068,0.232143,89.911
0.644068,0.241071,89.911
0.644068,0.25,88.911
0.644068,0.258929,90.21
0.644068,0.267857,89.221
0.644068,0.276786,89.221
0.644068,0.285714,88.221
0.644068,0.294643,87.933
0.644068,0.303571,87.449
0.644068,0.3125,87.449
0.644068,0.321429,88.449
0.644068,0.330357,86.449
0.644068,0.339286,86.449
0.644068,0.348214,86.449
0.644068,0.357143,86.449
0.644068,0.366071,85.449
0.644068,0.375,86.449
0.644068,0.383929,86.449
0.644068,0.392857,86.449
0.644068,0.401786,87.449
0.644068,0.410714,86.449
0.644068,0.419643,85.449
0.644068,0.428571,84.449
0.644068,0.4375,85.449
0.644068,0.446429,85.748
0.644068,0.455357,87.449
0.644068,0.464286,87.449
0.644068,0.473214,87.15
0.644068,0.482143,85.851
0.644068,0.491071,87.851
0.644068,0.5,87.851
0.644068,0.508929,88.21
0.644068,0.517857,87.797
0.644068,0.526786,97.373
0.644068,0.535714,95.764
0.644068,0.544643,99.155
0.644068,0.553571,103.03
0.644068,0.5625,111.72
0.644068,0.571429,111.834
0.644068,0.580357,113.111
0.644068,0.589286,117.399
0.644068,0.598214,116.399
0.644068,0.607143,113.812
0.644068,0.616071,109.823
0.644068,0.625,109.834
0.644068,0.633929,101.133
0.644068,0.642857,100.867
0.644068,0.651786,95.878
0.644068,0.660714,97.878
0.644068,0.669643,94.878
0.644068,0.678571,91.878
0.644068,0.6875,97.476
0.644068,0.696429,92.889
0.644068,0.705357,99.476
0.644068,0.714286,96.59
0.644068,0.723214,92.889
0.644068,0.732143,92.878
0.644068,0.741071,96.878
0.644068,0.75,95.465
0.644068,0.758929,97.579
0.644068,0.767857,96.878
0.644068,0.776786,103.166
0.644068,0.785714,97.856
0.644068,0.794643,100.144
0.644068,0.803571,105.133
0.644068,0.8125,109.834
0.644068,0.821429,111.111
0.644068,0.830357,114.1
0.644068,0.839286,116.388
0.644068,0.848214,119.252
0.644068,0.857143,120.529
0.644068,0.866071,128.632
0.644068,0.875,133.012
0.644068,0.883929,138.207
0.644068,0.892857,146.761
0.644068,0.901786,150.358
0.644068,0.910714,150.76
0.644068,0.919643,152.026
0.644068,0.928571,151.716
0.644068,0.9375,152.705
0.644068,0.946429,156.982
0.644068,0.955357,157.982
0.644068,0.964286,158.971
0.644068,0.973214,158.27
0.644068,0.982143,157.982
0.644068,0.991071,160.797
0.644068,1,156.096
0.644068,1.00893,157.694
0.644068,1.01786,158.281
0.644068,1.02679,160.58
0.644068,1.03571,153.352
0.644068,1.04464,161.341
0.644068,1.05357,161.896
0.644068,1.0625,162.462
0.644068,1.07143,164.69
0.644068,1.08036,160.918
0.644068,1.08929,160.021
0.644068,1.09821,159.651
0.644068,1.10714,156.58
0.644068,1.11607,155.982
0.644068,1.125,156.509
0.644068,1.13393,157.509
0.644068,1.14286,157.107
0.644068,1.15179,157.107
0.644068,1.16071,156.107
0.644068,1.16964,155.808
0.644068,1.17857,155.808
0.644068,1.1875,158.395
0.644068,1.19643,158.868
0.644068,1.20536,161.868
0.644068,1.21429,155.982
0.644068,1.22321,157.868
0.644068,1.23214,157.982
0.644068,1.24107,158.868
0.644068,1.25,157.281
0.644068,1.25893,160.167
0.644068,1.26786,158.27
0.644068,1.27679,159.683
0.644068,1.28571,161.384
0.644068,1.29464,156.085
0.644068,1.30357,153.395
0.644068,1.3125,152.727
0.644068,1.32143,150.532
0.644068,1.33036,141.957
0.644068,1.33929,135.99
0.644068,1.34821,133.724
0.644068,1.35714,123.643
0.644068,1.36607,119.79
0.644068,1.375,112.812
0.644068,1.38393,111.823
0.644068,1.39286,110.535
0.644068,1.40179,107.144
0.644068,1.41071,101.856
0.644068,1.41964,93.155
0.644068,1.42857,91.878
0.644068,1.4375,96.188
0.644068,1.44643,90.911
0.644068,1.45536,88.21
0.644068,1.46429,88.922
0.644068,1.47321,87.15
0.644068,1.48214,86.161
0.644068,1.49107,85.161
0.644068,1.5,83.449
0.644068,1.50893,83.449
0.644068,1.51786,84.46
0.634383,0,104.142
0.634383,0.00892857,90.079
0.634383,0.0178571,90.971
0.634383,0.0267857,88.808
0.634383,0.0357143,92.509
0.634383,0.0446429,90.911
0.634383,0.0535714,93.9
0.634383,0.0625,97.59
0.634383,0.0714286,97.878
0.634383,0.0803571,100.155
0.634383,0.0892857,103.856
0.634383,0.0982143,108.503
0.634383,0.107143,111.884
0.634383,0.116071,65.57
0.634383,0.125,56.454
0.634383,0.133929,58.611
0.634383,0.142857,56.856
0.634383,0.151786,55.795
0.634383,0.160714,101.567
0.634383,0.169643,107.236
0.634383,0.178571,103.557
0.634383,0.1875,97.454
0.634383,0.196429,93.166
0.634383,0.205357,99.465
0.634383,0.214286,98.177
0.634383,0.223214,95.9
0.634383,0.232143,93.498
0.634383,0.241071,95.911
0.634383,0.25,90.911
0.634383,0.258929,91.21
0.634383,0.267857,89.221
0.634383,0.276786,87.221
0.634383,0.285714,87.221
0.634383,0.294643,85.933
0.634383,0.303571,87.449
0.634383,0.3125,87.449
0.634383,0.321429,88.449
0.634383,0.330357,86.449
0.634383,0.339286,86.449
0.634383,0.348214,86.449
0.634383,0.357143,86.449
0.634383,0.366071,85.449
0.634383,0.375,85.449
0.634383,0.383929,85.449
0.634383,0.392857,86.449
0.634383,0.401786,86.449
0.634383,0.410714,85.449
0.634383,0.419643,85.449
0.634383,0.428571,84.449
0.634383,0.4375,85.161
0.634383,0.446429,84.862
0.634383,0.455357,84.161
0.634383,0.464286,85.748
0.634383,0.473214,86.449
0.634383,0.482143,85.449
0.634383,0.491071,86.449
0.634383,0.5,88.851
0.634383,0.508929,89.221
0.634383,0.517857,89.922
0.634383,0.526786,91.21
0.634383,0.535714,94.188
0.634383,0.544643,95.291
0.634383,0.553571,102.454
0.634383,0.5625,102.443
0.634383,0.571429,104.845
0.634383,0.580357,106.823
0.634383,0.589286,114.111
0.634383,0.598214,118.111
0.634383,0.607143,111.111
0.634383,0.616071,111.111
0.634383,0.625,107.524
0.634383,0.633929,109.823
0.634383,0.642857,102.856
0.634383,0.651786,102.579
0.634383,0.660714,96.166
0.634383,0.669643,95.878
0.634383,0.678571,96.878
0.634383,0.6875,94.889
0.634383,0.696429,94.889
0.634383,0.705357,97.889
0.634383,0.714286,95.889
0.634383,0.723214,93.889
0.634383,0.732143,97.476
0.634383,0.741071,95.889
0.634383,0.75,93.889
0.634383,0.758929,98.878
0.634383,0.767857,96.878
0.634383,0.776786,99.166
0.634383,0.785714,93.155
0.634383,0.794643,100.856
0.634383,0.803571,108.144
0.634383,0.8125,105.133
0.634383,0.821429,108.535
0.634383,0.830357,111.823
0.634383,0.839286,112.111
0.634383,0.848214,120.388
0.634383,0.857143,124.437
0.634383,0.866071,124.839
0.634383,0.875,129.92
0.634383,0.883929,139.702
0.634383,0.892857,136.897
0.634383,0.901786,141.989
0.634383,0.910714,148.782
0.634383,0.919643,147.749
0.634383,0.928571,148.336
0.634383,0.9375,156.716
0.634383,0.946429,158.694
0.634383,0.955357,159.982
0.634383,0.964286,158.971
0.634383,0.973214,156.971
0.634383,0.982143,159.982
0.634383,0.991071,158.096
0.634383,1,156.096
0.634383,1.00893,156.808
0.634383,1.01786,152.808
0.634383,1.02679,157.509
0.634383,1.03571,154.096
0.634383,1.04464,157.085
0.634383,1.05357,159.526
0.634383,1.0625,162.907
0.634383,1.07143,161.608
0.634383,1.08036,161.423
0.634383,1.08929,160.238
0.634383,1.09821,160.167
0.634383,1.10714,158.281
0.634383,1.11607,158.281
0.634383,1.125,157.808
0.634383,1.13393,156.107
0.634383,1.14286,153.107
0.634383,1.15179,153.819
0.634383,1.16071,154.118
0.634383,1.16964,156.107
0.634383,1.17857,154.107
0.634383,1.1875,154.808
0.634383,1.19643,158.982
0.634383,1.20536,158.281
0.634383,1.21429,158.982
0.634383,1.22321,155.982
0.634383,1.23214,157.982
0.634383,1.24107,161.982
0.634383,1.25,160.281
0.634383,1.25893,159.569
0.634383,1.26786,157.444
0.634383,1.27679,158.683
0.634383,1.28571,156.096
0.634383,1.29464,156.683
0.634383,1.30357,156.982
0.634383,1.3125,151.727
0.634383,1.32143,149.82
0.634383,1.33036,146.245
0.634383,1.33929,142.278
0.634383,1.34821,134.311
0.634383,1.35714,127.045
0.634383,1.36607,119.491
0.634383,1.375,119.1
0.634383,1.38393,112.524
0.634383,1.39286,105.535
0.634383,1.40179,107.133
0.634383,1.41071,101.144
0.634383,1.41964,98.155
0.634383,1.42857,97.465
0.634383,1.4375,95.188
0.634383,1.44643,89.199
0.634383,1.45536,88.911
0.634383,1.46429,92.324
0.634383,1.47321,87.15
0.634383,1.48214,86.862
0.634383,1.49107,83.862
0.634383,1.5,83.15
0.634383,1.50893,84.15
0.634383,1.51786,83.574
0.624697,0,106.159
0.624697,0.00892857,89.025
0.624697,0.0178571,85.883
0.624697,0.0267857,87.851
0.624697,0.0357143,90.21
0.624697,0.0446429,91.911
0.624697,0.0535714,94.188
0.624697,0.0625,97.579
0.624697,0.0714286,96.753
0.624697,0.0803571,101.856
0.624697,0.0892857,107.03
0.624697,0.0982143,107.78
0.624697,0.107143,112.759
0.624697,0.116071,66.167
0.624697,0.125,55.856
0.624697,0.133929,58.269
0.624697,0.142857,56.731
0.624697,0.151786,56.3
0.624697,0.160714,108.463
0.624697,0.169643,109.41
0.624697,0.178571,108.432
0.624697,0.1875,101.155
0.624697,0.196429,99.454
0.624697,0.205357,95.166
0.624697,0.214286,96.177
0.624697,0.223214,90.9
0.624697,0.232143,96.612
0.624697,0.241071,92.911
0.624697,0.25,91.911
0.624697,0.258929,91.21
0.624697,0.267857,89.221
0.624697,0.276786,87.221
0.624697,0.285714,88.221
0.624697,0.294643,86.933
0.624697,0.303571,86.449
0.624697,0.3125,88.449
0.624697,0.321429,87.449
0.624697,0.330357,84.449
0.624697,0.339286,85.449
0.624697,0.348214,86.449
0.624697,0.357143,87.449
0.624697,0.366071,85.449
0.624697,0.375,85.449
0.624697,0.383929,86.449
0.624697,0.392857,86.449
0.624697,0.401786,86.449
0.624697,0.410714,86.449
0.624697,0.419643,85.449
0.624697,0.428571,85.449
0.624697,0.4375,84.862
0.624697,0.446429,85.161
0.624697,0.455357,84.161
0.624697,0.464286,85.748
0.624697,0.473214,87.449
0.624697,0.482143,86.449
0.624697,0.491071,86.449
0.624697,0.5,89.15
0.624697,0.508929,86.933
0.624697,0.517857,86.634
0.624697,0.526786,87.623
0.624697,0.535714,89.21
0.624697,0.544643,90.889
0.624697,0.553571,96.177
0.624697,0.5625,99.166
0.624697,0.571429,101.454
0.624697,0.580357,107.834
0.624697,0.589286,109.834
0.624697,0.598214,112.823
0.624697,0.607143,119.41
0.624697,0.616071,113.111
0.624697,0.625,118.111
0.624697,0.633929,108.41
0.624697,0.642857,109.432
0.624697,0.651786,102.155
0.624697,0.660714,102.155
0.624697,0.669643,98.166
0.624697,0.678571,94.878
0.624697,0.6875,96.889
0.624697,0.696429,94.889
0.624697,0.705357,93.188
0.624697,0.714286,93.188
0.624697,0.723214,91.188
0.624697,0.732143,94.188
0.624697,0.741071,93.889
0.624697,0.75,95.889
0.624697,0.758929,99.59
0.624697,0.767857,97.59
0.624697,0.776786,99.878
0.624697,0.785714,98.166
0.624697,0.794643,100.155
0.624697,0.803571,101.856
0.624697,0.8125,104.144
0.624697,0.821429,102.133
0.624697,0.830357,107.834
0.624697,0.839286,109.535
0.624697,0.848214,110.997
0.624697,0.857143,122.758
0.624697,0.866071,127.149
0.624697,0.875,131.355
0.624697,0.883929,129.621
0.624697,0.892857,137.631
0.624697,0.901786,141.185
0.624697,0.910714,142.277
0.624697,0.919643,141.782
0.624697,0.928571,149.059
0.624697,0.9375,150.738
0.624697,0.946429,155.591
0.624697,0.955357,157.982
0.624697,0.964286,157.982
0.624697,0.973214,160.982
0.624697,0.982143,156.982
0.624697,0.991071,156.982
0.624697,1,156.509
0.624697,1.00893,155.808
0.624697,1.01786,153.808
0.624697,1.02679,158.395
0.624697,1.03571,155.683
0.624697,1.04464,157.085
0.624697,1.05357,158.455
0.624697,1.0625,160.711
0.624697,1.07143,160.939
0.624697,1.08036,161.227
0.624697,1.08929,159.868
0.624697,1.09821,156.982
0.624697,1.10714,156.982
0.624697,1.11607,154.281
0.624697,1.125,159.107
0.624697,1.13393,156.819
0.624697,1.14286,152.819
0.624697,1.15179,155.417
0.624697,1.16071,155.118
0.624697,1.16964,152.118
0.624697,1.17857,152.406
0.624697,1.1875,154.107
0.624697,1.19643,151.694
0.624697,1.20536,157.281
0.624697,1.21429,155.281
0.624697,1.22321,158.281
0.624697,1.23214,153.982
0.624697,1.24107,152.982
0.624697,1.25,157.982
0.624697,1.25893,156.971
0.624697,1.26786,157.444
0.624697,1.27679,157.683
0.624697,1.28571,157.694
0.624697,1.29464,156.509
0.624697,1.30357,154.993
0.624697,1.3125,150.026
0.624697,1.32143,144.418
0.624697,1.33036,143.946
0.624697,1.33929,137.979
0.624697,1.34821,132.414
0.624697,1.35714,127.159
0.624697,1.36607,122.377
0.624697,1.375,116.1
0.624697,1.38393,116.111
0.624697,1.39286,109.823
0.624697,1.40179,104.133
0.624697,1.41071,106.845
0.624697,1.41964,98.856
0.624697,1.42857,99.166
0.624697,1.4375,95.889
0.624697,1.44643,94.9
0.624697,1.45536,90.911
0.624697,1.46429,90.025
0.624697,1.47321,88.15
0.624697,1.48214,87.748
0.624697,1.49107,84.748
0.624697,1.5,83.851
0.624697,1.50893,83.851
0.624697,1.51786,83.862
0.615012,0,103.89
0.615012,0.00892857,91.44
0.615012,0.0178571,88.449
0.615012,0.0267857,90.264
0.615012,0.0357143,90.612
0.615012,0.0446429,94.487
0.615012,0.0535714,94.59
0.615012,0.0625,96.867
0.615012,0.0714286,104.856
0.615012,0.0803571,103.546
0.615012,0.0892857,110.72
0.615012,0.0982143,114.356
0.615012,0.107143,120.677
0.615012,0.116071,72.661
0.615012,0.125,57.372
0.615012,0.133929,59.155
0.615012,0.142857,56.133
0.615012,0.151786,56.218
0.615012,0.160714,116.587
0.615012,0.169643,114.698
0.615012,0.178571,109.133
0.615012,0.1875,106.856
0.615012,0.196429,103.155
0.615012,0.205357,101.867
0.615012,0.214286,96.878
0.615012,0.223214,91.9
0.615012,0.232143,93.911
0.615012,0.241071,91.911
0.615012,0.25,91.911
0.615012,0.258929,92.21
0.615012,0.267857,88.221
0.615012,0.276786,89.221
0.615012,0.285714,88.221
0.615012,0.294643,88.933
0.615012,0.303571,89.449
0.615012,0.3125,84.449
0.615012,0.321429,87.449
0.615012,0.330357,84.449
0.615012,0.339286,86.449
0.615012,0.348214,86.449
0.615012,0.357143,85.449
0.615012,0.366071,85.449
0.615012,0.375,86.449
0.615012,0.383929,87.449
0.615012,0.392857,85.449
0.615012,0.401786,85.449
0.615012,0.410714,86.449
0.615012,0.419643,85.449
0.615012,0.428571,85.449
0.615012,0.4375,86.161
0.615012,0.446429,86.161
0.615012,0.455357,85.161
0.615012,0.464286,85.161
0.615012,0.473214,86.449
0.615012,0.482143,86.449
0.615012,0.491071,86.449
0.615012,0.5,87.449
0.615012,0.508929,88.221
0.615012,0.517857,88.221
0.615012,0.526786,88.221
0.615012,0.535714,87.623
0.615012,0.544643,90.911
0.615012,0.553571,91.9
0.615012,0.5625,96.177
0.615012,0.571429,98.465
0.615012,0.580357,104.856
0.615012,0.589286,107.144
0.615012,0.598214,109.133
0.615012,0.607143,111.122
0.615012,0.616071,118.823
0.615012,0.625,110.823
0.615012,0.633929,111.823
0.615012,0.642857,106.421
0.615012,0.651786,110.834
0.615012,0.660714,103.144
0.615012,0.669643,104.443
0.615012,0.678571,98.166
0.615012,0.6875,93.889
0.615012,0.696429,94.188
0.615012,0.705357,94.188
0.615012,0.714286,98.188
0.615012,0.723214,96.188
0.615012,0.732143,94.188
0.615012,0.741071,93.188
0.615012,0.75,92.889
0.615012,0.758929,94.889
0.615012,0.767857,94.889
0.615012,0.776786,96.889
0.615012,0.785714,104.878
0.615012,0.794643,100.166
0.615012,0.803571,97.155
0.615012,0.8125,101.856
0.615012,0.821429,102.144
0.615012,0.830357,105.546
0.615012,0.839286,108.133
0.615012,0.848214,109.193
0.615012,0.857143,115.242
0.615012,0.866071,117.459
0.615012,0.875,126.551
0.615012,0.883929,125.746
0.615012,0.892857,136.012
0.615012,0.901786,133.207
0.615012,0.910714,136.185
0.615012,0.919643,150.804
0.615012,0.928571,147.782
0.615012,0.9375,151.749
0.615012,0.946429,152.716
0.615012,0.955357,152.58
0.615012,0.964286,157.982
0.615012,0.973214,157.982
0.615012,0.982143,157.281
0.615012,0.991071,159.982
0.615012,1,160.281
0.615012,1.00893,157.281
0.615012,1.01786,154.993
0.615012,1.02679,158.808
0.615012,1.03571,156.096
0.615012,1.04464,157.21
0.615012,1.05357,156.797
0.615012,1.0625,159.683
0.615012,1.07143,158.971
0.615012,1.08036,159.971
0.615012,1.08929,154.971
0.615012,1.09821,156.982
0.615012,1.10714,159.281
0.615012,1.11607,150.993
0.615012,1.125,155.118
0.615012,1.13393,154.118
0.615012,1.14286,151.83
0.615012,1.15179,154.83
0.615012,1.16071,151.83
0.615012,1.16964,153.83
0.615012,1.17857,154.118
0.615012,1.1875,153.118
0.615012,1.19643,152.004
0.615012,1.20536,153.993
0.615012,1.21429,154.993
0.615012,1.22321,155.281
0.615012,1.23214,159.281
0.615012,1.24107,157.982
0.615012,1.25,157.982
0.615012,1.25893,160.156
0.615012,1.26786,157.569
0.615012,1.27679,159.982
0.615012,1.28571,156.107
0.615012,1.29464,151.107
0.615012,1.30357,155.118
0.615012,1.3125,153.738
0.615012,1.32143,141.418
0.615012,1.33036,142.234
0.615012,1.33929,134.267
0.615012,1.34821,136.3
0.615012,1.35714,131.045
0.615012,1.36607,128.48
0.615012,1.375,118.388
0.615012,1.38393,115.399
0.615012,1.39286,111.41
0.615012,1.40179,103.834
0.615012,1.41071,110.133
0.615012,1.41964,98.856
0.615012,1.42857,99.867
0.615012,1.4375,97.889
0.615012,1.44643,90.188
0.615012,1.45536,94.9
0.615012,1.46429,92.911
0.615012,1.47321,86.851
0.615012,1.48214,86.862
0.615012,1.49107,84.449
0.615012,1.5,83.851
0.615012,1.50893,83.851
0.615012,1.51786,83.862
0.605327,0,222.909
0.605327,0.00892857,163.584
0.605327,0.0178571,88.733
0.605327,0.0267857,90.922
0.605327,0.0357143,91.612
0.605327,0.0446429,94.889
0.605327,0.0535714,97.878
0.605327,0.0625,95.867
0.605327,0.0714286,105.443
0.605327,0.0803571,106.133
0.605327,0.0892857,108.122
0.605327,0.0982143,116.758
0.605327,0.107143,127.367
0.605327,0.116071,78.824
0.605327,0.125,57.475
0.605327,0.133929,57.041
0.605327,0.142857,56.72
0.605327,0.151786,59.196
0.605327,0.160714,126.679
0.605327,0.169643,115.986
0.605327,0.178571,110.122
0.605327,0.1875,104.557
0.605327,0.196429,98.856
0.605327,0.205357,100.155
0.605327,0.214286,94.579
0.605327,0.223214,94.889
0.605327,0.232143,90.911
0.605327,0.241071,91.911
0.605327,0.25,91.911
0.605327,0.258929,91.21
0.605327,0.267857,86.221
0.605327,0.276786,91.221
0.605327,0.285714,88.221
0.605327,0.294643,86.933
0.605327,0.303571,87.449
0.605327,0.3125,88.449
0.605327,0.321429,86.449
0.605327,0.330357,87.449
0.605327,0.339286,86.449
0.605327,0.348214,86.449
0.605327,0.357143,86.449
0.605327,0.366071,86.449
0.605327,0.375,86.449
0.605327,0.383929,87.449
0.605327,0.392857,85.449
0.605327,0.401786,84.449
0.605327,0.410714,84.449
0.605327,0.419643,85.449
0.605327,0.428571,85.449
0.605327,0.4375,85.161
0.605327,0.446429,86.161
0.605327,0.455357,86.161
0.605327,0.464286,85.161
0.605327,0.473214,85.161
0.605327,0.482143,85.449
0.605327,0.491071,86.449
0.605327,0.5,86.449
0.605327,0.508929,84.851
0.605327,0.517857,86.449
0.605327,0.526786,87.449
0.605327,0.535714,87.449
0.605327,0.544643,90.851
0.605327,0.553571,90.726
0.605327,0.5625,91.416
0.605327,0.571429,93.932
0.605327,0.580357,100.166
0.605327,0.589286,103.454
0.605327,0.598214,104.144
0.605327,0.607143,107.133
0.605327,0.616071,108.421
0.605327,0.625,108.823
0.605327,0.633929,108.823
0.605327,0.642857,113.823
0.605327,0.651786,108.823
0.605327,0.660714,105.834
0.605327,0.669643,101.557
0.605327,0.678571,100.753
0.605327,0.6875,97.59
0.605327,0.696429,95.188
0.605327,0.705357,94.9
0.605327,0.714286,92.188
0.605327,0.723214,97.188
0.605327,0.732143,95.188
0.605327,0.741071,98.188
0.605327,0.75,93.188
0.605327,0.758929,94.889
0.605327,0.767857,93.889
0.605327,0.776786,94.889
0.605327,0.785714,92.889
0.605327,0.794643,97.878
0.605327,0.803571,98.166
0.605327,0.8125,98.155
0.605327,0.821429,102.856
0.605327,0.830357,103.557
0.605327,0.839286,108.144
0.605327,0.848214,108.492
0.605327,0.857143,112.954
0.605327,0.866071,114.47
0.605327,0.875,118.149
0.605327,0.883929,127.643
0.605327,0.892857,135.724
0.605327,0.901786,138.62
0.605327,0.910714,143.31
0.605327,0.919643,139.114
0.605327,0.928571,144.679
0.605327,0.9375,149.358
0.605327,0.946429,154.314
0.605327,0.955357,150.993
0.605327,0.964286,156.281
0.605327,0.973214,159.281
0.605327,0.982143,157.281
0.605327,0.991071,160.341
0.605327,1,158.053
0.605327,1.00893,157.993
0.605327,1.01786,155.993
0.605327,1.02679,158.107
0.605327,1.03571,155.808
0.605327,1.04464,156.21
0.605327,1.05357,157.683
0.605327,1.0625,159.971
0.605327,1.07143,157.672
0.605327,1.08036,158.672
0.605327,1.08929,157.672
0.605327,1.09821,159.683
0.605327,1.10714,157.281
0.605327,1.11607,154.107
0.605327,1.125,156.118
0.605327,1.13393,155.83
0.605327,1.14286,152.129
0.605327,1.15179,150.841
0.605327,1.16071,150.841
0.605327,1.16964,156.243
0.605327,1.17857,150.83
0.605327,1.1875,151.118
0.605327,1.19643,151.716
0.605327,1.20536,156.004
0.605327,1.21429,152.004
0.605327,1.22321,155.993
0.605327,1.23214,158.281
0.605327,1.24107,155.982
0.605327,1.25,156.982
0.605327,1.25893,156.982
0.605327,1.26786,157.156
0.605327,1.27679,156.281
0.605327,1.28571,155.107
0.605327,1.29464,154.107
0.605327,1.30357,155.417
0.605327,1.3125,150.738
0.605327,1.32143,149.418
0.605327,1.33036,148.234
0.605327,1.33929,142.68
0.605327,1.34821,136.3
0.605327,1.35714,130.333
0.605327,1.36607,125.366
0.605327,1.375,120.388
0.605327,1.38393,117.399
0.605327,1.39286,115.111
0.605327,1.40179,107.834
0.605327,1.41071,107.133
0.605327,1.41964,100.443
0.605327,1.42857,102.454
0.605327,1.4375,98.878
0.605327,1.44643,93.188
0.605327,1.45536,91.199
0.605327,1.46429,89.025
0.605327,1.47321,86.851
0.605327,1.48214,87.449
0.605327,1.49107,85.449
0.605327,1.5,84.15
0.605327,1.50893,83.851
0.605327,1.51786,83.862
0.595642,0,250.227
0.595642,0.00892857,181.39
0.595642,0.0178571,95.597
0.595642,0.0267857,88.808
0.595642,0.0357143,96.27
0.595642,0.0446429,93.59
0.595642,0.0535714,98.095
0.595642,0.0625,99.796
0.595642,0.0714286,102.557
0.595642,0.0803571,107.606
0.595642,0.0892857,115.769
0.595642,0.0982143,119.975
0.595642,0.107143,134.024
0.595642,0.116071,83.53
0.595642,0.125,58.481
0.595642,0.133929,55.639
0.595642,0.142857,54.671
0.595642,0.151786,59.309
0.595642,0.160714,138.047
0.595642,0.169643,124.344
0.595642,0.178571,112.502
0.595642,0.1875,109.133
0.595642,0.196429,97.155
0.595642,0.205357,100.155
0.595642,0.214286,98.155
0.595642,0.223214,98.166
0.595642,0.232143,91.889
0.595642,0.241071,90.9
0.595642,0.25,94.9
0.595642,0.258929,92.911
0.595642,0.267857,89.21
0.595642,0.276786,90.21
0.595642,0.285714,90.221
0.595642,0.294643,87.221
0.595642,0.303571,85.922
0.595642,0.3125,86.21
0.595642,0.321429,85.221
0.595642,0.330357,86.221
0.595642,0.339286,86.221
0.595642,0.348214,88.221
0.595642,0.357143,86.933
0.595642,0.366071,84.933
0.595642,0.375,86.449
0.595642,0.383929,85.449
0.595642,0.392857,85.449
0.595642,0.401786,85.449
0.595642,0.410714,86.449
0.595642,0.419643,84.449
0.595642,0.428571,85.449
0.595642,0.4375,85.449
0.595642,0.446429,86.449
0.595642,0.455357,86.449
0.595642,0.464286,85.449
0.595642,0.473214,85.449
0.595642,0.482143,85.449
0.595642,0.491071,85.449
0.595642,0.5,86.449
0.595642,0.508929,85.449
0.595642,0.517857,86.449
0.595642,0.526786,86.449
0.595642,0.535714,87.449
0.595642,0.544643,88.449
0.595642,0.553571,88.851
0.595642,0.5625,88.851
0.595642,0.571429,90.851
0.595642,0.580357,93.199
0.595642,0.589286,96.188
0.595642,0.598214,98.177
0.595642,0.607143,100.166
0.595642,0.616071,103.856
0.595642,0.625,108.834
0.595642,0.633929,109.823
0.595642,0.642857,109.709
0.595642,0.651786,113.193
0.595642,0.660714,108.905
0.595642,0.669643,107.617
0.595642,0.678571,105.155
0.595642,0.6875,95.878
0.595642,0.696429,98.188
0.595642,0.705357,93.9
0.595642,0.714286,94.188
0.595642,0.723214,92.188
0.595642,0.732143,95.188
0.595642,0.741071,94.9
0.595642,0.75,95.188
0.595642,0.758929,92.188
0.595642,0.767857,95.889
0.595642,0.776786,91.878
0.595642,0.785714,91.889
0.595642,0.794643,95.889
0.595642,0.803571,92.889
0.595642,0.8125,96.177
0.595642,0.821429,100.166
0.595642,0.830357,103.155
0.595642,0.839286,103.856
0.595642,0.848214,104.535
0.595642,0.857143,105.41
0.595642,0.866071,116.111
0.595642,0.875,119.1
0.595642,0.883929,126.078
0.595642,0.892857,123.757
0.595642,0.901786,133.023
0.595642,0.910714,137.403
0.595642,0.919643,137.979
0.595642,0.928571,141.299
0.595642,0.9375,146.853
0.595642,0.946429,148.407
0.595642,0.955357,157.303
0.595642,0.964286,156.58
0.595642,0.973214,160.096
0.595642,0.982143,163.096
0.595642,0.991071,161.694
0.595642,1,155.808
0.595642,1.00893,154.808
0.595642,1.01786,152.808
0.595642,1.02679,153.808
0.595642,1.03571,155.808
0.595642,1.04464,158.509
0.595642,1.05357,151.395
0.595642,1.0625,159.107
0.595642,1.07143,155.281
0.595642,1.08036,160.281
0.595642,1.08929,158.281
0.595642,1.09821,152.281
0.595642,1.10714,157.406
0.595642,1.11607,157.004
0.595642,1.125,152.716
0.595642,1.13393,154.613
0.595642,1.14286,148.439
0.595642,1.15179,149.738
0.595642,1.16071,152.738
0.595642,1.16964,152.738
0.595642,1.17857,150.015
0.595642,1.1875,153.015
0.595642,1.19643,150.015
0.595642,1.20536,154.716
0.595642,1.21429,155.004
0.595642,1.22321,155.808
0.595642,1.23214,156.096
0.595642,1.24107,157.096
0.595642,1.25,158.096
0.595642,1.25893,156.21
0.595642,1.26786,156.808
0.595642,1.27679,156.808
0.595642,1.28571,158.395
0.595642,1.29464,159.58
0.595642,1.30357,156.303
0.595642,1.3125,153.613
0.595642,1.32143,151.108
0.595642,1.33036,146.522
0.595642,1.33929,140.968
0.595642,1.34821,137.403
0.595642,1.35714,132.621
0.595642,1.36607,126.54
0.595642,1.375,117.16
0.595642,1.38393,117.171
0.595642,1.39286,109.883
0.595642,1.40179,111.193
0.595642,1.41071,99.617
0.595642,1.41964,95.927
0.595642,1.42857,99.166
0.595642,1.4375,103.465
0.595642,1.44643,89.889
0.595642,1.45536,91.9
0.595642,1.46429,89.737
0.595642,1.47321,89.21
0.595642,1.48214,89.509
0.595642,1.49107,84.221
0.595642,1.5,84.335
0.595642,1.50893,84.449
0.595642,1.51786,83.862
0.585956,0,104.804
0.585956,0.00892857,87.87
0.585956,0.0178571,92.27
0.585956,0.0267857,93.27
0.585956,0.0357143,94.074
0.585956,0.0446429,97.867
0.585956,0.0535714,101.155
0.585956,0.0625,99.856
0.585956,0.0714286,108.845
0.585956,0.0803571,111.193
0.585956,0.0892857,111.584
0.585956,0.0982143,122.551
0.585956,0.107143,136.094
0.585956,0.116071,95.219
0.585956,0.125,57.421
0.585956,0.133929,57.813
0.585956,0.142857,58.144
0.585956,0.151786,60.754
0.585956,0.160714,141.497
0.585956,0.169643,130.621
0.585956,0.178571,118.078
0.585956,0.1875,111.834
0.585956,0.196429,105.155
0.585956,0.205357,104.155
0.585956,0.214286,99.155
0.585956,0.223214,100.867
0.585956,0.232143,92.476
0.585956,0.241071,89.9
0.585956,0.25,93.9
0.585956,0.258929,91.911
0.585956,0.267857,89.21
0.585956,0.276786,89.221
0.585956,0.285714,88.221
0.585956,0.294643,87.221
0.585956,0.303571,91.21
0.585956,0.3125,86.21
0.585956,0.321429,88.221
0.585956,0.330357,86.221
0.585956,0.339286,86.221
0.585956,0.348214,87.221
0.585956,0.357143,85.933
0.585956,0.366071,83.933
0.585956,0.375,86.449
0.585956,0.383929,86.449
0.585956,0.392857,85.449
0.585956,0.401786,84.449
0.585956,0.410714,85.449
0.585956,0.419643,85.449
0.585956,0.428571,85.449
0.585956,0.4375,85.449
0.585956,0.446429,86.449
0.585956,0.455357,85.449
0.585956,0.464286,84.449
0.585956,0.473214,85.449
0.585956,0.482143,85.449
0.585956,0.491071,85.449
0.585956,0.5,86.449
0.585956,0.508929,86.449
0.585956,0.517857,86.449
0.585956,0.526786,85.449
0.585956,0.535714,88.449
0.585956,0.544643,88.449
0.585956,0.553571,90.449
0.585956,0.5625,92.449
0.585956,0.571429,89.15
0.585956,0.580357,88.911
0.585956,0.589286,91.199
0.585956,0.598214,95.188
0.585956,0.607143,98.889
0.585956,0.616071,99.867
0.585956,0.625,104.144
0.585956,0.633929,109.834
0.585956,0.642857,109.008
0.585956,0.651786,110.595
0.585956,0.660714,109.894
0.585956,0.669643,108.905
0.585956,0.678571,97.557
0.585956,0.6875,101.166
0.585956,0.696429,99.476
0.585956,0.705357,94.188
0.585956,0.714286,98.188
0.585956,0.723214,94.188
0.585956,0.732143,92.9
0.585956,0.741071,93.9
0.585956,0.75,94.9
0.585956,0.758929,93.188
0.585956,0.767857,94.188
0.585956,0.776786,94.889
0.585956,0.785714,93.889
0.585956,0.794643,97.889
0.585956,0.803571,95.889
0.585956,0.8125,94.889
0.585956,0.821429,95.878
0.585956,0.830357,99.454
0.585956,0.839286,101.155
0.585956,0.848214,102.845
0.585956,0.857143,105.133
0.585956,0.866071,109.133
0.585956,0.875,109.122
0.585956,0.883929,116.1
0.585956,0.892857,120.067
0.585956,0.901786,127.045
0.585956,0.910714,129.621
0.585956,0.919643,135.876
0.585956,0.928571,142.555
0.585956,0.9375,142.864
0.585956,0.946429,143.532
0.585956,0.955357,152.428
0.585956,0.964286,155.292
0.585956,0.973214,155.395
0.585956,0.982143,159.096
0.585956,0.991071,160.096
0.585956,1,158.808
0.585956,1.00893,158.808
0.585956,1.01786,157.808
0.585956,1.02679,156.808
0.585956,1.03571,155.808
0.585956,1.04464,156.808
0.585956,1.05357,154.107
0.585956,1.0625,156.004
0.585956,1.07143,158.993
0.585956,1.08036,156.281
0.585956,1.08929,156.281
0.585956,1.09821,156.281
0.585956,1.10714,155.694
0.585956,1.11607,153.004
0.585956,1.125,152.716
0.585956,1.13393,152.613
0.585956,1.14286,150.738
0.585956,1.15179,149.336
0.585956,1.16071,145.635
0.585956,1.16964,149.45
0.585956,1.17857,150.325
0.585956,1.1875,153.439
0.585956,1.19643,151.026
0.585956,1.20536,153.015
0.585956,1.21429,155.303
0.585956,1.22321,153.808
0.585956,1.23214,154.509
0.585956,1.24107,155.096
0.585956,1.25,155.096
0.585956,1.25893,152.808
0.585956,1.26786,155.808
0.585956,1.27679,157.096
0.585956,1.28571,155.281
0.585956,1.29464,153.993
0.585956,1.30357,150.716
0.585956,1.3125,148.026
0.585956,1.32143,147.108
0.585956,1.33036,142.348
0.585956,1.33929,136.37
0.585956,1.34821,136.702
0.585956,1.35714,130.746
0.585956,1.36607,123.138
0.585956,1.375,118.861
0.585956,1.38393,118.171
0.585956,1.39286,109.883
0.585956,1.40179,110.193
0.585956,1.41071,104.916
0.585956,1.41964,96.927
0.585956,1.42857,97.166
0.585956,1.4375,95.166
0.585956,1.44643,95.177
0.585956,1.45536,94.9
0.585956,1.46429,93.025
0.585956,1.47321,89.21
0.585956,1.48214,88.922
0.585956,1.49107,86.221
0.585956,1.5,85.335
0.585956,1.50893,84.449
0.585956,1.51786,83.862
0.576271,0,105.355
0.576271,0.00892857,90.552
0.576271,0.0178571,96.715
0.576271,0.0267857,93.547
0.576271,0.0357143,93.536
0.576271,0.0446429,100.155
0.576271,0.0535714,99.557
0.576271,0.0625,104.144
0.576271,0.0714286,108.133
0.576271,0.0803571,113.595
0.576271,0.0892857,118.861
0.576271,0.0982143,131.578
0.576271,0.107143,142.794
0.576271,0.116071,104.065
0.576271,0.125,58.589
0.576271,0.133929,57.802
0.576271,0.142857,57.432
0.576271,0.151786,60.672
0.576271,0.160714,144.99
0.576271,0.169643,130.023
0.576271,0.178571,122.252
0.576271,0.1875,112.709
0.576271,0.196429,104.856
0.576271,0.205357,104.155
0.576271,0.214286,102.155
0.576271,0.223214,98.753
0.576271,0.232143,94.889
0.576271,0.241071,94.487
0.576271,0.25,93.9
0.576271,0.258929,91.911
0.576271,0.267857,91.21
0.576271,0.276786,90.221
0.576271,0.285714,88.221
0.576271,0.294643,88.52
0.576271,0.303571,88.509
0.576271,0.3125,89.21
0.576271,0.321429,86.221
0.576271,0.330357,87.221
0.576271,0.339286,87.221
0.576271,0.348214,87.221
0.576271,0.357143,85.933
0.576271,0.366071,85.634
0.576271,0.375,86.449
0.576271,0.383929,86.449
0.576271,0.392857,85.449
0.576271,0.401786,84.449
0.576271,0.410714,85.449
0.576271,0.419643,86.449
0.576271,0.428571,85.449
0.576271,0.4375,84.449
0.576271,0.446429,85.449
0.576271,0.455357,84.449
0.576271,0.464286,85.449
0.576271,0.473214,85.449
0.576271,0.482143,85.449
0.576271,0.491071,85.449
0.576271,0.5,86.449
0.576271,0.508929,86.449
0.576271,0.517857,86.449
0.576271,0.526786,85.449
0.576271,0.535714,88.449
0.576271,0.544643,86.449
0.576271,0.553571,87.449
0.576271,0.5625,90.449
0.576271,0.571429,87.449
0.576271,0.580357,88.21
0.576271,0.589286,91.911
0.576271,0.598214,93.199
0.576271,0.607143,94.188
0.576271,0.616071,93.878
0.576271,0.625,98.155
0.576271,0.633929,106.443
0.576271,0.642857,109.019
0.576271,0.651786,109.595
0.576271,0.660714,109.595
0.576271,0.669643,107.894
0.576271,0.678571,105.133
0.576271,0.6875,101.557
0.576271,0.696429,100.867
0.576271,0.705357,96.992
0.576271,0.714286,94.889
0.576271,0.723214,93.188
0.576271,0.732143,93.9
0.576271,0.741071,94.9
0.576271,0.75,91.9
0.576271,0.758929,91.9
0.576271,0.767857,93.601
0.576271,0.776786,95.188
0.576271,0.785714,91.889
0.576271,0.794643,96.188
0.576271,0.803571,97.188
0.576271,0.8125,95.889
0.576271,0.821429,95.177
0.576271,0.830357,98.166
0.576271,0.839286,101.155
0.576271,0.848214,101.155
0.576271,0.857143,102.856
0.576271,0.866071,105.155
0.576271,0.875,109.144
0.576271,0.883929,113.535
0.576271,0.892857,119.1
0.576271,0.901786,122.078
0.576271,0.910714,127.469
0.576271,0.919643,138.012
0.576271,0.928571,139.278
0.576271,0.9375,140.473
0.576271,0.946429,147.554
0.576271,0.955357,151.336
0.576271,0.964286,154.716
0.576271,0.973214,153.107
0.576271,0.982143,154.808
0.576271,0.991071,161.096
0.576271,1,158.096
0.576271,1.00893,157.096
0.576271,1.01786,158.808
0.576271,1.02679,153.808
0.576271,1.03571,153.808
0.576271,1.04464,154.107
0.576271,1.05357,153.004
0.576271,1.0625,152.417
0.576271,1.07143,151.705
0.576271,1.08036,157.993
0.576271,1.08929,154.993
0.576271,1.09821,156.281
0.576271,1.10714,153.993
0.576271,1.11607,154.406
0.576271,1.125,148.716
0.576271,1.13393,154.314
0.576271,1.14286,150.738
0.576271,1.15179,150.749
0.576271,1.16071,147.76
0.576271,1.16964,151.048
0.576271,1.17857,151.749
0.576271,1.1875,150.336
0.576271,1.19643,148.738
0.576271,1.20536,153.727
0.576271,1.21429,154.015
0.576271,1.22321,153.292
0.576271,1.23214,154.107
0.576271,1.24107,155.808
0.576271,1.25,157.107
0.576271,1.25893,155.808
0.576271,1.26786,154.808
0.576271,1.27679,154.808
0.576271,1.28571,158.395
0.576271,1.29464,154.694
0.576271,1.30357,154.716
0.576271,1.3125,152.439
0.576271,1.32143,149.222
0.576271,1.33036,138.234
0.576271,1.33929,140.968
0.576271,1.34821,140.588
0.576271,1.35714,129.746
0.576271,1.36607,125.138
0.576271,1.375,121.861
0.576271,1.38393,118.883
0.576271,1.39286,115.883
0.576271,1.40179,113.894
0.576271,1.41071,105.503
0.576271,1.41964,100.927
0.576271,1.42857,102.166
0.576271,1.4375,97.155
0.576271,1.44643,103.878
0.576271,1.45536,97.601
0.576271,1.46429,91.025
0.576271,1.47321,90.21
0.576271,1.48214,87.509
0.576271,1.49107,86.221
0.576271,1.5,85.335
0.576271,1.50893,84.449
0.576271,1.51786,83.862
0.566586,0,107.544
0.566586,0.00892857,90.339
0.566586,0.0178571,93.992
0.566586,0.0267857,93.536
0.566586,0.0357143,97.938
0.566586,0.0446429,98.856
0.566586,0.0535714,100.144
0.566586,0.0625,108.144
0.566586,0.0714286,109.133
0.566586,0.0803571,115.171
0.566586,0.0892857,124.138
0.566586,0.0982143,137.349
0.566586,0.107143,146.793
0.566586,0.116071,114.857
0.566586,0.125,55.458
0.566586,0.133929,56.791
0.566586,0.142857,56.78
0.566586,0.151786,63.764
0.566586,0.160714,153.016
0.566586,0.169643,132.289
0.566586,0.178571,122.344
0.566586,0.1875,114.111
0.566586,0.196429,109.144
0.566586,0.205357,102.856
0.566586,0.214286,103.155
0.566586,0.223214,98.155
0.566586,0.232143,97.476
0.566586,0.241071,100.188
0.566586,0.25,91.9
0.566586,0.258929,88.911
0.566586,0.267857,91.21
0.566586,0.276786,92.221
0.566586,0.285714,89.221
0.566586,0.294643,88.52
0.566586,0.303571,88.509
0.566586,0.3125,87.21
0.566586,0.321429,87.221
0.566586,0.330357,88.221
0.566586,0.339286,87.221
0.566586,0.348214,86.221
0.566586,0.357143,84.933
0.566586,0.366071,86.634
0.566586,0.375,86.449
0.566586,0.383929,85.449
0.566586,0.392857,85.449
0.566586,0.401786,85.449
0.566586,0.410714,85.449
0.566586,0.419643,86.449
0.566586,0.428571,86.449
0.566586,0.4375,84.449
0.566586,0.446429,85.449
0.566586,0.455357,84.449
0.566586,0.464286,84.449
0.566586,0.473214,85.449
0.566586,0.482143,85.449
0.566586,0.491071,85.449
0.566586,0.5,86.449
0.566586,0.508929,85.449
0.566586,0.517857,86.449
0.566586,0.526786,86.449
0.566586,0.535714,87.449
0.566586,0.544643,85.449
0.566586,0.553571,87.449
0.566586,0.5625,87.449
0.566586,0.571429,88.449
0.566586,0.580357,88.221
0.566586,0.589286,89.922
0.566586,0.598214,89.21
0.566586,0.607143,91.21
0.566586,0.616071,92.601
0.566586,0.625,93.889
0.566586,0.633929,99.579
0.566586,0.642857,103.318
0.566586,0.651786,104.894
0.566586,0.660714,109.595
0.566586,0.669643,109.193
0.566586,0.678571,111.834
0.566586,0.6875,103.845
0.566586,0.696429,99.856
0.566586,0.705357,99.155
0.566586,0.714286,96.177
0.566586,0.723214,95.188
0.566586,0.732143,93.9
0.566586,0.741071,90.9
0.566586,0.75,92.911
0.566586,0.758929,90.911
0.566586,0.767857,93.9
0.566586,0.776786,90.487
0.566586,0.785714,90.188
0.566586,0.794643,94.188
0.566586,0.803571,95.188
0.566586,0.8125,91.188
0.566586,0.821429,93.188
0.566586,0.830357,96.291
0.566586,0.839286,99.166
0.566586,0.848214,102.166
0.566586,0.857143,100.166
0.566586,0.866071,103.155
0.566586,0.875,109.144
0.566586,0.883929,109.133
0.566586,0.892857,114.41
0.566586,0.901786,120.089
0.566586,0.910714,124.779
0.566586,0.919643,130.148
0.566586,0.928571,135.001
0.566586,0.9375,139.68
0.566586,0.946429,141.576
0.566586,0.955357,147.13
0.566586,0.964286,150.738
0.566586,0.973214,154.015
0.566586,0.982143,154.819
0.566586,0.991071,159.096
0.566586,1,157.096
0.566586,1.00893,155.096
0.566586,1.01786,157.096
0.566586,1.02679,156.107
0.566586,1.03571,156.107
0.566586,1.04464,152.406
0.566586,1.05357,152.417
0.566586,1.0625,149.716
0.566586,1.07143,151.303
0.566586,1.08036,152.004
0.566586,1.08929,154.292
0.566586,1.09821,153.993
0.566586,1.10714,151.993
0.566586,1.11607,155.292
0.566586,1.125,151.716
0.566586,1.13393,151.026
0.566586,1.14286,150.037
0.566586,1.15179,152.347
0.566586,1.16071,146.358
0.566586,1.16964,144.358
0.566586,1.17857,146.771
0.566586,1.1875,146.358
0.566586,1.19643,144.749
0.566586,1.20536,153.037
0.566586,1.21429,150.727
0.566586,1.22321,152.015
0.566586,1.23214,153.303
0.566586,1.24107,155.118
0.566586,1.25,157.118
0.566586,1.25893,155.819
0.566586,1.26786,153.808
0.566586,1.27679,154.808
0.566586,1.28571,154.281
0.566586,1.29464,152.879
0.566586,1.30357,151.015
0.566586,1.3125,151.325
0.566586,1.32143,149.407
0.566586,1.33036,142.234
0.566586,1.33929,139.267
0.566586,1.34821,134.3
0.566586,1.35714,130.333
0.566586,1.36607,122.138
0.566586,1.375,121.861
0.566586,1.38393,119.171
0.566586,1.39286,114.883
0.566586,1.40179,109.595
0.566586,1.41071,107.204
0.566586,1.41964,100.215
0.566586,1.42857,98.155
0.566586,1.4375,103.155
0.566586,1.44643,92.878
0.566586,1.45536,96.188
0.566586,1.46429,94.025
0.566586,1.47321,90.21
0.566586,1.48214,85.922
0.566586,1.49107,86.221
0.566586,1.5,84.335
0.566586,1.50893,84.449
0.566586,1.51786,83.862
0.556901,0,109.909
0.556901,0.00892857,95.579
0.556901,0.0178571,93.411
0.556901,0.0267857,91.65
0.556901,0.0357143,103.166
0.556901,0.0446429,102.215
0.556901,0.0535714,107.215
0.556901,0.0625,108.617
0.556901,0.0714286,114.193
0.556901,0.0803571,116.388
0.556901,0.0892857,127.632
0.556901,0.0982143,142.707
0.556901,0.107143,155.059
0.556901,0.116071,138.172
0.556901,0.125,57.045
0.556901,0.133929,55.606
0.556901,0.142857,58.595
0.556901,0.151786,64.813
0.556901,0.160714,158.228
0.556901,0.169643,144.957
0.556901,0.178571,130.012
0.556901,0.1875,115.377
0.556901,0.196429,111.236
0.556901,0.205357,109.432
0.556901,0.214286,106.443
0.556901,0.223214,100.856
0.556901,0.232143,99.867
0.556901,0.241071,98.177
0.556901,0.25,93.889
0.556901,0.258929,94.487
0.556901,0.267857,90.612
0.556901,0.276786,92.21
0.556901,0.285714,91.221
0.556901,0.294643,90.221
0.556901,0.303571,90.21
0.556901,0.3125,90.21
0.556901,0.321429,88.221
0.556901,0.330357,88.221
0.556901,0.339286,88.221
0.556901,0.348214,88.221
0.556901,0.357143,87.933
0.556901,0.366071,85.634
0.556901,0.375,87.449
0.556901,0.383929,86.449
0.556901,0.392857,85.449
0.556901,0.401786,85.449
0.556901,0.410714,85.449
0.556901,0.419643,85.449
0.556901,0.428571,84.449
0.556901,0.4375,85.449
0.556901,0.446429,85.449
0.556901,0.455357,85.449
0.556901,0.464286,85.449
0.556901,0.473214,85.449
0.556901,0.482143,85.449
0.556901,0.491071,86.449
0.556901,0.5,85.449
0.556901,0.508929,87.449
0.556901,0.517857,86.449
0.556901,0.526786,87.449
0.556901,0.535714,88.449
0.556901,0.544643,87.449
0.556901,0.553571,87.449
0.556901,0.5625,87.449
0.556901,0.571429,87.449
0.556901,0.580357,88.221
0.556901,0.589286,89.221
0.556901,0.598214,90.221
0.556901,0.607143,91.623
0.556901,0.616071,91.21
0.556901,0.625,92.199
0.556901,0.633929,94.889
0.556901,0.642857,98.867
0.556901,0.651786,102.845
0.556901,0.660714,105.845
0.556901,0.669643,109.133
0.556901,0.678571,109.307
0.556901,0.6875,108.905
0.556901,0.696429,107.905
0.556901,0.705357,101.503
0.556901,0.714286,99.166
0.556901,0.723214,97.889
0.556901,0.732143,91.889
0.556901,0.741071,91.9
0.556901,0.75,91.911
0.556901,0.758929,90.911
0.556901,0.767857,91.911
0.556901,0.776786,92.9
0.556901,0.785714,92.188
0.556901,0.794643,93.9
0.556901,0.803571,93.9
0.556901,0.8125,93.9
0.556901,0.821429,95.188
0.556901,0.830357,95.188
0.556901,0.839286,95.476
0.556901,0.848214,98.579
0.556901,0.857143,99.454
0.556901,0.866071,104.856
0.556901,0.875,106.557
0.556901,0.883929,108.834
0.556901,0.892857,113.111
0.556901,0.901786,113.502
0.556901,0.910714,120.491
0.556901,0.919643,124.23
0.556901,0.928571,131.322
0.556901,0.9375,132.702
0.556901,0.946429,143.897
0.556901,0.955357,144.152
0.556901,0.964286,152.76
0.556901,0.973214,152.325
0.556901,0.982143,154.129
0.556901,0.991071,154.808
0.556901,1,157.808
0.556901,1.00893,158.096
0.556901,1.01786,158.096
0.556901,1.02679,154.509
0.556901,1.03571,154.107
0.556901,1.04464,152.406
0.556901,1.05357,156.417
0.556901,1.0625,151.716
0.556901,1.07143,153.716
0.556901,1.08036,148.716
0.556901,1.08929,154.314
0.556901,1.09821,153.303
0.556901,1.10714,154.303
0.556901,1.11607,155.303
0.556901,1.125,148.787
0.556901,1.13393,152.097
0.556901,1.14286,152.222
0.556901,1.15179,149.119
0.556901,1.16071,150.842
0.556901,1.16964,145.554
0.556901,1.17857,144.152
0.556901,1.1875,144.853
0.556901,1.19643,148.418
0.556901,1.20536,151.82
0.556901,1.21429,150.45
0.556901,1.22321,153.026
0.556901,1.23214,152.314
0.556901,1.24107,150.428
0.556901,1.25,150.542
0.556901,1.25893,154.129
0.556901,1.26786,153.118
0.556901,1.27679,150.819
0.556901,1.28571,154.705
0.556901,1.29464,150.417
0.556901,1.30357,152.613
0.556901,1.3125,152.037
0.556901,1.32143,151.119
0.556901,1.33036,147.234
0.556901,1.33929,137.68
0.556901,1.34821,136.3
0.556901,1.35714,127.333
0.556901,1.36607,127.138
0.556901,1.375,120.16
0.556901,1.38393,118.171
0.556901,1.39286,116.171
0.556901,1.40179,112.883
0.556901,1.41071,107.492
0.556901,1.41964,106.215
0.556901,1.42857,102.155
0.556901,1.4375,100.856
0.556901,1.44643,99.465
0.556901,1.45536,97.302
0.556901,1.46429,93.726
0.556901,1.47321,90.21
0.556901,1.48214,87.623
0.556901,1.49107,88.221
0.556901,1.5,85.449
0.556901,1.50893,85.449
0.556901,1.51786,84.161
0.547216,0,110.573
0.547216,0.00892857,97.069
0.547216,0.0178571,97.297
0.547216,0.0267857,95.65
0.547216,0.0357143,105.454
0.547216,0.0446429,106.215
0.547216,0.0535714,110.916
0.547216,0.0625,109.193
0.547216,0.0714286,116.16
0.547216,0.0803571,123.643
0.547216,0.0892857,133.403
0.547216,0.0982143,144.891
0.547216,0.107143,159.065
0.547216,0.116071,146.765
0.547216,0.125,57.176
0.547216,0.133929,57.247
0.547216,0.142857,57.649
0.547216,0.151786,71.634
0.547216,0.160714,161.729
0.547216,0.169643,149.489
0.547216,0.178571,138.267
0.547216,0.1875,129.344
0.547216,0.196429,116.399
0.547216,0.205357,108.834
0.547216,0.214286,108.133
0.547216,0.223214,102.731
0.547216,0.232143,98.454
0.547216,0.241071,100.166
0.547216,0.25,93.878
0.547216,0.258929,92.188
0.547216,0.267857,93.487
0.547216,0.276786,91.911
0.547216,0.285714,90.21
0.547216,0.294643,90.21
0.547216,0.303571,91.21
0.547216,0.3125,89.21
0.547216,0.321429,86.221
0.547216,0.330357,88.221
0.547216,0.339286,88.221
0.547216,0.348214,87.221
0.547216,0.357143,86.933
0.547216,0.366071,85.933
0.547216,0.375,87.449
0.547216,0.383929,86.449
0.547216,0.392857,85.449
0.547216,0.401786,86.449
0.547216,0.410714,86.449
0.547216,0.419643,85.449
0.547216,0.428571,84.449
0.547216,0.4375,85.449
0.547216,0.446429,85.449
0.547216,0.455357,85.449
0.547216,0.464286,85.449
0.547216,0.473214,85.449
0.547216,0.482143,84.449
0.547216,0.491071,85.449
0.547216,0.5,86.449
0.547216,0.508929,86.449
0.547216,0.517857,86.449
0.547216,0.526786,87.449
0.547216,0.535714,87.449
0.547216,0.544643,87.449
0.547216,0.553571,87.449
0.547216,0.5625,88.449
0.547216,0.571429,88.449
0.547216,0.580357,88.221
0.547216,0.589286,88.221
0.547216,0.598214,89.221
0.547216,0.607143,89.221
0.547216,0.616071,86.623
0.547216,0.625,89.21
0.547216,0.633929,92.199
0.547216,0.642857,92.775
0.547216,0.651786,97.465
0.547216,0.660714,100.753
0.547216,0.669643,105.856
0.547216,0.678571,106.503
0.547216,0.6875,110.193
0.547216,0.696429,109.193
0.547216,0.705357,107.492
0.547216,0.714286,103.155
0.547216,0.723214,100.166
0.547216,0.732143,94.889
0.547216,0.741071,95.188
0.547216,0.75,92.9
0.547216,0.758929,91.911
0.547216,0.767857,91.911
0.547216,0.776786,89.9
0.547216,0.785714,92.9
0.547216,0.794643,92.9
0.547216,0.803571,92.313
0.547216,0.8125,92.612
0.547216,0.821429,91.9
0.547216,0.830357,92.9
0.547216,0.839286,93.889
0.547216,0.848214,97.177
0.547216,0.857143,97.867
0.547216,0.866071,101.856
0.547216,0.875,101.557
0.547216,0.883929,105.133
0.547216,0.892857,110.823
0.547216,0.901786,110.698
0.547216,0.910714,115.687
0.547216,0.919643,121.551
0.547216,0.928571,131.116
0.547216,0.9375,136.023
0.547216,0.946429,137.278
0.547216,0.955357,147.174
0.547216,0.964286,150.141
0.547216,0.973214,148.162
0.547216,0.982143,152.912
0.547216,0.991071,154.118
0.547216,1,155.107
0.547216,1.00893,157.096
0.547216,1.01786,158.096
0.547216,1.02679,155.096
0.547216,1.03571,155.509
0.547216,1.04464,153.107
0.547216,1.05357,153.705
0.547216,1.0625,153.015
0.547216,1.07143,150.314
0.547216,1.08036,150.613
0.547216,1.08929,153.026
0.547216,1.09821,152.026
0.547216,1.10714,151.026
0.547216,1.11607,152.727
0.547216,1.125,152.097
0.547216,1.13393,152.809
0.547216,1.14286,145.82
0.547216,1.15179,145.244
0.547216,1.16071,145.44
0.547216,1.16964,150.152
0.547216,1.17857,139.163
0.547216,1.1875,143.163
0.547216,1.19643,145.842
0.547216,1.20536,151.831
0.547216,1.21429,150.82
0.547216,1.22321,154.037
0.547216,1.23214,151.325
0.547216,1.24107,153.026
0.547216,1.25,154.026
0.547216,1.25893,153.613
0.547216,1.26786,152.542
0.547216,1.27679,149.83
0.547216,1.28571,153.716
0.547216,1.29464,152.015
0.547216,1.30357,151.923
0.547216,1.3125,149.347
0.547216,1.32143,147.831
0.547216,1.33036,142.533
0.547216,1.33929,141.968
0.547216,1.34821,133.702
0.547216,1.35714,127.034
0.547216,1.36607,127.127
0.547216,1.375,121.562
0.547216,1.38393,116.16
0.547216,1.39286,116.16
0.547216,1.40179,111.584
0.547216,1.41071,108.193
0.547216,1.41964,103.617
0.547216,1.42857,103.856
0.547216,1.4375,100.155
0.547216,1.44643,96.753
0.547216,1.45536,95.003
0.547216,1.46429,93.427
0.547216,1.47321,90.21
0.547216,1.48214,87.623
0.547216,1.49107,87.221
0.547216,1.5,85.449
0.547216,1.50893,85.449
0.547216,1.51786,84.161
0.53753,0,109.687
0.53753,0.00892857,96.938
0.53753,0.0178571,98.405
0.53753,0.0267857,101.465
0.53753,0.0357143,100.144
0.53753,0.0446429,109.204
0.53753,0.0535714,109.894
0.53753,0.0625,114.459
0.53753,0.0714286,121.415
0.53753,0.0803571,135.001
0.53753,0.0892857,142.935
0.53753,0.0982143,153.613
0.53753,0.107143,163.609
0.53753,0.116071,161.522
0.53753,0.125,57.193
0.53753,0.133929,56.714
0.53753,0.142857,56.116
0.53753,0.151786,86.939
0.53753,0.160714,169.252
0.53753,0.169643,154.858
0.53753,0.178571,146.935
0.53753,0.1875,127.311
0.53753,0.196429,122.078
0.53753,0.205357,113.812
0.53753,0.214286,110.535
0.53753,0.223214,106.133
0.53753,0.232143,105.258
0.53753,0.241071,104.155
0.53753,0.25,95.166
0.53753,0.258929,96.878
0.53753,0.267857,94.188
0.53753,0.276786,92.9
0.53753,0.285714,91.911
0.53753,0.294643,92.21
0.53753,0.303571,88.21
0.53753,0.3125,91.21
0.53753,0.321429,89.221
0.53753,0.330357,87.221
0.53753,0.339286,87.221
0.53753,0.348214,88.221
0.53753,0.357143,87.933
0.53753,0.366071,84.933
0.53753,0.375,88.449
0.53753,0.383929,86.449
0.53753,0.392857,86.449
0.53753,0.401786,87.449
0.53753,0.410714,86.449
0.53753,0.419643,85.449
0.53753,0.428571,85.449
0.53753,0.4375,85.449
0.53753,0.446429,85.449
0.53753,0.455357,86.449
0.53753,0.464286,85.449
0.53753,0.473214,85.449
0.53753,0.482143,85.449
0.53753,0.491071,85.449
0.53753,0.5,86.449
0.53753,0.508929,85.449
0.53753,0.517857,86.449
0.53753,0.526786,86.449
0.53753,0.535714,86.449
0.53753,0.544643,89.449
0.53753,0.553571,88.449
0.53753,0.5625,87.449
0.53753,0.571429,87.449
0.53753,0.580357,87.21
0.53753,0.589286,87.221
0.53753,0.598214,87.221
0.53753,0.607143,88.221
0.53753,0.616071,89.221
0.53753,0.625,89.623
0.53753,0.633929,90.911
0.53753,0.642857,89.911
0.53753,0.651786,91.612
0.53753,0.660714,93.302
0.53753,0.669643,99.166
0.53753,0.678571,102.329
0.53753,0.6875,105.492
0.53753,0.696429,107.193
0.53753,0.705357,107.595
0.53753,0.714286,105.557
0.53753,0.723214,102.155
0.53753,0.732143,96.579
0.53753,0.741071,93.889
0.53753,0.75,92.188
0.53753,0.758929,90.9
0.53753,0.767857,91.9
0.53753,0.776786,88.9
0.53753,0.785714,92.9
0.53753,0.794643,90.9
0.53753,0.803571,91.911
0.53753,0.8125,92.911
0.53753,0.821429,92.612
0.53753,0.830357,93.9
0.53753,0.839286,95.188
0.53753,0.848214,95.889
0.53753,0.857143,95.878
0.53753,0.866071,99.166
0.53753,0.875,100.155
0.53753,0.883929,102.144
0.53753,0.892857,107.133
0.53753,0.901786,108.535
0.53753,0.910714,114.524
0.53753,0.919643,119.562
0.53753,0.928571,130.127
0.53753,0.9375,133.034
0.53753,0.946429,137.115
0.53753,0.955357,142.196
0.53753,0.964286,144.864
0.53753,0.973214,150.059
0.53753,0.982143,149.738
0.53753,0.991071,151.83
0.53753,1,154.232
0.53753,1.00893,159.096
0.53753,1.01786,159.085
0.53753,1.02679,155.498
0.53753,1.03571,154.509
0.53753,1.04464,155.808
0.53753,1.05357,154.406
0.53753,1.0625,151.015
0.53753,1.07143,152.727
0.53753,1.08036,147.325
0.53753,1.08929,151.037
0.53753,1.09821,152.336
0.53753,1.10714,150.037
0.53753,1.11607,152.037
0.53753,1.125,149.82
0.53753,1.13393,146.82
0.53753,1.14286,148.831
0.53753,1.15179,146.543
0.53753,1.16071,148.853
0.53753,1.16964,145.163
0.53753,1.17857,144.875
0.53753,1.1875,146.875
0.53753,1.19643,149.554
0.53753,1.20536,144.842
0.53753,1.21429,151.717
0.53753,1.22321,151.934
0.53753,1.23214,148.037
0.53753,1.24107,149.738
0.53753,1.25,149.738
0.53753,1.25893,152.738
0.53753,1.26786,154.14
0.53753,1.27679,151.841
0.53753,1.28571,154.727
0.53753,1.29464,150.325
0.53753,1.30357,150.048
0.53753,1.3125,149.945
0.53753,1.32143,145.44
0.53753,1.33036,138.234
0.53753,1.33929,140.968
0.53753,1.34821,134.104
0.53753,1.35714,134.621
0.53753,1.36607,126.828
0.53753,1.375,122.85
0.53753,1.38393,122.861
0.53753,1.39286,115.16
0.53753,1.40179,109.872
0.53753,1.41071,110.894
0.53753,1.41964,105.916
0.53753,1.42857,103.856
0.53753,1.4375,99.856
0.53753,1.44643,99.568
0.53753,1.45536,95.291
0.53753,1.46429,90.427
0.53753,1.47321,91.21
0.53753,1.48214,88.509
0.53753,1.49107,87.221
0.53753,1.5,85.335
0.53753,1.50893,85.449
0.53753,1.51786,84.161
0.527845,0,110.072
0.527845,0.00892857,97.209
0.527845,0.0178571,99.149
0.527845,0.0267857,104.312
0.527845,0.0357143,105.948
0.527845,0.0446429,108.595
0.527845,0.0535714,114.943
0.527845,0.0625,120.138
0.527845,0.0714286,132.012
0.527845,0.0803571,140.288
0.527845,0.0892857,149.418
0.527845,0.0982143,159.673
0.527845,0.107143,168.203
0.527845,0.116071,177.165
0.527845,0.125,57.986
0.527845,0.133929,56.942
0.527845,0.142857,56.931
0.527845,0.151786,102.162
0.527845,0.160714,175.145
0.527845,0.169643,163.103
0.527845,0.178571,153.375
0.527845,0.1875,140.968
0.527845,0.196429,129.034
0.527845,0.205357,119.388
0.527845,0.214286,116.41
0.527845,0.223214,109.823
0.527845,0.232143,107.133
0.527845,0.241071,106.443
0.527845,0.25,103.155
0.527845,0.258929,99.166
0.527845,0.267857,96.291
0.527845,0.276786,96.188
0.527845,0.285714,92.601
0.527845,0.294643,90.911
0.527845,0.303571,92.911
0.527845,0.3125,92.21
0.527845,0.321429,88.623
0.527845,0.330357,89.221
0.527845,0.339286,88.221
0.527845,0.348214,87.221
0.527845,0.357143,86.933
0.527845,0.366071,86.933
0.527845,0.375,88.449
0.527845,0.383929,87.449
0.527845,0.392857,86.449
0.527845,0.401786,87.449
0.527845,0.410714,86.449
0.527845,0.419643,85.449
0.527845,0.428571,85.449
0.527845,0.4375,85.449
0.527845,0.446429,85.449
0.527845,0.455357,86.449
0.527845,0.464286,85.449
0.527845,0.473214,84.449
0.527845,0.482143,86.449
0.527845,0.491071,85.449
0.527845,0.5,86.449
0.527845,0.508929,84.449
0.527845,0.517857,86.449
0.527845,0.526786,86.449
0.527845,0.535714,86.449
0.527845,0.544643,86.449
0.527845,0.553571,86.449
0.527845,0.5625,87.449
0.527845,0.571429,87.449
0.527845,0.580357,88.21
0.527845,0.589286,88.509
0.527845,0.598214,87.221
0.527845,0.607143,88.221
0.527845,0.616071,89.221
0.527845,0.625,87.509
0.527845,0.633929,88.21
0.527845,0.642857,90.221
0.527845,0.651786,90.623
0.527845,0.660714,93.911
0.527845,0.669643,96.889
0.527845,0.678571,98.34
0.527845,0.6875,106.503
0.527845,0.696429,105.193
0.527845,0.705357,108.894
0.527845,0.714286,107.432
0.527845,0.723214,108.856
0.527845,0.732143,99.867
0.527845,0.741071,93.59
0.527845,0.75,94.889
0.527845,0.758929,90.9
0.527845,0.767857,91.9
0.527845,0.776786,90.9
0.527845,0.785714,92.9
0.527845,0.794643,89.911
0.527845,0.803571,89.911
0.527845,0.8125,91.911
0.527845,0.821429,93.911
0.527845,0.830357,92.199
0.527845,0.839286,92.9
0.527845,0.848214,93.188
0.527845,0.857143,95.889
0.527845,0.866071,95.878
0.527845,0.875,97.166
0.527845,0.883929,104.155
0.527845,0.892857,105.443
0.527845,0.901786,108.133
0.527845,0.910714,110.133
0.527845,0.919643,113.285
0.527845,0.928571,120.263
0.527845,0.9375,125.344
0.527845,0.946429,134.012
0.527845,0.955357,141.321
0.527845,0.964286,142.288
0.527845,0.973214,146.842
0.527845,0.982143,148.347
0.527845,0.991071,151.841
0.527845,1,155.716
0.527845,1.00893,155.808
0.527845,1.01786,152.085
0.527845,1.02679,156.085
0.527845,1.03571,154.797
0.527845,1.04464,151.808
0.527845,1.05357,152.406
0.527845,1.0625,154.015
0.527845,1.07143,149.439
0.527845,1.08036,147.336
0.527845,1.08929,148.76
0.527845,1.09821,150.76
0.527845,1.10714,148.059
0.527845,1.11607,153.059
0.527845,1.125,150.119
0.527845,1.13393,147.717
0.527845,1.14286,151.13
0.527845,1.15179,147.141
0.527845,1.16071,145.152
0.527845,1.16964,143.163
0.527845,1.17857,143.875
0.527845,1.1875,143.875
0.527845,1.19643,143.152
0.527845,1.20536,149.739
0.527845,1.21429,146.13
0.527845,1.22321,146.418
0.527845,1.23214,150.048
0.527845,1.24107,152.336
0.527845,1.25,148.738
0.527845,1.25893,150.738
0.527845,1.26786,150.852
0.527845,1.27679,150.14
0.527845,1.28571,154.026
0.527845,1.29464,150.037
0.527845,1.30357,149.347
0.527845,1.3125,147.771
0.527845,1.32143,141.853
0.527845,1.33036,141.234
0.527845,1.33929,142.37
0.527845,1.34821,137.104
0.527845,1.35714,130.023
0.527845,1.36607,127.828
0.527845,1.375,125.437
0.527845,1.38393,120.85
0.527845,1.39286,114.861
0.527845,1.40179,111.584
0.527845,1.41071,110.193
0.527845,1.41964,107.916
0.527845,1.42857,106.144
0.527845,1.4375,100.557
0.527845,1.44643,99.568
0.527845,1.45536,97.291
0.527845,1.46429,95.128
0.527845,1.47321,91.21
0.527845,1.48214,88.509
0.527845,1.49107,86.221
0.527845,1.5,85.335
0.527845,1.50893,85.449
0.527845,1.51786,84.161
0.51816,0,109.274
0.51816,0.00892857,101.168
0.51816,0.0178571,108.976
0.51816,0.0267857,107.98
0.51816,0.0357143,109.165
0.51816,0.0446429,112.595
0.51816,0.0535714,119.573
0.51816,0.0625,131.664
0.51816,0.0714286,139.228
0.51816,0.0803571,151.923
0.51816,0.0892857,158.249
0.51816,0.0982143,171.801
0.51816,0.107143,178.137
0.51816,0.116071,173.12
0.51816,0.125,62.299
0.51816,0.133929,58.512
0.51816,0.142857,56.029
0.51816,0.151786,123.924
0.51816,0.160714,174.877
0.51816,0.169643,172.487
0.51816,0.178571,158.142
0.51816,0.1875,151.488
0.51816,0.196429,137.554
0.51816,0.205357,128.909
0.51816,0.214286,118.448
0.51816,0.223214,112.399
0.51816,0.232143,109.883
0.51816,0.241071,106.905
0.51816,0.25,102.215
0.51816,0.258929,100.927
0.51816,0.267857,101.155
0.51816,0.276786,101.867
0.51816,0.285714,96.188
0.51816,0.294643,93.313
0.51816,0.303571,91.199
0.51816,0.3125,91.9
0.51816,0.321429,92.911
0.51816,0.330357,88.911
0.51816,0.339286,88.21
0.51816,0.348214,87.221
0.51816,0.357143,88.221
0.51816,0.366071,85.933
0.51816,0.375,87.933
0.51816,0.383929,86.52
0.51816,0.392857,86.221
0.51816,0.401786,86.221
0.51816,0.410714,86.221
0.51816,0.419643,86.221
0.51816,0.428571,86.221
0.51816,0.4375,86.335
0.51816,0.446429,86.449
0.51816,0.455357,85.449
0.51816,0.464286,85.449
0.51816,0.473214,86.449
0.51816,0.482143,86.449
0.51816,0.491071,86.449
0.51816,0.5,86.449
0.51816,0.508929,85.449
0.51816,0.517857,85.449
0.51816,0.526786,85.449
0.51816,0.535714,85.449
0.51816,0.544643,86.449
0.51816,0.553571,87.449
0.51816,0.5625,87.449
0.51816,0.571429,86.449
0.51816,0.580357,87.449
0.51816,0.589286,87.449
0.51816,0.598214,87.449
0.51816,0.607143,86.449
0.51816,0.616071,87.449
0.51816,0.625,89.449
0.51816,0.633929,88.449
0.51816,0.642857,86.623
0.51816,0.651786,88.21
0.51816,0.660714,90.21
0.51816,0.669643,93.199
0.51816,0.678571,94.889
0.51816,0.6875,100.753
0.51816,0.696429,99.144
0.51816,0.705357,105.133
0.51816,0.714286,108.432
0.51816,0.723214,106.144
0.51816,0.732143,100.856
0.51816,0.741071,97.454
0.51816,0.75,93.878
0.51816,0.758929,92.889
0.51816,0.767857,92.9
0.51816,0.776786,88.911
0.51816,0.785714,91.911
0.51816,0.794643,93.911
0.51816,0.803571,92.21
0.51816,0.8125,92.21
0.51816,0.821429,92.21
0.51816,0.830357,92.911
0.51816,0.839286,91.313
0.51816,0.848214,94.188
0.51816,0.857143,95.889
0.51816,0.866071,95.889
0.51816,0.875,96.177
0.51816,0.883929,97.166
0.51816,0.892857,98.856
0.51816,0.901786,104.845
0.51816,0.910714,106.834
0.51816,0.919643,112.905
0.51816,0.928571,115.584
0.51816,0.9375,122.54
0.51816,0.946429,129.094
0.51816,0.955357,136.588
0.51816,0.964286,143.566
0.51816,0.973214,139.359
0.51816,0.982143,146.924
0.51816,0.991071,151.097
0.51816,1,153.314
0.51816,1.00893,152.705
0.51816,1.01786,152.808
0.51816,1.02679,156.096
0.51816,1.03571,156.324
0.51816,1.04464,157.161
0.51816,1.05357,155.759
0.51816,1.0625,149.357
0.51816,1.07143,147.037
0.51816,1.08036,147.233
0.51816,1.08929,147.027
0.51816,1.09821,150.212
0.51816,1.10714,141.554
0.51816,1.11607,143.842
0.51816,1.125,149.19
0.51816,1.13393,145.902
0.51816,1.14286,148.212
0.51816,1.15179,144.223
0.51816,1.16071,143.234
0.51816,1.16964,148.234
0.51816,1.17857,144.234
0.51816,1.1875,143.234
0.51816,1.19643,143.174
0.51816,1.20536,141.462
0.51816,1.21429,146.152
0.51816,1.22321,149.842
0.51816,1.23214,149.119
0.51816,1.24107,147.336
0.51816,1.25,153.026
0.51816,1.25893,151.325
0.51816,1.26786,153.439
0.51816,1.27679,152.026
0.51816,1.28571,150.026
0.51816,1.29464,155.037
0.51816,1.30357,151.646
0.51816,1.3125,145.07
0.51816,1.32143,147.793
0.51816,1.33036,143.875
0.51816,1.33929,140.256
0.51816,1.34821,132.104
0.51816,1.35714,133.034
0.51816,1.36607,125.54
0.51816,1.375,116.562
0.51816,1.38393,118.16
0.51816,1.39286,115.872
0.51816,1.40179,109.535
0.51816,1.41071,108.834
0.51816,1.41964,107.834
0.51816,1.42857,103.133
0.51816,1.4375,104.144
0.51816,1.44643,97.155
0.51816,1.45536,98.177
0.51816,1.46429,92.188
0.51816,1.47321,90.199
0.51816,1.48214,88.911
0.51816,1.49107,85.922
0.51816,1.5,85.748
0.51816,1.50893,85.161
0.51816,1.51786,83.862
0.508475,0,243.558
0.508475,0.00892857,243.248
0.508475,0.0178571,140.224
0.508475,0.0267857,107.823
0.508475,0.0357143,116.242
0.508475,0.0446429,121.932
0.508475,0.0535714,131.116
0.508475,0.0625,139.196
0.508475,0.0714286,148.717
0.508475,0.0803571,156.228
0.508475,0.0892857,164.256
0.508475,0.0982143,173.444
0.508475,0.107143,174.84
0.508475,0.116071,165.296
0.508475,0.125,67.681
0.508475,0.133929,59.66
0.508475,0.142857,58.65
0.508475,0.151786,158.807
0.508475,0.160714,170.124
0.508475,0.169643,177.771
0.508475,0.178571,167.54
0.508475,0.1875,156.63
0.508475,0.196429,149.934
0.508475,0.205357,144.37
0.508475,0.214286,132.991
0.508475,0.223214,119.448
0.508475,0.232143,111.872
0.508475,0.241071,111.296
0.508475,0.25,109.905
0.508475,0.258929,104.215
0.508475,0.267857,100.144
0.508475,0.276786,100.443
0.508475,0.285714,98.454
0.508475,0.294643,94.302
0.508475,0.303571,94.601
0.508475,0.3125,91.9
0.508475,0.321429,93.911
0.508475,0.330357,89.911
0.508475,0.339286,89.21
0.508475,0.348214,88.221
0.508475,0.357143,90.221
0.508475,0.366071,87.933
0.508475,0.375,87.221
0.508475,0.383929,87.221
0.508475,0.392857,87.221
0.508475,0.401786,87.221
0.508475,0.410714,86.221
0.508475,0.419643,86.221
0.508475,0.428571,87.221
0.508475,0.4375,85.335
0.508475,0.446429,85.449
0.508475,0.455357,86.449
0.508475,0.464286,86.449
0.508475,0.473214,86.449
0.508475,0.482143,86.449
0.508475,0.491071,86.449
0.508475,0.5,86.449
0.508475,0.508929,85.449
0.508475,0.517857,85.449
0.508475,0.526786,86.449
0.508475,0.535714,87.449
0.508475,0.544643,87.449
0.508475,0.553571,86.449
0.508475,0.5625,87.449
0.508475,0.571429,88.449
0.508475,0.580357,87.449
0.508475,0.589286,87.449
0.508475,0.598214,86.449
0.508475,0.607143,85.449
0.508475,0.616071,86.449
0.508475,0.625,87.449
0.508475,0.633929,87.449
0.508475,0.642857,86.221
0.508475,0.651786,89.221
0.508475,0.660714,91.21
0.508475,0.669643,90.911
0.508475,0.678571,90.601
0.508475,0.6875,92.579
0.508475,0.696429,96.155
0.508475,0.705357,103.144
0.508475,0.714286,109.133
0.508475,0.723214,108.144
0.508475,0.732143,106.144
0.508475,0.741071,101.856
0.508475,0.75,99.867
0.508475,0.758929,93.889
0.508475,0.767857,92.9
0.508475,0.776786,91.911
0.508475,0.785714,91.9
0.508475,0.794643,91.911
0.508475,0.803571,91.21
0.508475,0.8125,91.21
0.508475,0.821429,92.21
0.508475,0.830357,92.911
0.508475,0.839286,91.612
0.508475,0.848214,93.188
0.508475,0.857143,92.889
0.508475,0.866071,94.889
0.508475,0.875,97.291
0.508475,0.883929,97.579
0.508475,0.892857,100.454
0.508475,0.901786,104.845
0.508475,0.910714,106.834
0.508475,0.919643,109.492
0.508475,0.928571,115.584
0.508475,0.9375,120.839
0.508475,0.946429,124.817
0.508475,0.955357,132.436
0.508475,0.964286,136.403
0.508475,0.973214,140.245
0.508475,0.982143,145.511
0.508475,0.991071,147.407
0.508475,1,150.738
0.508475,1.00893,153.705
0.508475,1.01786,155.281
0.508475,1.02679,155.096
0.508475,1.03571,154.737
0.508475,1.04464,154.335
0.508475,1.05357,153.46
0.508475,1.0625,151.944
0.508475,1.07143,151.439
0.508475,1.08036,146.532
0.508475,1.08929,149.326
0.508475,1.09821,147.924
0.508475,1.10714,145.152
0.508475,1.11607,148.853
0.508475,1.125,145.902
0.508475,1.13393,144.315
0.508475,1.14286,145.625
0.508475,1.15179,145.522
0.508475,1.16071,146.234
0.508475,1.16964,144.946
0.508475,1.17857,141.946
0.508475,1.1875,139.946
0.508475,1.19643,144.185
0.508475,1.20536,139.174
0.508475,1.21429,144.864
0.508475,1.22321,142.554
0.508475,1.23214,146.945
0.508475,1.24107,151.635
0.508475,1.25,153.738
0.508475,1.25893,150.325
0.508475,1.26786,151.738
0.508475,1.27679,150.738
0.508475,1.28571,148.439
0.508475,1.29464,153.336
0.508475,1.30357,147.646
0.508475,1.3125,143.782
0.508475,1.32143,143.793
0.508475,1.33036,142.174
0.508475,1.33929,138.669
0.508475,1.34821,134.99
0.508475,1.35714,129.621
0.508475,1.36607,119.127
0.508475,1.375,119.263
0.508475,1.38393,114.16
0.508475,1.39286,111.872
0.508475,1.40179,111.535
0.508475,1.41071,108.834
0.508475,1.41964,101.834
0.508475,1.42857,106.133
0.508475,1.4375,104.144
0.508475,1.44643,98.454
0.508475,1.45536,95.291
0.508475,1.46429,95.188
0.508475,1.47321,92.199
0.508475,1.48214,88.911
0.508475,1.49107,86.808
0.508475,1.5,84.748
0.508475,1.50893,85.161
0.508475,1.51786,83.862
0.498789,0,251.131
0.498789,0.00892857,251.69
0.498789,0.0178571,145.231
0.498789,0.0267857,114.139
0.498789,0.0357143,117.818
0.498789,0.0446429,128.899
0.498789,0.0535714,140.093
0.498789,0.0625,144.82
0.498789,0.0714286,152.847
0.498789,0.0803571,163.142
0.498789,0.0892857,170.872
0.498789,0.0982143,174.158
0.498789,0.107143,170.489
0.498789,0.116071,157.945
0.498789,0.125,67.895
0.498789,0.133929,56.563
0.498789,0.142857,58.385
0.498789,0.151786,159.565
0.498789,0.160714,167.73
0.498789,0.169643,175.67
0.498789,0.178571,174.732
0.498789,0.1875,163.484
0.498789,0.196429,157.189
0.498789,0.205357,148.809
0.498789,0.214286,136.729
0.498789,0.223214,131.817
0.498789,0.232143,125.551
0.498789,0.241071,118.16
0.498789,0.25,113.595
0.498789,0.258929,109.193
0.498789,0.267857,108.421
0.498789,0.276786,103.834
0.498789,0.285714,101.557
0.498789,0.294643,98.454
0.498789,0.303571,96.889
0.498789,0.3125,93.188
0.498789,0.321429,93.9
0.498789,0.330357,90.612
0.498789,0.339286,91.21
0.498789,0.348214,90.21
0.498789,0.357143,88.922
0.498789,0.366071,88.221
0.498789,0.375,87.922
0.498789,0.383929,87.922
0.498789,0.392857,87.922
0.498789,0.401786,88.221
0.498789,0.410714,86.221
0.498789,0.419643,87.221
0.498789,0.428571,87.221
0.498789,0.4375,86.449
0.498789,0.446429,87.449
0.498789,0.455357,86.449
0.498789,0.464286,85.449
0.498789,0.473214,86.449
0.498789,0.482143,86.449
0.498789,0.491071,86.449
0.498789,0.5,86.449
0.498789,0.508929,87.449
0.498789,0.517857,86.449
0.498789,0.526786,86.449
0.498789,0.535714,85.449
0.498789,0.544643,85.449
0.498789,0.553571,87.449
0.498789,0.5625,87.449
0.498789,0.571429,87.449
0.498789,0.580357,87.449
0.498789,0.589286,86.449
0.498789,0.598214,85.449
0.498789,0.607143,85.449
0.498789,0.616071,86.449
0.498789,0.625,86.449
0.498789,0.633929,86.449
0.498789,0.642857,87.047
0.498789,0.651786,87.52
0.498789,0.660714,87.52
0.498789,0.669643,88.221
0.498789,0.678571,88.911
0.498789,0.6875,92.188
0.498789,0.696429,94.878
0.498789,0.705357,98.753
0.498789,0.714286,102.845
0.498789,0.723214,104.133
0.498789,0.732143,108.133
0.498789,0.741071,105.144
0.498789,0.75,99.856
0.498789,0.758929,96.465
0.498789,0.767857,94.188
0.498789,0.776786,88.9
0.498789,0.785714,91.9
0.498789,0.794643,89.911
0.498789,0.803571,90.911
0.498789,0.8125,89.21
0.498789,0.821429,90.21
0.498789,0.830357,91.21
0.498789,0.839286,91.612
0.498789,0.848214,91.601
0.498789,0.857143,93.188
0.498789,0.866071,93.188
0.498789,0.875,94.889
0.498789,0.883929,96.177
0.498789,0.892857,98.166
0.498789,0.901786,102.856
0.498789,0.910714,108.845
0.498789,0.919643,108.193
0.498789,0.928571,115.182
0.498789,0.9375,116.16
0.498789,0.946429,119.85
0.498789,0.955357,129.344
0.498789,0.964286,136.012
0.498789,0.973214,138.957
0.498789,0.982143,143.223
0.498789,0.991071,151.429
0.498789,1,151.108
0.498789,1.00893,152.314
0.498789,1.01786,155.107
0.498789,1.02679,155.797
0.498789,1.03571,157.085
0.498789,1.04464,156.623
0.498789,1.05357,155.335
0.498789,1.0625,156.933
0.498789,1.07143,152.14
0.498789,1.08036,146.945
0.498789,1.08929,151.038
0.498789,1.09821,139.935
0.498789,1.10714,145.462
0.498789,1.11607,143.277
0.498789,1.125,144.212
0.498789,1.13393,146.924
0.498789,1.14286,145.223
0.498789,1.15179,146.935
0.498789,1.16071,141.234
0.498789,1.16964,142.946
0.498789,1.17857,138.946
0.498789,1.1875,140.658
0.498789,1.19643,140.669
0.498789,1.20536,137.957
0.498789,1.21429,143.359
0.498789,1.22321,147.864
0.498789,1.23214,150.44
0.498789,1.24107,143.244
0.498789,1.25,148.048
0.498789,1.25893,151.048
0.498789,1.26786,148.336
0.498789,1.27679,154.635
0.498789,1.28571,149.336
0.498789,1.29464,150.749
0.498789,1.30357,150.358
0.498789,1.3125,140.782
0.498789,1.32143,148.391
0.498789,1.33036,146.185
0.498789,1.33929,140.267
0.498789,1.34821,138.702
0.498789,1.35714,132.034
0.498789,1.36607,128.127
0.498789,1.375,125.149
0.498789,1.38393,120.16
0.498789,1.39286,115.584
0.498789,1.40179,114.535
0.498789,1.41071,109.834
0.498789,1.41964,104.834
0.498789,1.42857,105.133
0.498789,1.4375,105.443
0.498789,1.44643,102.454
0.498789,1.45536,96.177
0.498789,1.46429,95.188
0.498789,1.47321,92.199
0.498789,1.48214,90.21
0.498789,1.49107,87.922
0.498789,1.5,85.748
0.498789,1.50893,85.161
0.498789,1.51786,83.862
0.489104,0,252.989
0.489104,0.00892857,249.961
0.489104,0.0178571,142.856
0.489104,0.0267857,119.867
0.489104,0.0357143,129.888
0.489104,0.0446429,136.887
0.489104,0.0535714,142.195
0.489104,0.0625,152.694
0.489104,0.0714286,157.586
0.489104,0.0803571,168.768
0.489104,0.0892857,174.776
0.489104,0.0982143,174.154
0.489104,0.107143,167.143
0.489104,0.116071,158.164
0.489104,0.125,76.249
0.489104,0.133929,55.378
0.489104,0.142857,57.972
0.489104,0.151786,151.42
0.489104,0.160714,164.629
0.489104,0.169643,175.036
0.489104,0.178571,175.967
0.489104,0.1875,166.061
0.489104,0.196429,160.178
0.489104,0.205357,155.58
0.489104,0.214286,147.831
0.489104,0.223214,137.218
0.489104,0.232143,130.045
0.489104,0.241071,122.839
0.489104,0.25,116.861
0.489104,0.258929,109.997
0.489104,0.267857,110.823
0.489104,0.276786,107.709
0.489104,0.285714,106.019
0.489104,0.294643,100.742
0.489104,0.303571,99.878
0.489104,0.3125,98.59
0.489104,0.321429,96.188
0.489104,0.330357,93.487
0.489104,0.339286,93.199
0.489104,0.348214,92.21
0.489104,0.357143,89.21
0.489104,0.366071,89.21
0.489104,0.375,89.21
0.489104,0.383929,88.21
0.489104,0.392857,87.623
0.489104,0.401786,88.221
0.489104,0.410714,87.221
0.489104,0.419643,87.221
0.489104,0.428571,86.221
0.489104,0.4375,86.335
0.489104,0.446429,86.449
0.489104,0.455357,86.449
0.489104,0.464286,86.449
0.489104,0.473214,86.449
0.489104,0.482143,85.449
0.489104,0.491071,86.449
0.489104,0.5,85.449
0.489104,0.508929,86.449
0.489104,0.517857,86.449
0.489104,0.526786,86.449
0.489104,0.535714,86.449
0.489104,0.544643,86.449
0.489104,0.553571,86.449
0.489104,0.5625,86.449
0.489104,0.571429,87.449
0.489104,0.580357,86.449
0.489104,0.589286,86.449
0.489104,0.598214,86.449
0.489104,0.607143,85.449
0.489104,0.616071,86.449
0.489104,0.625,88.449
0.489104,0.633929,87.449
0.489104,0.642857,86.047
0.489104,0.651786,86.933
0.489104,0.660714,84.933
0.489104,0.669643,87.634
0.489104,0.678571,88.221
0.489104,0.6875,89.612
0.489104,0.696429,92.188
0.489104,0.705357,97.59
0.489104,0.714286,99.155
0.489104,0.723214,102.845
0.489104,0.732143,108.432
0.489104,0.741071,106.144
0.489104,0.75,104.856
0.489104,0.758929,99.867
0.489104,0.767857,96.59
0.489104,0.776786,94.188
0.489104,0.785714,93.9
0.489104,0.794643,90.313
0.489104,0.803571,91.911
0.489104,0.8125,91.21
0.489104,0.821429,91.21
0.489104,0.830357,91.21
0.489104,0.839286,92.21
0.489104,0.848214,91.199
0.489104,0.857143,92.601
0.489104,0.866071,92.188
0.489104,0.875,94.188
0.489104,0.883929,95.889
0.489104,0.892857,97.878
0.489104,0.901786,101.856
0.489104,0.910714,102.443
0.489104,0.919643,105.606
0.489104,0.928571,111.894
0.489104,0.9375,111.584
0.489104,0.946429,116.459
0.489104,0.955357,125.078
0.489104,0.964286,129.632
0.489104,0.973214,137.68
0.489104,0.982143,143.234
0.489104,0.991071,142.853
0.489104,1,141.543
0.489104,1.00893,151.798
0.489104,1.01786,152.118
0.489104,1.02679,154.096
0.489104,1.03571,155.384
0.489104,1.04464,155.911
0.489104,1.05357,153.737
0.489104,1.0625,154.634
0.489104,1.07143,150.14
0.489104,1.08036,144.831
0.489104,1.08929,139.337
0.489104,1.09821,144.234
0.489104,1.10714,141.875
0.489104,1.11607,142.875
0.489104,1.125,147.935
0.489104,1.13393,145.234
0.489104,1.14286,139.234
0.489104,1.15179,145.234
0.489104,1.16071,139.946
0.489104,1.16964,142.946
0.489104,1.17857,146.957
0.489104,1.1875,136.669
0.489104,1.19643,138.267
0.489104,1.20536,141.968
0.489104,1.21429,137.957
0.489104,1.22321,145.462
0.489104,1.23214,141.565
0.489104,1.24107,143.152
0.489104,1.25,149.842
0.489104,1.25893,144.543
0.489104,1.26786,144.945
0.489104,1.27679,150.347
0.489104,1.28571,149.347
0.489104,1.29464,150.646
0.489104,1.30357,148.657
0.489104,1.3125,149.494
0.489104,1.32143,144.103
0.489104,1.33036,135.669
0.489104,1.33929,140.278
0.489104,1.34821,133.3
0.489104,1.35714,131.333
0.489104,1.36607,129.54
0.489104,1.375,122.562
0.489104,1.38393,121.16
0.489104,1.39286,111.584
0.489104,1.40179,110.535
0.489104,1.41071,106.834
0.489104,1.41964,108.834
0.489104,1.42857,105.133
0.489104,1.4375,101.443
0.489104,1.44643,100.454
0.489104,1.45536,97.177
0.489104,1.46429,93.889
0.489104,1.47321,91.313
0.489104,1.48214,89.911
0.489104,1.49107,85.922
0.489104,1.5,85.047
0.489104,1.50893,85.161
0.489104,1.51786,83.862
0.479419,0,224.171
0.479419,0.00892857,221.779
0.479419,0.0178571,149.082
0.479419,0.0267857,132.154
0.479419,0.0357143,132.403
0.479419,0.0446429,144.217
0.479419,0.0535714,151.852
0.479419,0.0625,157.096
0.479419,0.0714286,164.266
0.479419,0.0803571,171.992
0.479419,0.0892857,175.174
0.479419,0.0982143,173.851
0.479419,0.107143,165.487
0.479419,0.116071,155.095
0.479419,0.125,78.788
0.479419,0.133929,58.35
0.479419,0.142857,56.542
0.479419,0.151786,152.318
0.479419,0.160714,162.201
0.479419,0.169643,170.608
0.479419,0.178571,174.735
0.479419,0.1875,172.057
0.479419,0.196429,164.63
0.479419,0.205357,160.227
0.479419,0.214286,152.026
0.479419,0.223214,145.206
0.479419,0.232143,141.218
0.479419,0.241071,133.436
0.479419,0.25,119.48
0.479419,0.258929,119.203
0.479419,0.267857,115.171
0.479419,0.276786,108.182
0.479419,0.285714,106.492
0.479419,0.294643,106.215
0.479419,0.303571,104.856
0.479419,0.3125,99.867
0.479419,0.321429,99.28
0.479419,0.330357,94.889
0.479419,0.339286,95.188
0.479419,0.348214,95.188
0.479419,0.357143,94.498
0.479419,0.366071,89.612
0.479419,0.375,88.911
0.479419,0.383929,88.21
0.479419,0.392857,91.21
0.479419,0.401786,89.623
0.479419,0.410714,87.221
0.479419,0.419643,88.221
0.479419,0.428571,86.221
0.479419,0.4375,87.335
0.479419,0.446429,87.449
0.479419,0.455357,87.449
0.479419,0.464286,87.449
0.479419,0.473214,86.449
0.479419,0.482143,85.449
0.479419,0.491071,86.449
0.479419,0.5,85.449
0.479419,0.508929,86.449
0.479419,0.517857,86.449
0.479419,0.526786,86.449
0.479419,0.535714,85.449
0.479419,0.544643,87.449
0.479419,0.553571,86.449
0.479419,0.5625,88.449
0.479419,0.571429,88.449
0.479419,0.580357,87.449
0.479419,0.589286,87.449
0.479419,0.598214,87.449
0.479419,0.607143,86.449
0.479419,0.616071,87.449
0.479419,0.625,87.449
0.479419,0.633929,87.449
0.479419,0.642857,85.748
0.479419,0.651786,87.52
0.479419,0.660714,85.933
0.479419,0.669643,86.933
0.479419,0.678571,87.634
0.479419,0.6875,87.922
0.479419,0.696429,91.21
0.479419,0.705357,92.9
0.479419,0.714286,95.878
0.479419,0.723214,100.454
0.479419,0.732143,105.557
0.479419,0.741071,105.546
0.479419,0.75,100.144
0.479419,0.758929,100.155
0.479419,0.767857,96.465
0.479419,0.776786,93.889
0.479419,0.785714,95.188
0.479419,0.794643,90.313
0.479419,0.803571,89.911
0.479419,0.8125,92.21
0.479419,0.821429,91.21
0.479419,0.830357,91.21
0.479419,0.839286,90.21
0.479419,0.848214,90.199
0.479419,0.857143,93.9
0.479419,0.866071,93.9
0.479419,0.875,92.487
0.479419,0.883929,95.188
0.479419,0.892857,96.889
0.479419,0.901786,97.166
0.479419,0.910714,100.454
0.479419,0.919643,106.144
0.479419,0.928571,108.133
0.479419,0.9375,110.535
0.479419,0.946429,112.823
0.479419,0.955357,122.872
0.479419,0.964286,130.127
0.479419,0.973214,137.072
0.479419,0.982143,142.327
0.479419,0.991071,143.174
0.479419,1,148.266
0.479419,1.00893,147.119
0.479419,1.01786,154.314
0.479419,1.02679,154.292
0.479419,1.03571,156.509
0.479419,1.04464,156.395
0.479419,1.05357,155.922
0.479419,1.0625,153.232
0.479419,1.07143,151.727
0.479419,1.08036,150.945
0.479419,1.08929,138.75
0.479419,1.09821,143.533
0.479419,1.10714,143.772
0.479419,1.11607,137.174
0.479419,1.125,144.245
0.479419,1.13393,142.245
0.479419,1.14286,144.245
0.479419,1.15179,145.946
0.479419,1.16071,140.946
0.479419,1.16964,142.957
0.479419,1.17857,141.957
0.479419,1.1875,140.669
0.479419,1.19643,141.979
0.479419,1.20536,142.267
0.479419,1.21429,138.669
0.479419,1.22321,140.957
0.479419,1.23214,143.761
0.479419,1.24107,144.163
0.479419,1.25,144.152
0.479419,1.25893,149.44
0.479419,1.26786,145.13
0.479419,1.27679,149.13
0.479419,1.28571,148.831
0.479419,1.29464,148.13
0.479419,1.30357,146.853
0.479419,1.3125,144.864
0.479419,1.32143,141.875
0.479419,1.33036,139.979
0.479419,1.33929,136.289
0.479419,1.34821,131.311
0.479419,1.35714,129.333
0.479419,1.36607,123.54
0.479419,1.375,123.149
0.479419,1.38393,115.16
0.479419,1.39286,109.883
0.479419,1.40179,110.535
0.479419,1.41071,106.834
0.479419,1.41964,105.834
0.479419,1.42857,105.133
0.479419,1.4375,106.443
0.479419,1.44643,102.454
0.479419,1.45536,97.177
0.479419,1.46429,94.302
0.479419,1.47321,92.612
0.479419,1.48214,90.21
0.479419,1.49107,87.808
0.479419,1.5,85.047
0.479419,1.50893,85.161
0.479419,1.51786,84.449
0.469734,0,134.643
0.469734,0.00892857,128.27
0.469734,0.0178571,127.872
0.469734,0.0267857,141.544
0.469734,0.0357143,141.565
0.469734,0.0446429,153.222
0.469734,0.0535714,157.075
0.469734,0.0625,160.63
0.469734,0.0714286,168.594
0.469734,0.0803571,174.113
0.469734,0.0892857,176.436
0.469734,0.0982143,171.152
0.469734,0.107143,163.489
0.469734,0.116071,155.314
0.469734,0.125,83.099
0.469734,0.133929,58.752
0.469734,0.142857,56.656
0.469734,0.151786,151.341
0.469734,0.160714,162.246
0.469734,0.169643,169.479
0.469734,0.178571,175.204
0.469734,0.1875,174.238
0.469734,0.196429,168.48
0.469734,0.205357,161.875
0.469734,0.214286,155.858
0.469734,0.223214,150.749
0.469734,0.232143,144.266
0.469734,0.241071,134.968
0.469734,0.25,130.311
0.469734,0.258929,127.344
0.469734,0.267857,122.551
0.469734,0.276786,114.171
0.469734,0.285714,112.193
0.469734,0.294643,109.617
0.469734,0.303571,105.845
0.469734,0.3125,104.443
0.469734,0.321429,101.155
0.469734,0.330357,99.568
0.469734,0.339286,98.878
0.469734,0.348214,95.59
0.469734,0.357143,95.188
0.469734,0.366071,91.9
0.469734,0.375,89.911
0.469734,0.383929,89.911
0.469734,0.392857,91.21
0.469734,0.401786,89.21
0.469734,0.410714,88.509
0.469734,0.419643,88.221
0.469734,0.428571,88.221
0.469734,0.4375,88.449
0.469734,0.446429,89.449
0.469734,0.455357,88.449
0.469734,0.464286,87.449
0.469734,0.473214,86.449
0.469734,0.482143,86.449
0.469734,0.491071,87.449
0.469734,0.5,86.449
0.469734,0.508929,86.449
0.469734,0.517857,86.449
0.469734,0.526786,86.449
0.469734,0.535714,86.449
0.469734,0.544643,87.449
0.469734,0.553571,85.449
0.469734,0.5625,89.449
0.469734,0.571429,88.449
0.469734,0.580357,87.449
0.469734,0.589286,87.449
0.469734,0.598214,86.449
0.469734,0.607143,85.449
0.469734,0.616071,86.449
0.469734,0.625,86.449
0.469734,0.633929,86.449
0.469734,0.642857,87.335
0.469734,0.651786,86.221
0.469734,0.660714,84.933
0.469734,0.669643,85.933
0.469734,0.678571,86.933
0.469734,0.6875,88.221
0.469734,0.696429,89.21
0.469734,0.705357,90.21
0.469734,0.714286,92.487
0.469734,0.723214,98.291
0.469734,0.732143,102.155
0.469734,0.741071,105.443
0.469734,0.75,102.144
0.469734,0.758929,102.856
0.469734,0.767857,102.166
0.469734,0.776786,98.465
0.469734,0.785714,94.188
0.469734,0.794643,93.199
0.469734,0.803571,90.21
0.469734,0.8125,89.21
0.469734,0.821429,89.21
0.469734,0.830357,91.21
0.469734,0.839286,90.21
0.469734,0.848214,89.911
0.469734,0.857143,92.9
0.469734,0.866071,91.9
0.469734,0.875,90.9
0.469734,0.883929,93.487
0.469734,0.892857,94.889
0.469734,0.901786,95.579
0.469734,0.910714,98.166
0.469734,0.919643,101.856
0.469734,0.928571,104.731
0.469734,0.9375,106.834
0.469734,0.946429,113.823
0.469734,0.955357,117.584
0.469734,0.964286,123.85
0.469734,0.973214,129.806
0.469734,0.982143,138.648
0.469734,0.991071,137.669
0.469734,1,141.049
0.469734,1.00893,153.13
0.469734,1.01786,152.097
0.469734,1.02679,151.716
0.469734,1.03571,156.406
0.469734,1.04464,153.705
0.469734,1.05357,154.634
0.469734,1.0625,153.819
0.469734,1.07143,149.738
0.469734,1.08036,147.543
0.469734,1.08929,146.049
0.469734,1.09821,140.658
0.469734,1.10714,142.071
0.469734,1.11607,141.185
0.469734,1.125,141.669
0.469734,1.13393,138.968
0.469734,1.14286,138.957
0.469734,1.15179,138.957
0.469734,1.16071,138.957
0.469734,1.16964,139.957
0.469734,1.17857,136.669
0.469734,1.1875,134.968
0.469734,1.19643,142.979
0.469734,1.20536,140.153
0.469734,1.21429,142.669
0.469734,1.22321,139.957
0.469734,1.23214,144.946
0.469734,1.24107,144.462
0.469734,1.25,142.163
0.469734,1.25893,148.152
0.469734,1.26786,147.842
0.469734,1.27679,149.842
0.469734,1.28571,148.13
0.469734,1.29464,146.728
0.469734,1.30357,146.152
0.469734,1.3125,143.462
0.469734,1.32143,137.875
0.469734,1.33036,137.691
0.469734,1.33929,132.3
0.469734,1.34821,130.023
0.469734,1.35714,130.333
0.469734,1.36607,129.127
0.469734,1.375,118.85
0.469734,1.38393,118.16
0.469734,1.39286,111.584
0.469734,1.40179,109.535
0.469734,1.41071,104.834
0.469734,1.41964,103.834
0.469734,1.42857,108.133
0.469734,1.4375,105.557
0.469734,1.44643,102.454
0.469734,1.45536,98.291
0.469734,1.46429,96.188
0.469734,1.47321,93.313
0.469734,1.48214,90.911
0.469734,1.49107,87.922
0.469734,1.5,86.047
0.469734,1.50893,85.161
0.469734,1.51786,84.449
0.460048,0,137.603
0.460048,0.00892857,130.909
0.460048,0.0178571,136.256
0.460048,0.0267857,145.782
0.460048,0.0357143,150.037
0.460048,0.0446429,156.309
0.460048,0.0535714,164.451
0.460048,0.0625,168.523
0.460048,0.0714286,173.623
0.460048,0.0803571,175.408
0.460048,0.0892857,174.285
0.460048,0.0982143,167.382
0.460048,0.107143,159.736
0.460048,0.116071,152.892
0.460048,0.125,87.997
0.460048,0.133929,56.997
0.460048,0.142857,56.613
0.460048,0.151786,152.364
0.460048,0.160714,159.932
0.460048,0.169643,167.453
0.460048,0.178571,172.95
0.460048,0.1875,176.365
0.460048,0.196429,172.857
0.460048,0.205357,169.366
0.460048,0.214286,162.359
0.460048,0.223214,154.477
0.460048,0.232143,147.798
0.460048,0.241071,144.201
0.460048,0.25,145.256
0.460048,0.258929,131.012
0.460048,0.267857,130.105
0.460048,0.276786,121.138
0.460048,0.285714,119.171
0.460048,0.294643,113.894
0.460048,0.303571,110.421
0.460048,0.3125,107.834
0.460048,0.321429,105.432
0.460048,0.330357,103.856
0.460048,0.339286,98.155
0.460048,0.348214,96.579
0.460048,0.357143,96.59
0.460048,0.366071,93.889
0.460048,0.375,94.612
0.460048,0.383929,92.911
0.460048,0.392857,91.21
0.460048,0.401786,89.21
0.460048,0.410714,88.623
0.460048,0.419643,88.221
0.460048,0.428571,89.634
0.460048,0.4375,87.748
0.460048,0.446429,88.449
0.460048,0.455357,88.449
0.460048,0.464286,87.449
0.460048,0.473214,87.449
0.460048,0.482143,86.449
0.460048,0.491071,87.449
0.460048,0.5,86.449
0.460048,0.508929,87.449
0.460048,0.517857,87.449
0.460048,0.526786,88.449
0.460048,0.535714,88.449
0.460048,0.544643,87.449
0.460048,0.553571,86.449
0.460048,0.5625,88.449
0.460048,0.571429,88.449
0.460048,0.580357,88.449
0.460048,0.589286,86.449
0.460048,0.598214,85.449
0.460048,0.607143,86.449
0.460048,0.616071,87.449
0.460048,0.625,86.449
0.460048,0.633929,86.449
0.460048,0.642857,86.036
0.460048,0.651786,85.922
0.460048,0.660714,85.634
0.460048,0.669643,85.933
0.460048,0.678571,83.933
0.460048,0.6875,86.634
0.460048,0.696429,87.221
0.460048,0.705357,89.21
0.460048,0.714286,91.21
0.460048,0.723214,94.9
0.460048,0.732143,98.992
0.460048,0.741071,100.856
0.460048,0.75,105.144
0.460048,0.758929,103.144
0.460048,0.767857,104.155
0.460048,0.776786,96.579
0.460048,0.785714,98.188
0.460048,0.794643,90.199
0.460048,0.803571,90.911
0.460048,0.8125,91.21
0.460048,0.821429,89.21
0.460048,0.830357,91.21
0.460048,0.839286,91.21
0.460048,0.848214,91.911
0.460048,0.857143,93.199
0.460048,0.866071,92.911
0.460048,0.875,92.612
0.460048,0.883929,92.199
0.460048,0.892857,94.487
0.460048,0.901786,98.59
0.460048,0.910714,98.878
0.460048,0.919643,103.155
0.460048,0.928571,103.845
0.460048,0.9375,105.133
0.460048,0.946429,109.41
0.460048,0.955357,111.584
0.460048,0.964286,117.562
0.460048,0.973214,124.54
0.460048,0.982143,130.094
0.460048,0.991071,140.68
0.460048,1,144.946
0.460048,1.00893,144.141
0.460048,1.01786,148.521
0.460048,1.02679,152.026
0.460048,1.03571,152.015
0.460048,1.04464,154.542
0.460048,1.05357,153.944
0.460048,1.0625,151.944
0.460048,1.07143,152.738
0.460048,1.08036,149.543
0.460048,1.08929,143.636
0.460048,1.09821,140.658
0.460048,1.10714,139.185
0.460048,1.11607,144.185
0.460048,1.125,139.267
0.460048,1.13393,138.267
0.460048,1.14286,138.669
0.460048,1.15179,142.957
0.460048,1.16071,139.957
0.460048,1.16964,137.669
0.460048,1.17857,138.968
0.460048,1.1875,141.267
0.460048,1.19643,136.039
0.460048,1.20536,138.039
0.460048,1.21429,137.669
0.460048,1.22321,141.957
0.460048,1.23214,141.946
0.460048,1.24107,140.647
0.460048,1.25,140.875
0.460048,1.25893,142.864
0.460048,1.26786,146.152
0.460048,1.27679,145.141
0.460048,1.28571,149.141
0.460048,1.29464,146.554
0.460048,1.30357,141.853
0.460048,1.3125,142.875
0.460048,1.32143,142.473
0.460048,1.33036,134.702
0.460048,1.33929,138.311
0.460048,1.34821,133.322
0.460048,1.35714,125.746
0.460048,1.36607,123.127
0.460048,1.375,124.85
0.460048,1.38393,119.16
0.460048,1.39286,113.883
0.460048,1.40179,109.834
0.460048,1.41071,108.834
0.460048,1.41964,105.834
0.460048,1.42857,104.133
0.460048,1.4375,103.443
0.460048,1.44643,101.454
0.460048,1.45536,97.177
0.460048,1.46429,94.302
0.460048,1.47321,92.313
0.460048,1.48214,90.21
0.460048,1.49107,87.922
0.460048,1.5,85.748
0.460048,1.50893,85.161
0.460048,1.51786,84.449
0.450363,0,148.075
0.450363,0.00892857,143.021
0.450363,0.0178571,146.831
0.450363,0.0267857,153.727
0.450363,0.0357143,157.477
0.450363,0.0446429,162.864
0.450363,0.0535714,168.757
0.450363,0.0625,174.558
0.450363,0.0714286,176.664
0.450363,0.0803571,175.623
0.450363,0.0892857,170.859
0.450363,0.0982143,162.99
0.450363,0.107143,156.424
0.450363,0.116071,150.214
0.450363,0.125,91.872
0.450363,0.133929,55.025
0.450363,0.142857,54.961
0.450363,0.151786,150.473
0.450363,0.160714,154.467
0.450363,0.169643,161.414
0.450363,0.178571,167.193
0.450363,0.1875,173.705
0.450363,0.196429,174.419
0.450363,0.205357,173.384
0.450363,0.214286,168.964
0.450363,0.223214,162.028
0.450363,0.232143,157.391
0.450363,0.241071,148.445
0.450363,0.25,146.891
0.450363,0.258929,139.647
0.450363,0.267857,135.392
0.450363,0.276786,128.806
0.450363,0.285714,126.035
0.450363,0.294643,120.356
0.450363,0.303571,112.812
0.450363,0.3125,110.513
0.450363,0.321429,109.182
0.450363,0.330357,109.09
0.450363,0.339286,102.699
0.450363,0.348214,100.411
0.450363,0.357143,99.454
0.450363,0.366071,98.981
0.450363,0.375,94.601
0.450363,0.383929,91.612
0.450363,0.392857,91.612
0.450363,0.401786,90.612
0.450363,0.410714,90.498
0.450363,0.419643,88.21
0.450363,0.428571,88.221
0.450363,0.4375,88.047
0.450363,0.446429,87.449
0.450363,0.455357,87.335
0.450363,0.464286,87.335
0.450363,0.473214,86.335
0.450363,0.482143,87.335
0.450363,0.491071,87.335
0.450363,0.5,87.335
0.450363,0.508929,87.449
0.450363,0.517857,87.335
0.450363,0.526786,87.335
0.450363,0.535714,87.335
0.450363,0.544643,86.335
0.450363,0.553571,89.036
0.450363,0.5625,89.036
0.450363,0.571429,88.036
0.450363,0.580357,88.036
0.450363,0.589286,87.335
0.450363,0.598214,86.748
0.450363,0.607143,87.634
0.450363,0.616071,86.335
0.450363,0.625,87.335
0.450363,0.633929,88.335
0.450363,0.642857,87.036
0.450363,0.651786,86.922
0.450363,0.660714,87.221
0.450363,0.669643,86.634
0.450363,0.678571,84.634
0.450363,0.6875,86.047
0.450363,0.696429,87.335
0.450363,0.705357,88.623
0.450363,0.714286,89.036
0.450363,0.723214,90.324
0.450363,0.732143,95.302
0.450363,0.741071,99.579
0.450363,0.75,104.155
0.450363,0.758929,106.443
0.450363,0.767857,106.443
0.450363,0.776786,99.856
0.450363,0.785714,98.764
0.450363,0.794643,94.188
0.450363,0.803571,91.911
0.450363,0.8125,91.509
0.450363,0.821429,89.922
0.450363,0.830357,89.509
0.450363,0.839286,90.21
0.450363,0.848214,91.911
0.450363,0.857143,90.612
0.450363,0.866071,91.911
0.450363,0.875,91.911
0.450363,0.883929,92.199
0.450363,0.892857,94.9
0.450363,0.901786,95.188
0.450363,0.910714,97.476
0.450363,0.919643,99.166
0.450363,0.928571,101.269
0.450363,0.9375,105.845
0.450363,0.946429,108.421
0.450363,0.955357,111.584
0.450363,0.964286,117.861
0.450363,0.973214,121.252
0.450363,0.982143,130.518
0.450363,0.991071,134.691
0.450363,1,140.267
0.450363,1.00893,147.75
0.450363,1.01786,147.831
0.450363,1.02679,150.222
0.450363,1.03571,151.325
0.450363,1.04464,153.841
0.450363,1.05357,154.015
0.450363,1.0625,155.819
0.450363,1.07143,154.727
0.450363,1.08036,148.233
0.450363,1.08929,145.038
0.450363,1.09821,142.946
0.450363,1.10714,139.783
0.450363,1.11607,140.381
0.450363,1.125,138.278
0.450363,1.13393,137.979
0.450363,1.14286,138.267
0.450363,1.15179,141.555
0.450363,1.16071,137.968
0.450363,1.16964,138.267
0.450363,1.17857,143.979
0.450363,1.1875,135.392
0.450363,1.19643,136.164
0.450363,1.20536,138.278
0.450363,1.21429,133.979
0.450363,1.22321,136.267
0.450363,1.23214,138.968
0.450363,1.24107,144.256
0.450363,1.25,140.473
0.450363,1.25893,145.06
0.450363,1.26786,146.75
0.450363,1.27679,143.75
0.450363,1.28571,146.038
0.450363,1.29464,142.739
0.450363,1.30357,147.049
0.450363,1.3125,140.06
0.450363,1.32143,144.484
0.450363,1.33036,135.99
0.450363,1.33929,137.186
0.450363,1.34821,130.496
0.450363,1.35714,132.632
0.450363,1.36607,126.839
0.450363,1.375,124.149
0.450363,1.38393,119.872
0.450363,1.39286,113.47
0.450363,1.40179,110.008
0.450363,1.41071,108.421
0.450363,1.41964,107.72
0.450363,1.42857,105.019
0.450363,1.4375,103.557
0.450363,1.44643,102.568
0.450363,1.45536,98.465
0.450363,1.46429,96.889
0.450363,1.47321,92.612
0.450363,1.48214,91.21
0.450363,1.49107,86.922
0.450363,1.5,84.748
0.450363,1.50893,84.862
0.450363,1.51786,84.449
0.440678,0,157.418
0.440678,0.00892857,152.428
0.440678,0.0178571,155.342
0.440678,0.0267857,161.088
0.440678,0.0357143,167.942
0.440678,0.0446429,172.188
0.440678,0.0535714,176.266
0.440678,0.0625,175.062
0.440678,0.0714286,170.696
0.440678,0.0803571,164.988
0.440678,0.0892857,159.149
0.440678,0.0982143,154.256
0.440678,0.107143,149.878
0.440678,0.116071,152.035
0.440678,0.125,91.904
0.440678,0.133929,55.025
0.440678,0.142857,55.135
0.440678,0.151786,149.397
0.440678,0.160714,151.133
0.440678,0.169643,151.643
0.440678,0.178571,154.493
0.440678,0.1875,161.315
0.440678,0.196429,170.485
0.440678,0.205357,175.498
0.440678,0.214286,176.055
0.440678,0.223214,173.939
0.440678,0.232143,169.491
0.440678,0.241071,164.196
0.440678,0.25,160.755
0.440678,0.258929,152.809
0.440678,0.267857,144.56
0.440678,0.276786,139.387
0.440678,0.285714,133.268
0.440678,0.294643,126.48
0.440678,0.303571,122.562
0.440678,0.3125,113.872
0.440678,0.321429,111.883
0.440678,0.330357,108.72
0.440678,0.339286,107.258
0.440678,0.348214,102.144
0.440678,0.357143,103.084
0.440678,0.366071,97.856
0.440678,0.375,97.177
0.440678,0.383929,95.487
0.440678,0.392857,93.9
0.440678,0.401786,91.601
0.440678,0.410714,90.188
0.440678,0.419643,90.313
0.440678,0.428571,89.509
0.440678,0.4375,89.221
0.440678,0.446429,88.221
0.440678,0.455357,87.221
0.440678,0.464286,87.221
0.440678,0.473214,86.221
0.440678,0.482143,87.221
0.440678,0.491071,87.221
0.440678,0.5,87.221
0.440678,0.508929,88.221
0.440678,0.517857,88.221
0.440678,0.526786,87.221
0.440678,0.535714,88.221
0.440678,0.544643,89.922
0.440678,0.553571,90.21
0.440678,0.5625,88.21
0.440678,0.571429,89.21
0.440678,0.580357,88.21
0.440678,0.589286,85.509
0.440678,0.598214,86.221
0.440678,0.607143,85.933
0.440678,0.616071,87.933
0.440678,0.625,86.634
0.440678,0.633929,86.221
0.440678,0.642857,86.335
0.440678,0.651786,86.449
0.440678,0.660714,86.449
0.440678,0.669643,86.449
0.440678,0.678571,85.449
0.440678,0.6875,86.449
0.440678,0.696429,86.449
0.440678,0.705357,86.449
0.440678,0.714286,88.15
0.440678,0.723214,89.851
0.440678,0.732143,90.84
0.440678,0.741071,97.188
0.440678,0.75,100.465
0.440678,0.758929,100.856
0.440678,0.767857,104.144
0.440678,0.776786,101.144
0.440678,0.785714,100.856
0.440678,0.794643,97.878
0.440678,0.803571,92.199
0.440678,0.8125,90.623
0.440678,0.821429,91.221
0.440678,0.830357,90.221
0.440678,0.839286,90.21
0.440678,0.848214,90.21
0.440678,0.857143,90.911
0.440678,0.866071,90.911
0.440678,0.875,91.911
0.440678,0.883929,93.911
0.440678,0.892857,91.9
0.440678,0.901786,94.188
0.440678,0.910714,97.889
0.440678,0.919643,96.878
0.440678,0.928571,101.166
0.440678,0.9375,104.856
0.440678,0.946429,107.731
0.440678,0.955357,109.182
0.440678,0.964286,116.747
0.440678,0.973214,122.138
0.440678,0.982143,126.415
0.440678,0.991071,131.784
0.440678,1,137.392
0.440678,1.00893,139.658
0.440678,1.01786,146.853
0.440678,1.02679,144.119
0.440678,1.03571,149.336
0.440678,1.04464,150.738
0.440678,1.05357,151.716
0.440678,1.0625,151.993
0.440678,1.07143,151.417
0.440678,1.08036,148.809
0.440678,1.08929,149.842
0.440678,1.09821,141.946
0.440678,1.10714,142.267
0.440678,1.11607,132.289
0.440678,1.125,134.99
0.440678,1.13393,135.691
0.440678,1.14286,138.979
0.440678,1.15179,137.979
0.440678,1.16071,139.68
0.440678,1.16964,136.979
0.440678,1.17857,140.691
0.440678,1.1875,133.289
0.440678,1.19643,135.289
0.440678,1.20536,135.289
0.440678,1.21429,138.289
0.440678,1.22321,136.99
0.440678,1.23214,132.691
0.440678,1.24107,139.267
0.440678,1.25,137.669
0.440678,1.25893,142.245
0.440678,1.26786,143.647
0.440678,1.27679,142.935
0.440678,1.28571,143.935
0.440678,1.29464,146.935
0.440678,1.30357,144.234
0.440678,1.3125,139.957
0.440678,1.32143,137.968
0.440678,1.33036,136.751
0.440678,1.33929,136.474
0.440678,1.34821,135.496
0.440678,1.35714,131.817
0.440678,1.36607,123.138
0.440678,1.375,120.861
0.440678,1.38393,122.171
0.440678,1.39286,112.883
0.440678,1.40179,110.595
0.440678,1.41071,107.595
0.440678,1.41964,107.193
0.440678,1.42857,103.193
0.440678,1.4375,102.443
0.440678,1.44643,101.155
0.440678,1.45536,100.166
0.440678,1.46429,95.889
0.440678,1.47321,93.199
0.440678,1.48214,92.21
0.440678,1.49107,86.922
0.440678,1.5,86.335
0.440678,1.50893,85.449
0.440678,1.51786,85.449
0.430993,0,166.407
0.430993,0.00892857,161.011
0.430993,0.0178571,166.676
0.430993,0.0267857,173.44
0.430993,0.0357143,174.937
0.430993,0.0446429,172.864
0.430993,0.0535714,168.965
0.430993,0.0625,161.457
0.430993,0.0714286,156.59
0.430993,0.0803571,152.652
0.430993,0.0892857,150.583
0.430993,0.0982143,149.888
0.430993,0.107143,149.02
0.430993,0.116071,150.59
0.430993,0.125,126.856
0.430993,0.133929,58.715
0.430993,0.142857,58.657
0.430993,0.151786,151.442
0.430993,0.160714,149.591
0.430993,0.169643,150.232
0.430993,0.178571,149.731
0.430993,0.1875,151.974
0.430993,0.196429,157.787
0.430993,0.205357,161.583
0.430993,0.214286,165.775
0.430993,0.223214,170.696
0.430993,0.232143,172.948
0.430993,0.241071,174.038
0.430993,0.25,171.074
0.430993,0.258929,163.865
0.430993,0.267857,158.065
0.430993,0.276786,153.418
0.430993,0.285714,143.793
0.430993,0.294643,136.299
0.430993,0.303571,132.453
0.430993,0.3125,123.622
0.430993,0.321429,117.35
0.430993,0.330357,113.589
0.430993,0.339286,108.969
0.430993,0.348214,105.268
0.430993,0.357143,107.546
0.430993,0.366071,101.052
0.430993,0.375,101.867
0.430993,0.383929,98.476
0.430993,0.392857,95.601
0.430993,0.401786,94.487
0.430993,0.410714,93.188
0.430993,0.419643,91.199
0.430993,0.428571,88.922
0.430993,0.4375,89.221
0.430993,0.446429,89.221
0.430993,0.455357,89.221
0.430993,0.464286,89.221
0.430993,0.473214,88.221
0.430993,0.482143,88.221
0.430993,0.491071,88.221
0.430993,0.5,87.221
0.430993,0.508929,87.623
0.430993,0.517857,89.509
0.430993,0.526786,88.509
0.430993,0.535714,88.623
0.430993,0.544643,90.21
0.430993,0.553571,91.21
0.430993,0.5625,89.21
0.430993,0.571429,89.21
0.430993,0.580357,88.911
0.430993,0.589286,87.509
0.430993,0.598214,86.52
0.430993,0.607143,85.933
0.430993,0.616071,86.933
0.430993,0.625,87.52
0.430993,0.633929,86.221
0.430993,0.642857,85.449
0.430993,0.651786,85.449
0.430993,0.660714,85.449
0.430993,0.669643,85.449
0.430993,0.678571,86.449
0.430993,0.6875,87.449
0.430993,0.696429,86.449
0.430993,0.705357,86.449
0.430993,0.714286,87.862
0.430993,0.723214,89.15
0.430993,0.732143,88.851
0.430993,0.741071,94.487
0.430993,0.75,97.878
0.430993,0.758929,100.155
0.430993,0.767857,102.443
0.430993,0.776786,106.144
0.430993,0.785714,105.155
0.430993,0.794643,99.166
0.430993,0.803571,91.188
0.430993,0.8125,92.911
0.430993,0.821429,89.922
0.430993,0.830357,90.221
0.430993,0.839286,89.808
0.430993,0.848214,89.21
0.430993,0.857143,90.911
0.430993,0.866071,91.911
0.430993,0.875,91.911
0.430993,0.883929,92.911
0.430993,0.892857,91.9
0.430993,0.901786,94.188
0.430993,0.910714,96.889
0.430993,0.919643,97.878
0.430993,0.928571,99.166
0.430993,0.9375,101.155
0.430993,0.946429,104.144
0.430993,0.955357,108.182
0.430993,0.964286,113.459
0.430993,0.973214,120.85
0.430993,0.982143,122.839
0.430993,0.991071,129.795
0.430993,1,133.175
0.430993,1.00893,140.256
0.430993,1.01786,141.337
0.430993,1.02679,143.543
0.430993,1.03571,147.635
0.430993,1.04464,152.037
0.430993,1.05357,152.428
0.430993,1.0625,154.004
0.430993,1.07143,157.015
0.430993,1.08036,151.222
0.430993,1.08929,148.429
0.430993,1.09821,141.647
0.430993,1.10714,144.267
0.430993,1.11607,135.289
0.430993,1.125,135.001
0.430993,1.13393,134.702
0.430993,1.14286,137.289
0.430993,1.15179,135.691
0.430993,1.16071,131.691
0.430993,1.16964,136.691
0.430993,1.17857,136.691
0.430993,1.1875,139.691
0.430993,1.19643,140.99
0.430993,1.20536,136.289
0.430993,1.21429,138.289
0.430993,1.22321,135.99
0.430993,1.23214,139.691
0.430993,1.24107,138.267
0.430993,1.25,138.669
0.430993,1.25893,136.957
0.430993,1.26786,140.946
0.430993,1.27679,138.234
0.430993,1.28571,145.234
0.430993,1.29464,145.234
0.430993,1.30357,140.946
0.430993,1.3125,140.256
0.430993,1.32143,139.566
0.430993,1.33036,135.463
0.430993,1.33929,137.072
0.430993,1.34821,134.382
0.430993,1.35714,130.404
0.430993,1.36607,125.551
0.430993,1.375,117.861
0.430993,1.38393,120.171
0.430993,1.39286,115.883
0.430993,1.40179,113.595
0.430993,1.41071,109.595
0.430993,1.41964,106.193
0.430993,1.42857,105.193
0.430993,1.4375,103.443
0.430993,1.44643,100.454
0.430993,1.45536,98.166
0.430993,1.46429,94.889
0.430993,1.47321,93.313
0.430993,1.48214,91.911
0.430993,1.49107,86.922
0.430993,1.5,86.449
0.430993,1.50893,86.449
0.430993,1.51786,85.449
0.430993,1.52679,84.449
0.430993,1.53571,87.862
0.430993,1.54464,82.275
0.430993,1.55357,82.346
0.430993,1.5625,83.058
0.430993,1.57143,85.624
0.430993,1.58036,88.418
0.430993,1.58929,90.913
0.430993,1.59821,92.593
0.430993,1.60714,92.338
0.430993,1.61607,92.659
0.430993,1.625,92.578
0.430993,1.63393,92.6
0.430993,1.64286,91.97
0.430993,1.65179,90.291
0.430993,1.66071,89.786
0.430993,1.66964,87.933
0.430993,1.67857,84.678
0.430993,1.6875,84.678
0.430993,1.69643,83.977
0.430993,1.70536,79.7
0.430993,1.71429,76.412
0.430993,1.72321,75.711
0.430993,1.73214,74.01
0.430993,1.74107,74.483
0.430993,1.75,74.657
0.430993,1.75893,74.244
0.430993,1.76786,74.429
0.430993,1.77679,68.429
0.430993,1.78571,69.902
0.430993,1.79464,70.788
0.430993,1.80357,68.489
0.430993,1.8125,67.979
0.430993,1.82143,71.452
0.430993,1.83036,68.039
0.430993,1.83929,63.284
0.430993,1.84821,64.942
0.430993,1.85714,63.116
0.430993,1.86607,62.589
0.430993,1.875,58.062
0.430993,1.88393,58.073
0.430993,1.89286,58.073
0.430993,1.90179,58.073
0.430993,1.91071,58.073
0.430993,1.91964,58.187
0.430993,1.92857,58.187
0.430993,1.9375,58.187
0.430993,1.94643,57.703
0.430993,1.95536,58.187
0.430993,1.96429,58.187
0.430993,1.97321,58.464
0.430993,1.98214,56.019
0.430993,1.99107,56.252
0.430993,2,72.518
0.421308,0,177.958
0.421308,0.00892857,173.674
0.421308,0.0178571,174.433
0.421308,0.0267857,167.1
0.421308,0.0357143,160.13
0.421308,0.0446429,155.65
0.421308,0.0535714,153.441
0.421308,0.0625,149.731
0.421308,0.0714286,149.346
0.421308,0.0803571,151.243
0.421308,0.0892857,152.08
0.421308,0.0982143,153.798
0.421308,0.107143,154.859
0.421308,0.116071,160.668
0.421308,0.125,129.146
0.421308,0.133929,56.9
0.421308,0.142857,55.506
0.421308,0.151786,159.184
0.421308,0.160714,158.424
0.421308,0.169643,154.863
0.421308,0.178571,152.678
0.421308,0.1875,150.667
0.421308,0.196429,149.585
0.421308,0.205357,149.671
0.421308,0.214286,150.74
0.421308,0.223214,154.695
0.421308,0.232143,160.48
0.421308,0.241071,165.205
0.421308,0.25,172.326
0.421308,0.258929,174.838
0.421308,0.267857,169.797
0.421308,0.276786,167.893
0.421308,0.285714,157.712
0.421308,0.294643,150.912
0.421308,0.303571,145.565
0.421308,0.3125,134.289
0.421308,0.321429,126.725
0.421308,0.330357,123.932
0.421308,0.339286,120.394
0.421308,0.348214,115.095
0.421308,0.357143,110.655
0.421308,0.366071,105.204
0.421308,0.375,106.546
0.421308,0.383929,100.454
0.421308,0.392857,97.59
0.421308,0.401786,93.889
0.421308,0.410714,94.188
0.421308,0.419643,92.601
0.421308,0.428571,93.21
0.421308,0.4375,90.509
0.421308,0.446429,90.509
0.421308,0.455357,89.509
0.421308,0.464286,88.509
0.421308,0.473214,88.623
0.421308,0.482143,88.21
0.421308,0.491071,90.221
0.421308,0.5,89.221
0.421308,0.508929,87.21
0.421308,0.517857,89.911
0.421308,0.526786,89.911
0.421308,0.535714,89.911
0.421308,0.544643,89.911
0.421308,0.553571,91.911
0.421308,0.5625,91.21
0.421308,0.571429,90.21
0.421308,0.580357,87.911
0.421308,0.589286,88.911
0.421308,0.598214,84.922
0.421308,0.607143,85.933
0.421308,0.616071,86.933
0.421308,0.625,86.634
0.421308,0.633929,87.221
0.421308,0.642857,86.335
0.421308,0.651786,85.449
0.421308,0.660714,85.449
0.421308,0.669643,85.449
0.421308,0.678571,85.449
0.421308,0.6875,86.449
0.421308,0.696429,85.449
0.421308,0.705357,86.449
0.421308,0.714286,85.161
0.421308,0.723214,87.862
0.421308,0.732143,88.15
0.421308,0.741071,89.612
0.421308,0.75,89.889
0.421308,0.758929,96.568
0.421308,0.767857,102.856
0.421308,0.776786,107.144
0.421308,0.785714,103.144
0.421308,0.794643,98.155
0.421308,0.803571,99.177
0.421308,0.8125,91.487
0.421308,0.821429,90.21
0.421308,0.830357,88.623
0.421308,0.839286,88.634
0.421308,0.848214,88.509
0.421308,0.857143,90.911
0.421308,0.866071,90.21
0.421308,0.875,91.21
0.421308,0.883929,91.911
0.421308,0.892857,91.313
0.421308,0.901786,94.188
0.421308,0.910714,95.59
0.421308,0.919643,98.878
0.421308,0.928571,98.166
0.421308,0.9375,98.155
0.421308,0.946429,102.557
0.421308,0.955357,107.492
0.421308,0.964286,110.296
0.421308,0.973214,116.274
0.421308,0.982143,123.149
0.421308,0.991071,128.404
0.421308,1,134.083
0.421308,1.00893,134.278
0.421308,1.01786,141.647
0.421308,1.02679,145.853
0.421308,1.03571,149.532
0.421308,1.04464,150.749
0.421308,1.05357,151.624
0.421308,1.0625,154.314
0.421308,1.07143,153.613
0.421308,1.08036,149.809
0.421308,1.08929,145.13
0.421308,1.09821,145.636
0.421308,1.10714,139.555
0.421308,1.11607,131.99
0.421308,1.125,131.012
0.421308,1.13393,133.599
0.421308,1.14286,132.713
0.421308,1.15179,133.289
0.421308,1.16071,134.99
0.421308,1.16964,137.99
0.421308,1.17857,137.691
0.421308,1.1875,140.691
0.421308,1.19643,135.691
0.421308,1.20536,134.99
0.421308,1.21429,135.289
0.421308,1.22321,135.691
0.421308,1.23214,138.278
0.421308,1.24107,138.267
0.421308,1.25,142.669
0.421308,1.25893,140.669
0.421308,1.26786,141.957
0.421308,1.27679,142.946
0.421308,1.28571,142.647
0.421308,1.29464,143.647
0.421308,1.30357,144.544
0.421308,1.3125,148.267
0.421308,1.32143,140.392
0.421308,1.33036,133.061
0.421308,1.33929,132.784
0.421308,1.34821,127.094
0.421308,1.35714,124.415
0.421308,1.36607,126.138
0.421308,1.375,119.16
0.421308,1.38393,114.171
0.421308,1.39286,111.883
0.421308,1.40179,109.595
0.421308,1.41071,108.595
0.421308,1.41964,109.193
0.421308,1.42857,108.193
0.421308,1.4375,101.443
0.421308,1.44643,100.454
0.421308,1.45536,98.166
0.421308,1.46429,93.889
0.421308,1.47321,92.612
0.421308,1.48214,90.21
0.421308,1.49107,87.922
0.421308,1.5,88.335
0.421308,1.50893,87.449
0.421308,1.51786,85.449
0.421308,1.52679,84.449
0.421308,1.53571,83.161
0.421308,1.54464,83.286
0.421308,1.55357,84.471
0.421308,1.5625,85.667
0.421308,1.57143,86.646
0.421308,1.58036,88.924
0.421308,1.58929,91.316
0.421308,1.59821,92.697
0.421308,1.60714,92.409
0.421308,1.61607,92.556
0.421308,1.625,92.176
0.421308,1.63393,92.383
0.421308,1.64286,90.992
0.421308,1.65179,89.199
0.421308,1.66071,88.52
0.421308,1.66964,87.428
0.421308,1.67857,84.265
0.421308,1.6875,81.45
0.421308,1.69643,80.874
0.421308,1.70536,79.885
0.421308,1.71429,77.01
0.421308,1.72321,76.01
0.421308,1.73214,73.608
0.421308,1.74107,72.554
0.421308,1.75,71.913
0.421308,1.75893,71.913
0.421308,1.76786,72.386
0.421308,1.77679,71.386
0.421308,1.78571,69.158
0.421308,1.79464,71.158
0.421308,1.80357,69.745
0.421308,1.8125,70.392
0.421308,1.82143,67.278
0.421308,1.83036,66.452
0.421308,1.83929,67.583
0.421308,1.84821,64.355
0.421308,1.85714,60.529
0.421308,1.86607,58.888
0.421308,1.875,57.959
0.421308,1.88393,58.258
0.421308,1.89286,58.258
0.421308,1.90179,58.258
0.421308,1.91071,58.258
0.421308,1.91964,58.258
0.421308,1.92857,58.258
0.421308,1.9375,58.258
0.421308,1.94643,58.187
0.421308,1.95536,57.959
0.421308,1.96429,57.671
0.421308,1.97321,57.649
0.421308,1.98214,55.677
0.421308,1.99107,55.899
0.421308,2,60.165
0.411622,0,175.765
0.411622,0.00892857,163.201
0.411622,0.0178571,153.047
0.411622,0.0267857,150.251
0.411622,0.0357143,149.535
0.411622,0.0446429,150.4
0.411622,0.0535714,152.368
0.411622,0.0625,153.026
0.411622,0.0714286,154.353
0.411622,0.0803571,158.637
0.411622,0.0892857,161.078
0.411622,0.0982143,164.915
0.411622,0.107143,166.318
0.411622,0.116071,170.828
0.411622,0.125,134.937
0.411622,0.133929,54.526
0.411622,0.142857,70.323
0.411622,0.151786,166.062
0.411622,0.160714,164.954
0.411622,0.169643,164.279
0.411622,0.178571,161.952
0.411622,0.1875,158.739
0.411622,0.196429,157.543
0.411622,0.205357,154.521
0.411622,0.214286,153.037
0.411622,0.223214,151.553
0.411622,0.232143,151.002
0.411622,0.241071,149.772
0.411622,0.25,152.966
0.411622,0.258929,160.887
0.411622,0.267857,167.769
0.411622,0.276786,174.672
0.411622,0.285714,172.407
0.411622,0.294643,166.426
0.411622,0.303571,159.407
0.411622,0.3125,150.315
0.411622,0.321429,141.49
0.411622,0.330357,134.007
0.411622,0.339286,127.937
0.411622,0.348214,123.084
0.411622,0.357143,114.171
0.411622,0.366071,112.296
0.411622,0.375,104.709
0.411622,0.383929,105.845
0.411622,0.392857,102.454
0.411622,0.401786,96.465
0.411622,0.410714,98.878
0.411622,0.419643,95.889
0.411622,0.428571,93.498
0.411622,0.4375,91.911
0.411622,0.446429,91.911
0.411622,0.455357,90.911
0.411622,0.464286,91.21
0.411622,0.473214,87.21
0.411622,0.482143,87.21
0.411622,0.491071,89.623
0.411622,0.5,87.21
0.411622,0.508929,86.911
0.411622,0.517857,89.911
0.411622,0.526786,90.911
0.411622,0.535714,92.9
0.411622,0.544643,93.9
0.411622,0.553571,92.199
0.411622,0.5625,91.199
0.411622,0.571429,91.313
0.411622,0.580357,91.9
0.411622,0.589286,89.21
0.411622,0.598214,86.623
0.411622,0.607143,85.52
0.411622,0.616071,86.933
0.411622,0.625,86.52
0.411622,0.633929,87.221
0.411622,0.642857,87.335
0.411622,0.651786,86.449
0.411622,0.660714,86.449
0.411622,0.669643,85.449
0.411622,0.678571,84.449
0.411622,0.6875,85.449
0.411622,0.696429,85.449
0.411622,0.705357,86.449
0.411622,0.714286,85.161
0.411622,0.723214,86.161
0.411622,0.732143,86.161
0.411622,0.741071,88.509
0.411622,0.75,91.612
0.411622,0.758929,95.177
0.411622,0.767857,99.155
0.411622,0.776786,105.856
0.411622,0.785714,101.144
0.411622,0.794643,103.856
0.411622,0.803571,96.465
0.411622,0.8125,94.889
0.411622,0.821429,93.199
0.411622,0.830357,90.623
0.411622,0.839286,90.52
0.411622,0.848214,88.922
0.411622,0.857143,89.911
0.411622,0.866071,89.21
0.411622,0.875,91.21
0.411622,0.883929,91.911
0.411622,0.892857,90.9
0.411622,0.901786,93.188
0.411622,0.910714,94.889
0.411622,0.919643,94.878
0.411622,0.928571,97.465
0.411622,0.9375,100.867
0.411622,0.946429,106.155
0.411622,0.955357,103.204
0.411622,0.964286,109.894
0.411622,0.973214,109.769
0.411622,0.982143,118.16
0.411622,0.991071,125.426
0.411622,1,130.105
0.411622,1.00893,136.186
0.411622,1.01786,134.267
0.411622,1.02679,142.935
0.411622,1.03571,146.141
0.411622,1.04464,144.945
0.411622,1.05357,147.635
0.411622,1.0625,151.738
0.411622,1.07143,154.439
0.411622,1.08036,150.923
0.411622,1.08929,147.717
0.411622,1.09821,151.636
0.411622,1.10714,136.669
0.411622,1.11607,141.691
0.411622,1.125,136.012
0.411622,1.13393,136.311
0.411622,1.14286,130.311
0.411622,1.15179,136.012
0.411622,1.16071,133.3
0.411622,1.16964,138.588
0.411622,1.17857,137.289
0.411622,1.1875,134.289
0.411622,1.19643,137.691
0.411622,1.20536,136.99
0.411622,1.21429,138.289
0.411622,1.22321,135.289
0.411622,1.23214,133.691
0.411622,1.24107,138.68
0.411622,1.25,141.267
0.411622,1.25893,138.267
0.411622,1.26786,142.669
0.411622,1.27679,139.957
0.411622,1.28571,138.245
0.411622,1.29464,140.658
0.411622,1.30357,139.669
0.411622,1.3125,139.979
0.411622,1.32143,135.691
0.411622,1.33036,131.773
0.411622,1.33929,130.083
0.411622,1.34821,129.105
0.411622,1.35714,128.127
0.411622,1.36607,124.551
0.411622,1.375,119.16
0.411622,1.38393,115.171
0.411622,1.39286,112.883
0.411622,1.40179,110.595
0.411622,1.41071,108.595
0.411622,1.41964,109.193
0.411622,1.42857,106.193
0.411622,1.4375,104.144
0.411622,1.44643,97.454
0.411622,1.45536,97.166
0.411622,1.46429,95.188
0.411622,1.47321,91.199
0.411622,1.48214,89.21
0.411622,1.49107,87.922
0.411622,1.5,87.335
0.411622,1.50893,85.449
0.411622,1.51786,85.449
0.411622,1.52679,84.449
0.411622,1.53571,83.389
0.411622,1.54464,82.802
0.411622,1.55357,83.813
0.411622,1.5625,85.781
0.411622,1.57143,86.472
0.411622,1.58036,88.451
0.411622,1.58929,91.327
0.411622,1.59821,92.409
0.411622,1.60714,93.42
0.411622,1.61607,93.926
0.411622,1.625,93.959
0.411622,1.63393,93.742
0.411622,1.64286,92.351
0.411622,1.65179,90.846
0.411622,1.66071,90.455
0.411622,1.66964,87.004
0.411622,1.67857,85.738
0.411622,1.6875,84.575
0.411622,1.69643,81.586
0.411622,1.70536,78.597
0.411622,1.71429,79.309
0.411622,1.72321,77.733
0.411622,1.73214,75.434
0.411622,1.74107,73.864
0.411622,1.75,70.337
0.411622,1.75893,71.924
0.411622,1.76786,72.696
0.411622,1.77679,73.696
0.411622,1.78571,71.169
0.411622,1.79464,69.169
0.411622,1.80357,71.283
0.411622,1.8125,70.799
0.411622,1.82143,69.685
0.411622,1.83036,66.343
0.411622,1.83929,68.702
0.411622,1.84821,61.648
0.411622,1.85714,57.779
0.411622,1.86607,57.551
0.411622,1.875,58.437
0.411622,1.88393,58.85
0.411622,1.89286,56.736
0.411622,1.90179,57.437
0.411622,1.91071,56.736
0.411622,1.91964,57.437
0.411622,1.92857,57.437
0.411622,1.9375,57.437
0.411622,1.94643,57.437
0.411622,1.95536,57.34
0.411622,1.96429,57.394
0.411622,1.97321,57.372
0.411622,1.98214,57.286
0.411622,1.99107,57.981
0.411622,2,56.421
0.401937,0,159.758
0.401937,0.00892857,148.538
0.401937,0.0178571,149.753
0.401937,0.0267857,151.445
0.401937,0.0357143,153.538
0.401937,0.0446429,158.816
0.401937,0.0535714,161.414
0.401937,0.0625,164.724
0.401937,0.0714286,165.567
0.401937,0.0803571,168.791
0.401937,0.0892857,170.933
0.401937,0.0982143,172.819
0.401937,0.107143,175.51
0.401937,0.116071,175.564
0.401937,0.125,161.13
0.401937,0.133929,60.369
0.401937,0.142857,102.471
0.401937,0.151786,181.157
0.401937,0.160714,175.168
0.401937,0.169643,171.619
0.401937,0.178571,169.292
0.401937,0.1875,167.307
0.401937,0.196429,165.453
0.401937,0.205357,163.414
0.401937,0.214286,161.158
0.401937,0.223214,158.016
0.401937,0.232143,154.706
0.401937,0.241071,151.923
0.401937,0.25,149.667
0.401937,0.258929,148.742
0.401937,0.267857,149.327
0.401937,0.276786,155.28
0.401937,0.285714,164.444
0.401937,0.294643,174.109
0.401937,0.303571,174.141
0.401937,0.3125,169.28
0.401937,0.321429,159.843
0.401937,0.330357,151.407
0.401937,0.339286,142.271
0.401937,0.348214,128.593
0.401937,0.357143,124.779
0.401937,0.366071,116.573
0.401937,0.375,107.491
0.401937,0.383929,111.41
0.401937,0.392857,106.546
0.401937,0.401786,100.856
0.401937,0.410714,101.568
0.401937,0.419643,95.465
0.401937,0.428571,94.302
0.401937,0.4375,93.199
0.401937,0.446429,91.313
0.401937,0.455357,91.313
0.401937,0.464286,91.612
0.401937,0.473214,89.911
0.401937,0.482143,89.21
0.401937,0.491071,90.21
0.401937,0.5,88.21
0.401937,0.508929,90.21
0.401937,0.517857,89.911
0.401937,0.526786,90.911
0.401937,0.535714,89.9
0.401937,0.544643,93.188
0.401937,0.553571,92.889
0.401937,0.5625,93.188
0.401937,0.571429,94.601
0.401937,0.580357,93.487
0.401937,0.589286,89.612
0.401937,0.598214,87.21
0.401937,0.607143,86.221
0.401937,0.616071,85.933
0.401937,0.625,85.933
0.401937,0.633929,86.634
0.401937,0.642857,86.335
0.401937,0.651786,86.449
0.401937,0.660714,86.449
0.401937,0.669643,86.449
0.401937,0.678571,86.449
0.401937,0.6875,86.449
0.401937,0.696429,86.449
0.401937,0.705357,86.449
0.401937,0.714286,86.161
0.401937,0.723214,86.161
0.401937,0.732143,86.161
0.401937,0.741071,88.52
0.401937,0.75,89.911
0.401937,0.758929,93.188
0.401937,0.767857,94.878
0.401937,0.776786,102.166
0.401937,0.785714,101.856
0.401937,0.794643,103.856
0.401937,0.803571,102.155
0.401937,0.8125,95.579
0.401937,0.821429,93.188
0.401937,0.830357,90.612
0.401937,0.839286,90.509
0.401937,0.848214,89.509
0.401937,0.857143,89.911
0.401937,0.866071,90.21
0.401937,0.875,91.21
0.401937,0.883929,91.21
0.401937,0.892857,91.911
0.401937,0.901786,94.9
0.401937,0.910714,95.188
0.401937,0.919643,96.889
0.401937,0.928571,94.889
0.401937,0.9375,99.579
0.401937,0.946429,99.867
0.401937,0.955357,100.215
0.401937,0.964286,107.492
0.401937,0.973214,110.595
0.401937,0.982143,118.171
0.401937,0.991071,121.622
0.401937,1,121.828
0.401937,1.00893,134.795
0.401937,1.01786,135.99
0.401937,1.02679,140.071
0.401937,1.03571,143.864
0.401937,1.04464,149.13
0.401937,1.05357,149.532
0.401937,1.0625,150.048
0.401937,1.07143,149.037
0.401937,1.08036,151.809
0.401937,1.08929,149.418
0.401937,1.09821,148.337
0.401937,1.10714,137.669
0.401937,1.11607,138.691
0.401937,1.125,133.012
0.401937,1.13393,134.322
0.401937,1.14286,129.322
0.401937,1.15179,134.023
0.401937,1.16071,131.311
0.401937,1.16964,134.713
0.401937,1.17857,138.414
0.401937,1.1875,132.588
0.401937,1.19643,138.289
0.401937,1.20536,136.289
0.401937,1.21429,136.702
0.401937,1.22321,140.289
0.401937,1.23214,134.99
0.401937,1.24107,138.691
0.401937,1.25,140.68
0.401937,1.25893,138.566
0.401937,1.26786,139.968
0.401937,1.27679,142.37
0.401937,1.28571,140.245
0.401937,1.29464,144.544
0.401937,1.30357,140.669
0.401937,1.3125,138.566
0.401937,1.32143,134.392
0.401937,1.33036,136.773
0.401937,1.33929,136.083
0.401937,1.34821,131.105
0.401937,1.35714,128.241
0.401937,1.36607,119.263
0.401937,1.375,117.16
0.401937,1.38393,114.47
0.401937,1.39286,111.883
0.401937,1.40179,110.595
0.401937,1.41071,106.595
0.401937,1.41964,110.193
0.401937,1.42857,105.193
0.401937,1.4375,107.443
0.401937,1.44643,98.155
0.401937,1.45536,98.579
0.401937,1.46429,96.889
0.401937,1.47321,94.612
0.401937,1.48214,91.21
0.401937,1.49107,88.808
0.401937,1.5,86.335
0.401937,1.50893,85.449
0.401937,1.51786,85.449
0.401937,1.52679,85.449
0.401937,1.53571,83.378
0.401937,1.54464,83.894
0.401937,1.55357,84.617
0.401937,1.5625,85.4
0.401937,1.57143,86.319
0.401937,1.58036,89.369
0.401937,1.58929,90.761
0.401937,1.59821,91.327
0.401937,1.60714,93.377
0.401937,1.61607,93.698
0.401937,1.625,93.503
0.401937,1.63393,93.514
0.401937,1.64286,92.699
0.401937,1.65179,91.009
0.401937,1.66071,90.504
0.401937,1.66964,86.754
0.401937,1.67857,87.232
0.401937,1.6875,81.955
0.401937,1.69643,79.678
0.401937,1.70536,80.988
0.401937,1.71429,79.586
0.401937,1.72321,77.586
0.401937,1.73214,78.586
0.401937,1.74107,76.358
0.401937,1.75,73.13
0.401937,1.75893,74.489
0.401937,1.76786,71.777
0.401937,1.77679,70.375
0.401937,1.78571,70.848
0.401937,1.79464,70.734
0.401937,1.80357,73.147
0.401937,1.8125,73.147
0.401937,1.82143,70.62
0.401937,1.83036,71.278
0.401937,1.83929,61.523
0.401937,1.84821,66.654
0.401937,1.85714,63.127
0.401937,1.86607,58.6
0.401937,1.875,57.372
0.401937,1.88393,57.144
0.401937,1.89286,57.144
0.401937,1.90179,57.144
0.401937,1.91071,56.144
0.401937,1.91964,57.144
0.401937,1.92857,57.144
0.401937,1.9375,57.144
0.401937,1.94643,56.888
0.401937,1.95536,56.785
0.401937,1.96429,57.209
0.401937,1.97321,57.176
0.401937,1.98214,56.916
0.401937,1.99107,58.024
0.401937,2,56.926
0.392252,0,249.36
0.392252,0.00892857,206.065
0.392252,0.0178571,158.221
0.392252,0.0267857,161.756
0.392252,0.0357143,163.735
0.392252,0.0446429,168.062
0.392252,0.0535714,170.03
0.392252,0.0625,169.432
0.392252,0.0714286,170.916
0.392252,0.0803571,172.243
0.392252,0.0892857,172.912
0.392252,0.0982143,175.716
0.392252,0.107143,177.065
0.392252,0.116071,177.777
0.392252,0.125,170.985
0.392252,0.133929,56.891
0.392252,0.142857,97.64
0.392252,0.151786,175.131
0.392252,0.160714,176.994
0.392252,0.169643,173.901
0.392252,0.178571,172.118
0.392252,0.1875,170.335
0.392252,0.196429,169.025
0.392252,0.205357,167.128
0.392252,0.214286,165.801
0.392252,0.223214,165.3
0.392252,0.232143,163.354
0.392252,0.241071,161.941
0.392252,0.25,158.859
0.392252,0.258929,155.766
0.392252,0.267857,152.613
0.392252,0.276786,149.041
0.392252,0.285714,149.594
0.392252,0.294643,152.272
0.392252,0.303571,159.201
0.392252,0.3125,172.637
0.392252,0.321429,174.768
0.392252,0.330357,166.497
0.392252,0.339286,155.429
0.392252,0.348214,145.929
0.392252,0.357143,133.528
0.392252,0.366071,126.333
0.392252,0.375,123.355
0.392252,0.383929,112.676
0.392252,0.392857,110.122
0.392252,0.401786,108.133
0.392252,0.410714,105.144
0.392252,0.419643,100.155
0.392252,0.428571,96.878
0.392252,0.4375,94.188
0.392252,0.446429,91.601
0.392252,0.455357,92.9
0.392252,0.464286,91.313
0.392252,0.473214,90.911
0.392252,0.482143,91.21
0.392252,0.491071,91.21
0.392252,0.5,91.21
0.392252,0.508929,92.21
0.392252,0.517857,91.21
0.392252,0.526786,92.911
0.392252,0.535714,90.9
0.392252,0.544643,96.889
0.392252,0.553571,97.878
0.392252,0.5625,98.465
0.392252,0.571429,99.878
0.392252,0.580357,92.188
0.392252,0.589286,91.199
0.392252,0.598214,86.911
0.392252,0.607143,86.509
0.392252,0.616071,87.52
0.392252,0.625,84.933
0.392252,0.633929,84.221
0.392252,0.642857,85.449
0.392252,0.651786,86.449
0.392252,0.660714,85.449
0.392252,0.669643,85.449
0.392252,0.678571,84.449
0.392252,0.6875,85.449
0.392252,0.696429,85.449
0.392252,0.705357,85.449
0.392252,0.714286,85.862
0.392252,0.723214,85.862
0.392252,0.732143,86.161
0.392252,0.741071,87.232
0.392252,0.75,87.634
0.392252,0.758929,91.911
0.392252,0.767857,94.889
0.392252,0.776786,100.878
0.392252,0.785714,101.568
0.392252,0.794643,103.856
0.392252,0.803571,103.155
0.392252,0.8125,98.155
0.392252,0.821429,95.291
0.392252,0.830357,92.9
0.392252,0.839286,90.509
0.392252,0.848214,89.509
0.392252,0.857143,90.21
0.392252,0.866071,90.21
0.392252,0.875,91.21
0.392252,0.883929,91.21
0.392252,0.892857,91.911
0.392252,0.901786,94.9
0.392252,0.910714,93.188
0.392252,0.919643,93.188
0.392252,0.928571,94.188
0.392252,0.9375,95.889
0.392252,0.946429,97.579
0.392252,0.955357,102.215
0.392252,0.964286,103.617
0.392252,0.973214,109.894
0.392252,0.982143,115.584
0.392252,0.991071,116.932
0.392252,1,120.91
0.392252,1.00893,128.507
0.392252,1.01786,133.186
0.392252,1.02679,140.968
0.392252,1.03571,143.636
0.392252,1.04464,148.543
0.392252,1.05357,148.244
0.392252,1.0625,151.059
0.392252,1.07143,152.749
0.392252,1.08036,148.809
0.392252,1.08929,146.521
0.392252,1.09821,143.913
0.392252,1.10714,140.669
0.392252,1.11607,135.691
0.392252,1.125,133.012
0.392252,1.13393,132.724
0.392252,1.14286,130.322
0.392252,1.15179,133.034
0.392252,1.16071,133.436
0.392252,1.16964,134.023
0.392252,1.17857,130.425
0.392252,1.1875,132.3
0.392252,1.19643,135.001
0.392252,1.20536,136.001
0.392252,1.21429,136.713
0.392252,1.22321,135.012
0.392252,1.23214,135.702
0.392252,1.24107,132.289
0.392252,1.25,139.691
0.392252,1.25893,138.979
0.392252,1.26786,141.669
0.392252,1.27679,140.256
0.392252,1.28571,145.245
0.392252,1.29464,140.658
0.392252,1.30357,142.669
0.392252,1.3125,136.68
0.392252,1.32143,134.691
0.392252,1.33036,134.485
0.392252,1.33929,137.094
0.392252,1.34821,129.518
0.392252,1.35714,121.839
0.392252,1.36607,119.263
0.392252,1.375,116.459
0.392252,1.38393,110.883
0.392252,1.39286,107.883
0.392252,1.40179,107.595
0.392252,1.41071,107.595
0.392252,1.41964,107.193
0.392252,1.42857,110.193
0.392252,1.4375,109.144
0.392252,1.44643,99.568
0.392252,1.45536,100.465
0.392252,1.46429,97.889
0.392252,1.47321,95.199
0.392252,1.48214,91.911
0.392252,1.49107,88.808
0.392252,1.5,87.335
0.392252,1.50893,85.449
0.392252,1.51786,84.449
0.392252,1.52679,84.449
0.392252,1.53571,83.335
0.392252,1.54464,83.52
0.392252,1.55357,84.232
0.392252,1.5625,85.314
0.392252,1.57143,85.521
0.392252,1.58036,88.027
0.392252,1.58929,91.305
0.392252,1.59821,92.099
0.392252,1.60714,93.349
0.392252,1.61607,93.257
0.392252,1.625,93.877
0.392252,1.63393,93.671
0.392252,1.64286,92.97
0.392252,1.65179,91.579
0.392252,1.66071,92.188
0.392252,1.66964,87.623
0.392252,1.67857,87.873
0.392252,1.6875,84.308
0.392252,1.69643,82.504
0.392252,1.70536,80.227
0.392252,1.71429,79.537
0.392252,1.72321,77.352
0.392252,1.73214,75.352
0.392252,1.74107,73.711
0.392252,1.75,73.711
0.392252,1.75893,72.483
0.392252,1.76786,69.483
0.392252,1.77679,72.842
0.392252,1.78571,71.842
0.392252,1.79464,69.728
0.392252,1.80357,69.728
0.392252,1.8125,66.386
0.392252,1.82143,71.859
0.392252,1.83036,69.99
0.392252,1.83929,65.876
0.392252,1.84821,62.007
0.392252,1.85714,61.48
0.392252,1.86607,67.241
0.392252,1.875,60.013
0.392252,1.88393,57.258
0.392252,1.89286,57.258
0.392252,1.90179,57.258
0.392252,1.91071,57.258
0.392252,1.91964,57.258
0.392252,1.92857,57.258
0.392252,1.9375,57.258
0.392252,1.94643,56.845
0.392252,1.95536,57.688
0.392252,1.96429,57.34
0.392252,1.97321,56.959
0.392252,1.98214,57.4
0.392252,1.99107,58.095
0.392252,2,56.78
0.382567,0,223.75
0.382567,0.00892857,198.597
0.382567,0.0178571,169.524
0.382567,0.0267857,169.78
0.382567,0.0357143,169.378
0.382567,0.0446429,169.406
0.382567,0.0535714,170.694
0.382567,0.0625,169.623
0.382567,0.0714286,169.666
0.382567,0.0803571,169.563
0.382567,0.0892857,169.873
0.382567,0.0982143,169.748
0.382567,0.107143,171.097
0.382567,0.116071,176.538
0.382567,0.125,175.268
0.382567,0.133929,60.146
0.382567,0.142857,110.781
0.382567,0.151786,175.522
0.382567,0.160714,170.183
0.382567,0.169643,169.503
0.382567,0.178571,168.133
0.382567,0.1875,166.774
0.382567,0.196429,166.247
0.382567,0.205357,166.307
0.382567,0.214286,166.122
0.382567,0.223214,165.763
0.382567,0.232143,166.724
0.382567,0.241071,166.838
0.382567,0.25,165.137
0.382567,0.258929,162.371
0.382567,0.267857,162.121
0.382567,0.276786,157.783
0.382567,0.285714,153.901
0.382567,0.294643,150.688
0.382567,0.303571,149.389
0.382567,0.3125,152.261
0.382567,0.321429,159.109
0.382567,0.330357,171.266
0.382567,0.339286,171.119
0.382567,0.348214,160.708
0.382567,0.357143,152.962
0.382567,0.366071,142.174
0.382567,0.375,133.735
0.382567,0.383929,116.366
0.382567,0.392857,114.698
0.382567,0.401786,111.122
0.382567,0.410714,105.133
0.382567,0.419643,103.443
0.382567,0.428571,97.867
0.382567,0.4375,96.476
0.382567,0.446429,93.188
0.382567,0.455357,95.601
0.382567,0.464286,91.9
0.382567,0.473214,90.911
0.382567,0.482143,89.911
0.382567,0.491071,90.21
0.382567,0.5,91.21
0.382567,0.508929,88.221
0.382567,0.517857,92.21
0.382567,0.526786,92.911
0.382567,0.535714,93.601
0.382567,0.544643,95.889
0.382567,0.553571,99.465
0.382567,0.5625,99.568
0.382567,0.571429,97.867
0.382567,0.580357,100.188
0.382567,0.589286,95.9
0.382567,0.598214,89.21
0.382567,0.607143,89.922
0.382567,0.616071,89.634
0.382567,0.625,87.933
0.382567,0.633929,87.52
0.382567,0.642857,87.335
0.382567,0.651786,87.449
0.382567,0.660714,86.449
0.382567,0.669643,85.449
0.382567,0.678571,85.449
0.382567,0.6875,85.449
0.382567,0.696429,85.449
0.382567,0.705357,85.449
0.382567,0.714286,84.851
0.382567,0.723214,86.449
0.382567,0.732143,85.161
0.382567,0.741071,85.232
0.382567,0.75,86.346
0.382567,0.758929,88.623
0.382567,0.767857,89.498
0.382567,0.776786,96.487
0.382567,0.785714,99.155
0.382567,0.794643,101.856
0.382567,0.803571,104.856
0.382567,0.8125,98.856
0.382567,0.821429,95.166
0.382567,0.830357,95.889
0.382567,0.839286,92.21
0.382567,0.848214,92.21
0.382567,0.857143,91.21
0.382567,0.866071,89.922
0.382567,0.875,89.221
0.382567,0.883929,91.21
0.382567,0.892857,88.911
0.382567,0.901786,92.199
0.382567,0.910714,92.188
0.382567,0.919643,91.9
0.382567,0.928571,90.9
0.382567,0.9375,94.188
0.382567,0.946429,95.476
0.382567,0.955357,100.226
0.382567,0.964286,101.617
0.382567,0.973214,106.595
0.382567,0.982143,110.296
0.382567,0.991071,114.943
0.382567,1,119.519
0.382567,1.00893,130.529
0.382567,1.01786,137.784
0.382567,1.02679,140.979
0.382567,1.03571,141.06
0.382567,1.04464,147.554
0.382567,1.05357,145.956
0.382567,1.0625,149.358
0.382567,1.07143,151.048
0.382567,1.08036,150.923
0.382567,1.08929,149.82
0.382567,1.09821,151.913
0.382567,1.10714,142.957
0.382567,1.11607,133.691
0.382567,1.125,138.012
0.382567,1.13393,132.724
0.382567,1.14286,131.322
0.382567,1.15179,131.034
0.382567,1.16071,133.034
0.382567,1.16964,133.735
0.382567,1.17857,135.724
0.382567,1.1875,131.012
0.382567,1.19643,134.001
0.382567,1.20536,137.012
0.382567,1.21429,136.012
0.382567,1.22321,136.012
0.382567,1.23214,132.012
0.382567,1.24107,133.414
0.382567,1.25,136.289
0.382567,1.25893,136.577
0.382567,1.26786,138.256
0.382567,1.27679,138.957
0.382567,1.28571,140.946
0.382567,1.29464,142.946
0.382567,1.30357,139.256
0.382567,1.3125,135.979
0.382567,1.32143,136.691
0.382567,1.33036,127.784
0.382567,1.33929,131.393
0.382567,1.34821,130.817
0.382567,1.35714,129.138
0.382567,1.36607,122.861
0.382567,1.375,116.171
0.382567,1.38393,111.883
0.382567,1.39286,112.883
0.382567,1.40179,114.595
0.382567,1.41071,109.595
0.382567,1.41964,104.193
0.382567,1.42857,106.193
0.382567,1.4375,107.144
0.382567,1.44643,101.454
0.382567,1.45536,104.166
0.382567,1.46429,96.889
0.382567,1.47321,92.612
0.382567,1.48214,89.911
0.382567,1.49107,89.922
0.382567,1.5,89.335
0.382567,1.50893,85.449
0.382567,1.51786,84.449
0.382567,1.52679,84.449
0.382567,1.53571,84.221
0.382567,1.54464,83.634
0.382567,1.55357,84.346
0.382567,1.5625,85.656
0.382567,1.57143,86.749
0.382567,1.58036,89.13
0.382567,1.58929,90.337
0.382567,1.59821,90.718
0.382567,1.60714,92.985
0.382567,1.61607,93.018
0.382567,1.625,93.524
0.382567,1.63393,93.557
0.382567,1.64286,92.938
0.382567,1.65179,90.672
0.382567,1.66071,90.053
0.382567,1.66964,86.776
0.382567,1.67857,88.086
0.382567,1.6875,79.336
0.382567,1.69643,81.945
0.382567,1.70536,78.255
0.382567,1.71429,77.679
0.382567,1.72321,73.266
0.382567,1.73214,73.853
0.382567,1.74107,74.853
0.382567,1.75,73.625
0.382567,1.75893,72.098
0.382567,1.76786,72.098
0.382567,1.77679,73.984
0.382567,1.78571,71.457
0.382567,1.79464,70.756
0.382567,1.80357,68.756
0.382567,1.8125,71.272
0.382567,1.82143,69.446
0.382567,1.83036,68.218
0.382567,1.83929,67.99
0.382567,1.84821,59.751
0.382567,1.85714,61.409
0.382567,1.86607,62.768
0.382567,1.875,61.127
0.382567,1.88393,57.372
0.382567,1.89286,56.959
0.382567,1.90179,56.372
0.382567,1.91071,57.372
0.382567,1.91964,57.372
0.382567,1.92857,57.372
0.382567,1.9375,57.372
0.382567,1.94643,57.361
0.382567,1.95536,57.443
0.382567,1.96429,57.497
0.382567,1.97321,57.785
0.382567,1.98214,57.155
0.382567,1.99107,58.562
0.382567,2,57.176
0.372881,0,176.243
0.372881,0.00892857,169.922
0.372881,0.0178571,170.042
0.372881,0.0267857,166.965
0.372881,0.0357143,166.834
0.372881,0.0446429,166.051
0.372881,0.0535714,164.154
0.372881,0.0625,162.73
0.372881,0.0714286,162.958
0.372881,0.0803571,162.599
0.372881,0.0892857,163.838
0.372881,0.0982143,164.197
0.372881,0.107143,165.17
0.372881,0.116071,166.35
0.372881,0.125,169.544
0.372881,0.133929,58.075
0.372881,0.142857,122.809
0.372881,0.151786,168.862
0.372881,0.160714,163.61
0.372881,0.169643,162.485
0.372881,0.178571,161.876
0.372881,0.1875,160.033
0.372881,0.196429,158.788
0.372881,0.205357,160.315
0.372881,0.214286,160.087
0.372881,0.223214,160.56
0.372881,0.232143,163.93
0.372881,0.241071,165.186
0.372881,0.25,165.214
0.372881,0.258929,166.356
0.372881,0.267857,167.47
0.372881,0.276786,166.257
0.372881,0.285714,160.685
0.372881,0.294643,157.771
0.372881,0.303571,154.923
0.372881,0.3125,151.086
0.372881,0.321429,150.286
0.372881,0.330357,151.755
0.372881,0.339286,162.646
0.372881,0.348214,172.199
0.372881,0.357143,170.786
0.372881,0.366071,155.734
0.372881,0.375,152.418
0.372881,0.383929,136.121
0.372881,0.392857,121.785
0.372881,0.401786,117.035
0.372881,0.410714,109.122
0.372881,0.419643,105.802
0.372881,0.428571,109.873
0.372881,0.4375,103.536
0.372881,0.446429,94.59
0.372881,0.455357,99.579
0.372881,0.464286,94.59
0.372881,0.473214,92.601
0.372881,0.482143,93.612
0.372881,0.491071,92.911
0.372881,0.5,90.612
0.372881,0.508929,90.982
0.372881,0.517857,91.982
0.372881,0.526786,94.9
0.372881,0.535714,100.519
0.372881,0.544643,103.671
0.372881,0.553571,109.731
0.372881,0.5625,104.856
0.372881,0.571429,106.215
0.372881,0.580357,101.454
0.372881,0.589286,95.487
0.372881,0.598214,92.21
0.372881,0.607143,91.933
0.372881,0.616071,88.933
0.372881,0.625,86.232
0.372881,0.633929,85.645
0.372881,0.642857,86.748
0.372881,0.651786,86.449
0.372881,0.660714,86.449
0.372881,0.669643,86.449
0.372881,0.678571,86.449
0.372881,0.6875,86.449
0.372881,0.696429,86.449
0.372881,0.705357,86.449
0.372881,0.714286,85.449
0.372881,0.723214,85.449
0.372881,0.732143,85.449
0.372881,0.741071,84.449
0.372881,0.75,85.748
0.372881,0.758929,90.449
0.372881,0.767857,88.851
0.372881,0.776786,89.552
0.372881,0.785714,96.177
0.372881,0.794643,105.155
0.372881,0.803571,106.144
0.372881,0.8125,105.144
0.372881,0.821429,100.155
0.372881,0.830357,94.878
0.372881,0.839286,92.9
0.372881,0.848214,91.21
0.372881,0.857143,90.221
0.372881,0.866071,90.509
0.372881,0.875,90.21
0.372881,0.883929,90.21
0.372881,0.892857,90.21
0.372881,0.901786,89.21
0.372881,0.910714,91.21
0.372881,0.919643,92.612
0.372881,0.928571,89.9
0.372881,0.9375,94.9
0.372881,0.946429,94.889
0.372881,0.955357,97.465
0.372881,0.964286,102.856
0.372881,0.973214,104.546
0.372881,0.982143,107.834
0.372881,0.991071,111.171
0.372881,1,124.089
0.372881,1.00893,121.366
0.372881,1.01786,137.621
0.372881,1.02679,137.99
0.372881,1.03571,144.256
0.372881,1.04464,142.234
0.372881,1.05357,142.038
0.372881,1.0625,143.842
0.372881,1.07143,150.13
0.372881,1.08036,149.82
0.372881,1.08929,149.418
0.372881,1.09821,145.152
0.372881,1.10714,145.886
0.372881,1.11607,139.207
0.372881,1.125,134.3
0.372881,1.13393,134.083
0.372881,1.14286,135.094
0.372881,1.15179,129.105
0.372881,1.16071,125.817
0.372881,1.16964,133.806
0.372881,1.17857,128.496
0.372881,1.1875,134.083
0.372881,1.19643,138.061
0.372881,1.20536,138.371
0.372881,1.21429,134.083
0.372881,1.22321,133.094
0.372881,1.23214,132.094
0.372881,1.24107,136.382
0.372881,1.25,132.784
0.372881,1.25893,135.588
0.372881,1.26786,137.979
0.372881,1.27679,142.566
0.372881,1.28571,143.968
0.372881,1.29464,139.968
0.372881,1.30357,136.68
0.372881,1.3125,137.979
0.372881,1.32143,131.691
0.372881,1.33036,135.773
0.372881,1.33929,128.083
0.372881,1.34821,123.518
0.372881,1.35714,128.252
0.372881,1.36607,121.16
0.372881,1.375,120.171
0.372881,1.38393,112.171
0.372881,1.39286,114.883
0.372881,1.40179,112.421
0.372881,1.41071,107.823
0.372881,1.41964,107.834
0.372881,1.42857,107.834
0.372881,1.4375,105.845
0.372881,1.44643,105.155
0.372881,1.45536,99.155
0.372881,1.46429,95.291
0.372881,1.47321,93.188
0.372881,1.48214,92.199
0.372881,1.49107,89.911
0.372881,1.5,87.036
0.372881,1.50893,86.161
0.372881,1.51786,85.161
0.372881,1.52679,84.161
0.372881,1.53571,83.634
0.372881,1.54464,84.161
0.372881,1.55357,84.873
0.372881,1.5625,85.069
0.372881,1.57143,87.265
0.372881,1.58036,87.657
0.372881,1.58929,88.739
0.372881,1.59821,91.234
0.372881,1.60714,93.099
0.372881,1.61607,93.42
0.372881,1.625,93.339
0.372881,1.63393,93.731
0.372881,1.64286,92.465
0.372881,1.65179,90.786
0.372881,1.66071,89.569
0.372881,1.66964,88.292
0.372881,1.67857,89.314
0.372881,1.6875,84.45
0.372881,1.69643,82.874
0.372881,1.70536,79.711
0.372881,1.71429,80.722
0.372881,1.72321,74.608
0.372881,1.73214,77.668
0.372881,1.74107,76.255
0.372881,1.75,77.027
0.372881,1.75893,74.272
0.372881,1.76786,67.93
0.372881,1.77679,67.816
0.372881,1.78571,66.816
0.372881,1.79464,73.044
0.372881,1.80357,68.272
0.372881,1.8125,71.799
0.372881,1.82143,73.685
0.372881,1.83036,68.218
0.372881,1.83929,71.876
0.372881,1.84821,69.409
0.372881,1.85714,62.654
0.372881,1.86607,59.828
0.372881,1.875,58.073
0.372881,1.88393,58.671
0.372881,1.89286,58.671
0.372881,1.90179,58.671
0.372881,1.91071,57.671
0.372881,1.91964,57.671
0.372881,1.92857,57.671
0.372881,1.9375,57.671
0.372881,1.94643,57.557
0.372881,1.95536,57.372
0.372881,1.96429,57.497
0.372881,1.97321,57.514
0.372881,1.98214,57.432
0.372881,1.99107,58.138
0.372881,2,56.905
0.363196,0,176.389
0.363196,0.00892857,167.442
0.363196,0.0178571,163.724
0.363196,0.0267857,160.702
0.363196,0.0357143,158.506
0.363196,0.0446429,155.88
0.363196,0.0535714,153.695
0.363196,0.0625,153.396
0.363196,0.0714286,152.684
0.363196,0.0803571,152.439
0.363196,0.0892857,153.14
0.363196,0.0982143,154.054
0.363196,0.107143,156.457
0.363196,0.116071,160.68
0.363196,0.125,165.38
0.363196,0.133929,65.048
0.363196,0.142857,129.651
0.363196,0.151786,160.502
0.363196,0.160714,157.549
0.363196,0.169643,154.418
0.363196,0.178571,152.695
0.363196,0.1875,151.385
0.363196,0.196429,151.026
0.363196,0.205357,152.336
0.363196,0.214286,151.211
0.363196,0.223214,152.157
0.363196,0.232143,153.336
0.363196,0.241071,154.287
0.363196,0.25,156.358
0.363196,0.258929,159.799
0.363196,0.267857,161.343
0.363196,0.276786,162.887
0.363196,0.285714,164.018
0.363196,0.294643,161.964
0.363196,0.303571,160.996
0.363196,0.3125,157.364
0.363196,0.321429,153.966
0.363196,0.330357,150.824
0.363196,0.339286,149.768
0.363196,0.348214,155.437
0.363196,0.357143,172.62
0.363196,0.366071,174.603
0.363196,0.375,159.229
0.363196,0.383929,152.354
0.363196,0.392857,135.463
0.363196,0.401786,118.768
0.363196,0.410714,114.627
0.363196,0.419643,108.35
0.363196,0.428571,108.084
0.363196,0.4375,102.693
0.363196,0.446429,99.166
0.363196,0.455357,100.155
0.363196,0.464286,96.166
0.363196,0.473214,91.59
0.363196,0.482143,95.889
0.363196,0.491071,92.9
0.363196,0.5,92.188
0.363196,0.508929,90.672
0.363196,0.517857,94.188
0.363196,0.526786,96.889
0.363196,0.535714,99.796
0.363196,0.544643,103.073
0.363196,0.553571,108.535
0.363196,0.5625,108.905
0.363196,0.571429,106.905
0.363196,0.580357,104.144
0.363196,0.589286,99.177
0.363196,0.598214,94.601
0.363196,0.607143,90.324
0.363196,0.616071,90.922
0.363196,0.625,90.922
0.363196,0.633929,87.52
0.363196,0.642857,86.748
0.363196,0.651786,86.449
0.363196,0.660714,86.449
0.363196,0.669643,85.449
0.363196,0.678571,85.449
0.363196,0.6875,85.449
0.363196,0.696429,85.449
0.363196,0.705357,85.449
0.363196,0.714286,84.449
0.363196,0.723214,85.449
0.363196,0.732143,86.449
0.363196,0.741071,87.449
0.363196,0.75,87.449
0.363196,0.758929,86.449
0.363196,0.767857,87.449
0.363196,0.776786,92.851
0.363196,0.785714,96.476
0.363196,0.794643,99.155
0.363196,0.803571,102.144
0.363196,0.8125,103.432
0.363196,0.821429,101.144
0.363196,0.830357,98.465
0.363196,0.839286,94.601
0.363196,0.848214,92.21
0.363196,0.857143,90.21
0.363196,0.866071,90.21
0.363196,0.875,90.21
0.363196,0.883929,88.21
0.363196,0.892857,89.21
0.363196,0.901786,90.21
0.363196,0.910714,92.21
0.363196,0.919643,89.911
0.363196,0.928571,91.9
0.363196,0.9375,95.9
0.363196,0.946429,94.188
0.363196,0.955357,99.878
0.363196,0.964286,105.454
0.363196,0.973214,105.144
0.363196,0.982143,108.834
0.363196,0.991071,115.41
0.363196,1,117.801
0.363196,1.00893,125.48
0.363196,1.01786,123.746
0.363196,1.02679,133.702
0.363196,1.03571,139.381
0.363196,1.04464,140.647
0.363196,1.05357,146.337
0.363196,1.0625,149.141
0.363196,1.07143,148.13
0.363196,1.08036,148.418
0.363196,1.08929,149.831
0.363196,1.09821,142.853
0.363196,1.10714,139.875
0.363196,1.11607,135.908
0.363196,1.125,134.001
0.363196,1.13393,133.681
0.363196,1.14286,128.105
0.363196,1.15179,126.116
0.363196,1.16071,128.828
0.363196,1.16964,132.404
0.363196,1.17857,133.382
0.363196,1.1875,132.784
0.363196,1.19643,134.061
0.363196,1.20536,130.072
0.363196,1.21429,133.083
0.363196,1.22321,128.094
0.363196,1.23214,131.507
0.363196,1.24107,130.681
0.363196,1.25,131.784
0.363196,1.25893,138.474
0.363196,1.26786,135.691
0.363196,1.27679,137.278
0.363196,1.28571,139.979
0.363196,1.29464,136.979
0.363196,1.30357,136.979
0.363196,1.3125,136.691
0.363196,1.32143,138.691
0.363196,1.33036,133.773
0.363196,1.33929,134.681
0.363196,1.34821,127.518
0.363196,1.35714,128.252
0.363196,1.36607,120.861
0.363196,1.375,112.171
0.363196,1.38393,112.883
0.363196,1.39286,112.883
0.363196,1.40179,110.535
0.363196,1.41071,105.823
0.363196,1.41964,107.834
0.363196,1.42857,109.834
0.363196,1.4375,106.546
0.363196,1.44643,102.856
0.363196,1.45536,101.568
0.363196,1.46429,100.878
0.363196,1.47321,95.188
0.363196,1.48214,91.9
0.363196,1.49107,90.911
0.363196,1.5,88.036
0.363196,1.50893,86.161
0.363196,1.51786,85.161
0.363196,1.52679,84.161
0.363196,1.53571,83.634
0.363196,1.54464,84.161
0.363196,1.55357,84.873
0.363196,1.5625,85.368
0.363196,1.57143,85.564
0.363196,1.58036,86.657
0.363196,1.58929,88.038
0.363196,1.59821,91.006
0.363196,1.60714,93.398
0.363196,1.61607,93.42
0.363196,1.625,93.453
0.363196,1.63393,93.959
0.363196,1.64286,92.465
0.363196,1.65179,91.373
0.363196,1.66071,89.683
0.363196,1.66964,88.879
0.363196,1.67857,86.314
0.363196,1.6875,85.151
0.363196,1.69643,83.401
0.363196,1.70536,78.711
0.363196,1.71429,76.309
0.363196,1.72321,74.608
0.363196,1.73214,73.668
0.363196,1.74107,75.255
0.363196,1.75,73.027
0.363196,1.75893,70.799
0.363196,1.76786,66.044
0.363196,1.77679,69.816
0.363196,1.78571,65.816
0.363196,1.79464,69.044
0.363196,1.80357,72.272
0.363196,1.8125,69.685
0.363196,1.82143,71.386
0.363196,1.83036,69.104
0.363196,1.83929,68.762
0.363196,1.84821,65.882
0.363196,1.85714,64.768
0.363196,1.86607,59.714
0.363196,1.875,58.486
0.363196,1.88393,58.671
0.363196,1.89286,58.671
0.363196,1.90179,58.671
0.363196,1.91071,57.671
0.363196,1.91964,57.671
0.363196,1.92857,57.671
0.363196,1.9375,57.671
0.363196,1.94643,57.742
0.363196,1.95536,58.073
0.363196,1.96429,57.97
0.363196,1.97321,57.4
0.363196,1.98214,57.72
0.363196,1.99107,58.138
0.363196,2,57.389
0.353511,0,169.296
0.353511,0.00892857,158.489
0.353511,0.0178571,152.743
0.353511,0.0267857,152.727
0.353511,0.0357143,150.89
0.353511,0.0446429,149.503
0.353511,0.0535714,150.318
0.353511,0.0625,150.204
0.353511,0.0714286,150.09
0.353511,0.0803571,150.09
0.353511,0.0892857,150.101
0.353511,0.0982143,150.232
0.353511,0.107143,152.413
0.353511,0.116071,157.011
0.353511,0.125,163.298
0.353511,0.133929,64.391
0.353511,0.142857,130.401
0.353511,0.151786,156.876
0.353511,0.160714,153.684
0.353511,0.169643,151.237
0.353511,0.178571,150.286
0.353511,0.1875,149.748
0.353511,0.196429,150.047
0.353511,0.205357,150.873
0.353511,0.214286,149.688
0.353511,0.223214,149.204
0.353511,0.232143,150.563
0.353511,0.241071,150.101
0.353511,0.25,151.112
0.353511,0.258929,152.009
0.353511,0.267857,154.564
0.353511,0.276786,157.478
0.353511,0.285714,161.093
0.353511,0.294643,162.295
0.353511,0.303571,163.773
0.353511,0.3125,163.044
0.353511,0.321429,160.272
0.353511,0.330357,158.218
0.353511,0.339286,153.549
0.353511,0.348214,150.568
0.353511,0.357143,151.798
0.353511,0.366071,160.282
0.353511,0.375,171.932
0.353511,0.383929,165.818
0.353511,0.392857,154.636
0.353511,0.401786,135.816
0.353511,0.410714,125.344
0.353511,0.419643,114.73
0.353511,0.428571,109.703
0.353511,0.4375,108.372
0.353511,0.446429,101.856
0.353511,0.455357,98.856
0.353511,0.464286,100.867
0.353511,0.473214,93.878
0.353511,0.482143,93.878
0.353511,0.491071,94.889
0.353511,0.5,93.889
0.353511,0.508929,97.465
0.353511,0.517857,96.465
0.353511,0.526786,98.394
0.353511,0.535714,104.372
0.353511,0.544643,107.122
0.353511,0.553571,111.812
0.353511,0.5625,116.47
0.353511,0.571429,110.78
0.353511,0.580357,106.432
0.353511,0.589286,102.155
0.353511,0.598214,93.59
0.353511,0.607143,95.188
0.353511,0.616071,92.487
0.353511,0.625,90.199
0.353511,0.633929,87.933
0.353511,0.642857,87.634
0.353511,0.651786,86.449
0.353511,0.660714,86.449
0.353511,0.669643,85.449
0.353511,0.678571,85.449
0.353511,0.6875,85.449
0.353511,0.696429,85.449
0.353511,0.705357,85.449
0.353511,0.714286,85.449
0.353511,0.723214,85.449
0.353511,0.732143,85.449
0.353511,0.741071,85.449
0.353511,0.75,84.449
0.353511,0.758929,86.449
0.353511,0.767857,87.449
0.353511,0.776786,89.15
0.353511,0.785714,91.188
0.353511,0.794643,96.867
0.353511,0.803571,99.856
0.353511,0.8125,103.144
0.353511,0.821429,102.443
0.353511,0.830357,99.579
0.353511,0.839286,93.889
0.353511,0.848214,90.612
0.353511,0.857143,91.21
0.353511,0.866071,91.21
0.353511,0.875,91.21
0.353511,0.883929,89.21
0.353511,0.892857,90.21
0.353511,0.901786,90.21
0.353511,0.910714,91.21
0.353511,0.919643,91.911
0.353511,0.928571,90.9
0.353511,0.9375,93.9
0.353511,0.946429,96.188
0.353511,0.955357,95.878
0.353511,0.964286,100.454
0.353511,0.973214,104.144
0.353511,0.982143,108.133
0.353511,0.991071,110.111
0.353511,1,115.1
0.353511,1.00893,117.377
0.353511,1.01786,126.757
0.353511,1.02679,133.425
0.353511,1.03571,137.979
0.353511,1.04464,140.658
0.353511,1.05357,147.636
0.353511,1.0625,150.141
0.353511,1.07143,146.429
0.353511,1.08036,149.119
0.353511,1.08929,148.831
0.353511,1.09821,149.554
0.353511,1.10714,143.875
0.353511,1.11607,139.908
0.353511,1.125,137.001
0.353511,1.13393,131.094
0.353511,1.14286,129.404
0.353511,1.15179,125.828
0.353511,1.16071,129.127
0.353511,1.16964,124.828
0.353511,1.17857,130.105
0.353511,1.1875,132.094
0.353511,1.19643,133.371
0.353511,1.20536,132.784
0.353511,1.21429,129.083
0.353511,1.22321,130.507
0.353511,1.23214,130.806
0.353511,1.24107,132.795
0.353511,1.25,133.083
0.353511,1.25893,136.887
0.353511,1.26786,139.99
0.353511,1.27679,137.691
0.353511,1.28571,136.392
0.353511,1.29464,138.979
0.353511,1.30357,136.691
0.353511,1.3125,142.691
0.353511,1.32143,136.289
0.353511,1.33036,131.485
0.353511,1.33929,133.094
0.353511,1.34821,126.817
0.353511,1.35714,126.138
0.353511,1.36607,120.16
0.353511,1.375,114.171
0.353511,1.38393,114.883
0.353511,1.39286,112.883
0.353511,1.40179,109.834
0.353511,1.41071,109.823
0.353511,1.41964,107.834
0.353511,1.42857,105.834
0.353511,1.4375,107.432
0.353511,1.44643,103.155
0.353511,1.45536,103.155
0.353511,1.46429,96.579
0.353511,1.47321,96.889
0.353511,1.48214,93.9
0.353511,1.49107,88.21
0.353511,1.5,87.036
0.353511,1.50893,86.161
0.353511,1.51786,85.161
0.353511,1.52679,84.161
0.353511,1.53571,83.634
0.353511,1.54464,84.161
0.353511,1.55357,84.873
0.353511,1.5625,85.368
0.353511,1.57143,84.564
0.353511,1.58036,86.244
0.353511,1.58929,88.038
0.353511,1.59821,92.006
0.353511,1.60714,93.398
0.353511,1.61607,93.42
0.353511,1.625,93.453
0.353511,1.63393,93.959
0.353511,1.64286,92.465
0.353511,1.65179,91.373
0.353511,1.66071,89.683
0.353511,1.66964,88.879
0.353511,1.67857,84.314
0.353511,1.6875,85.265
0.353511,1.69643,82.401
0.353511,1.70536,79.711
0.353511,1.71429,78.722
0.353511,1.72321,76.608
0.353511,1.73214,74.668
0.353511,1.74107,72.255
0.353511,1.75,70.027
0.353511,1.75893,71.685
0.353511,1.76786,72.044
0.353511,1.77679,71.816
0.353511,1.78571,69.816
0.353511,1.79464,70.044
0.353511,1.80357,71.272
0.353511,1.8125,71.044
0.353511,1.82143,69.044
0.353511,1.83036,67.876
0.353511,1.83929,65.349
0.353511,1.84821,59.996
0.353511,1.85714,60.654
0.353511,1.86607,61.828
0.353511,1.875,59.486
0.353511,1.88393,58.671
0.353511,1.89286,58.671
0.353511,1.90179,58.671
0.353511,1.91071,57.671
0.353511,1.91964,57.671
0.353511,1.92857,57.671
0.353511,1.9375,57.671
0.353511,1.94643,57.742
0.353511,1.95536,58.073
0.353511,1.96429,57.97
0.353511,1.97321,57.4
0.353511,1.98214,57.72
0.353511,1.99107,58.138
0.353511,2,57.389
0.343826,0,159.964
0.343826,0.00892857,150.83
0.343826,0.0178571,149.312
0.343826,0.0267857,150.996
0.343826,0.0357143,152.626
0.343826,0.0446429,153.794
0.343826,0.0535714,154.566
0.343826,0.0625,153.355
0.343826,0.0714286,151.742
0.343826,0.0803571,149.585
0.343826,0.0892857,149.357
0.343826,0.0982143,150.443
0.343826,0.107143,152.239
0.343826,0.116071,157.674
0.343826,0.125,164.206
0.343826,0.133929,65.55
0.343826,0.142857,130.07
0.343826,0.151786,157.066
0.343826,0.160714,152.51
0.343826,0.169643,150.514
0.343826,0.178571,148.318
0.343826,0.1875,150.008
0.343826,0.196429,151.361
0.343826,0.205357,153.284
0.343826,0.214286,155.826
0.343826,0.223214,156.368
0.343826,0.232143,154.331
0.343826,0.241071,154.419
0.343826,0.25,153.262
0.343826,0.258929,148.888
0.343826,0.267857,149.329
0.343826,0.276786,150.069
0.343826,0.285714,151.553
0.343826,0.294643,154.336
0.343826,0.303571,157.483
0.343826,0.3125,160.642
0.343826,0.321429,162.975
0.343826,0.330357,162.029
0.343826,0.339286,159.283
0.343826,0.348214,155.287
0.343826,0.357143,150.852
0.343826,0.366071,151.617
0.343826,0.375,154.144
0.343826,0.383929,171.919
0.343826,0.392857,169.558
0.343826,0.401786,156.87
0.343826,0.410714,143.925
0.343826,0.419643,129.361
0.343826,0.428571,114.736
0.343826,0.4375,109.513
0.343826,0.446429,103.845
0.343826,0.455357,103.856
0.343826,0.464286,99.166
0.343826,0.473214,93.878
0.343826,0.482143,94.878
0.343826,0.491071,93.878
0.343826,0.5,95.889
0.343826,0.508929,96.383
0.343826,0.517857,98.796
0.343826,0.526786,102.383
0.343826,0.535714,105.133
0.343826,0.544643,112.513
0.343826,0.553571,118.861
0.343826,0.5625,125.149
0.343826,0.571429,122.046
0.343826,0.580357,108.834
0.343826,0.589286,107.731
0.343826,0.598214,96.753
0.343826,0.607143,93.465
0.343826,0.616071,93.188
0.343826,0.625,90.199
0.343826,0.633929,87.634
0.343826,0.642857,86.748
0.343826,0.651786,86.449
0.343826,0.660714,86.449
0.343826,0.669643,86.449
0.343826,0.678571,85.449
0.343826,0.6875,85.449
0.343826,0.696429,85.449
0.343826,0.705357,85.449
0.343826,0.714286,84.449
0.343826,0.723214,84.449
0.343826,0.732143,85.449
0.343826,0.741071,85.449
0.343826,0.75,85.449
0.343826,0.758929,85.449
0.343826,0.767857,86.449
0.343826,0.776786,87.15
0.343826,0.785714,90.9
0.343826,0.794643,96.59
0.343826,0.803571,101.454
0.343826,0.8125,103.856
0.343826,0.821429,103.856
0.343826,0.830357,102.753
0.343826,0.839286,97.878
0.343826,0.848214,93.9
0.343826,0.857143,91.911
0.343826,0.866071,90.911
0.343826,0.875,90.21
0.343826,0.883929,91.21
0.343826,0.892857,91.21
0.343826,0.901786,89.21
0.343826,0.910714,90.21
0.343826,0.919643,89.911
0.343826,0.928571,90.911
0.343826,0.9375,92.9
0.343826,0.946429,94.188
0.343826,0.955357,96.59
0.343826,0.964286,96.28
0.343826,0.973214,103.856
0.343826,0.982143,102.546
0.343826,0.991071,110.41
0.343826,1,108.812
0.343826,1.00893,121.502
0.343826,1.01786,121.067
0.343826,1.02679,127.447
0.343826,1.03571,135.702
0.343826,1.04464,138.267
0.343826,1.05357,141.06
0.343826,1.0625,145.853
0.343826,1.07143,144.543
0.343826,1.08036,146.717
0.343826,1.08929,146.831
0.343826,1.09821,146.853
0.343826,1.10714,145.576
0.343826,1.11607,142.897
0.343826,1.125,135.001
0.343826,1.13393,134.507
0.343826,1.14286,127.105
0.343826,1.15179,127.426
0.343826,1.16071,126.839
0.343826,1.16964,125.426
0.343826,1.17857,127.703
0.343826,1.1875,130.404
0.343826,1.19643,131.083
0.343826,1.20536,130.382
0.343826,1.21429,120.094
0.343826,1.22321,132.806
0.343826,1.23214,131.507
0.343826,1.24107,132.094
0.343826,1.25,135.083
0.343826,1.25893,131.599
0.343826,1.26786,135.702
0.343826,1.27679,137.289
0.343826,1.28571,134.691
0.343826,1.29464,132.691
0.343826,1.30357,134.691
0.343826,1.3125,135.99
0.343826,1.32143,133.001
0.343826,1.33036,132.784
0.343826,1.33929,131.393
0.343826,1.34821,129.828
0.343826,1.35714,122.85
0.343826,1.36607,122.16
0.343826,1.375,113.47
0.343826,1.38393,113.883
0.343826,1.39286,111.883
0.343826,1.40179,109.834
0.343826,1.41071,108.823
0.343826,1.41964,106.834
0.343826,1.42857,109.834
0.343826,1.4375,105.432
0.343826,1.44643,102.856
0.343826,1.45536,98.454
0.343826,1.46429,97.878
0.343826,1.47321,93.889
0.343826,1.48214,92.9
0.343826,1.49107,90.21
0.343826,1.5,87.036
0.343826,1.50893,86.161
0.343826,1.51786,85.161
0.343826,1.52679,84.161
0.343826,1.53571,83.634
0.343826,1.54464,84.161
0.343826,1.55357,84.873
0.343826,1.5625,85.368
0.343826,1.57143,86.863
0.343826,1.58036,87.657
0.343826,1.58929,88.739
0.343826,1.59821,91.006
0.343826,1.60714,93.398
0.343826,1.61607,93.42
0.343826,1.625,93.453
0.343826,1.63393,93.959
0.343826,1.64286,92.465
0.343826,1.65179,91.373
0.343826,1.66071,89.683
0.343826,1.66964,88.879
0.343826,1.67857,85.314
0.343826,1.6875,84.564
0.343826,1.69643,79.287
0.343826,1.70536,77.711
0.343826,1.71429,77.309
0.343826,1.72321,73.608
0.343826,1.73214,74.668
0.343826,1.74107,72.141
0.343826,1.75,73.027
0.343826,1.75893,70.272
0.343826,1.76786,74.044
0.343826,1.77679,69.044
0.343826,1.78571,73.044
0.343826,1.79464,71.044
0.343826,1.80357,71.272
0.343826,1.8125,69.93
0.343826,1.82143,65.816
0.343826,1.83036,67.876
0.343826,1.83929,66.349
0.343826,1.84821,59.996
0.343826,1.85714,63.654
0.343826,1.86607,60.828
0.343826,1.875,56.486
0.343826,1.88393,58.671
0.343826,1.89286,58.671
0.343826,1.90179,58.671
0.343826,1.91071,57.671
0.343826,1.91964,57.671
0.343826,1.92857,57.671
0.343826,1.9375,57.671
0.343826,1.94643,57.742
0.343826,1.95536,58.073
0.343826,1.96429,57.97
0.343826,1.97321,57.4
0.343826,1.98214,57.72
0.343826,1.99107,58.138
0.343826,2,57.389
0.33414,0,161.265
0.33414,0.00892857,155.912
0.33414,0.0178571,158.682
0.33414,0.0267857,161.887
0.33414,0.0357143,163.528
0.33414,0.0446429,163.083
0.33414,0.0535714,160.829
0.33414,0.0625,159.418
0.33414,0.0714286,155.366
0.33414,0.0803571,150.813
0.33414,0.0892857,150.77
0.33414,0.0982143,150.024
0.33414,0.107143,152.581
0.33414,0.116071,159.767
0.33414,0.125,169.686
0.33414,0.133929,64.769
0.33414,0.142857,154.599
0.33414,0.151786,161.757
0.33414,0.160714,155.478
0.33414,0.169643,150.015
0.33414,0.178571,149.346
0.33414,0.1875,150.905
0.33414,0.196429,154.458
0.33414,0.205357,158.592
0.33414,0.214286,162.143
0.33414,0.223214,164.238
0.33414,0.232143,165.982
0.33414,0.241071,165.227
0.33414,0.25,163.902
0.33414,0.258929,159.121
0.33414,0.267857,155.71
0.33414,0.276786,152.484
0.33414,0.285714,149.312
0.33414,0.294643,150.112
0.33414,0.303571,152.097
0.33414,0.3125,154.549
0.33414,0.321429,157.805
0.33414,0.330357,160.887
0.33414,0.339286,162.702
0.33414,0.348214,161.859
0.33414,0.357143,157.201
0.33414,0.366071,152.521
0.33414,0.375,149.585
0.33414,0.383929,153.581
0.33414,0.392857,167.779
0.33414,0.401786,171.336
0.33414,0.410714,155.958
0.33414,0.419643,139.942
0.33414,0.428571,123.083
0.33414,0.4375,117.067
0.33414,0.446429,111.41
0.33414,0.455357,107.557
0.33414,0.464286,99.465
0.33414,0.473214,98.878
0.33414,0.482143,100.166
0.33414,0.491071,97.177
0.33414,0.5,99.889
0.33414,0.508929,98.383
0.33414,0.517857,100.796
0.33414,0.526786,105.155
0.33414,0.535714,108.834
0.33414,0.544643,116.562
0.33414,0.553571,128.127
0.33414,0.5625,130.806
0.33414,0.571429,127.931
0.33414,0.580357,114.1
0.33414,0.589286,109.421
0.33414,0.598214,104.454
0.33414,0.607143,96.878
0.33414,0.616071,96.188
0.33414,0.625,92.797
0.33414,0.633929,89.52
0.33414,0.642857,87.748
0.33414,0.651786,86.449
0.33414,0.660714,86.449
0.33414,0.669643,86.449
0.33414,0.678571,85.449
0.33414,0.6875,85.449
0.33414,0.696429,85.449
0.33414,0.705357,85.449
0.33414,0.714286,85.449
0.33414,0.723214,85.449
0.33414,0.732143,85.449
0.33414,0.741071,85.449
0.33414,0.75,85.449
0.33414,0.758929,86.449
0.33414,0.767857,87.449
0.33414,0.776786,88.449
0.33414,0.785714,89.21
0.33414,0.794643,93.188
0.33414,0.803571,95.579
0.33414,0.8125,103.155
0.33414,0.821429,108.856
0.33414,0.830357,106.155
0.33414,0.839286,99.166
0.33414,0.848214,96.476
0.33414,0.857143,91.487
0.33414,0.866071,89.612
0.33414,0.875,89.911
0.33414,0.883929,89.922
0.33414,0.892857,89.623
0.33414,0.901786,89.21
0.33414,0.910714,89.911
0.33414,0.919643,89.911
0.33414,0.928571,91.911
0.33414,0.9375,91.612
0.33414,0.946429,92.9
0.33414,0.955357,95.188
0.33414,0.964286,96.579
0.33414,0.973214,102.155
0.33414,0.982143,101.144
0.33414,0.991071,107.122
0.33414,1,111.823
0.33414,1.00893,115.812
0.33414,1.01786,120.377
0.33414,1.02679,128.344
0.33414,1.03571,135.012
0.33414,1.04464,137.577
0.33414,1.05357,140.484
0.33414,1.0625,146.864
0.33414,1.07143,147.853
0.33414,1.08036,145.717
0.33414,1.08929,146.831
0.33414,1.09821,146.554
0.33414,1.10714,143.875
0.33414,1.11607,141.196
0.33414,1.125,137.887
0.33414,1.13393,130.094
0.33414,1.14286,129.404
0.33414,1.15179,128.138
0.33414,1.16071,126.85
0.33414,1.16964,126.839
0.33414,1.17857,126.426
0.33414,1.1875,130.415
0.33414,1.19643,130.507
0.33414,1.20536,137.806
0.33414,1.21429,128.806
0.33414,1.22321,126.806
0.33414,1.23214,133.806
0.33414,1.24107,135.681
0.33414,1.25,137.083
0.33414,1.25893,131.898
0.33414,1.26786,134.001
0.33414,1.27679,137.702
0.33414,1.28571,138.289
0.33414,1.29464,139.289
0.33414,1.30357,137.289
0.33414,1.3125,131.702
0.33414,1.32143,132.001
0.33414,1.33036,130.382
0.33414,1.33929,136.404
0.33414,1.34821,125.426
0.33414,1.35714,121.149
0.33414,1.36607,118.758
0.33414,1.375,115.883
0.33414,1.38393,111.883
0.33414,1.39286,112.883
0.33414,1.40179,111.834
0.33414,1.41071,105.823
0.33414,1.41964,107.834
0.33414,1.42857,108.834
0.33414,1.4375,104.432
0.33414,1.44643,101.155
0.33414,1.45536,99.155
0.33414,1.46429,94.878
0.33414,1.47321,94.188
0.33414,1.48214,92.9
0.33414,1.49107,92.911
0.33414,1.5,88.036
0.33414,1.50893,85.161
0.33414,1.51786,85.161
0.33414,1.52679,84.161
0.33414,1.53571,83.634
0.33414,1.54464,84.161
0.33414,1.55357,84.873
0.33414,1.5625,85.368
0.33414,1.57143,85.863
0.33414,1.58036,88.244
0.33414,1.58929,90.038
0.33414,1.59821,92.006
0.33414,1.60714,92.398
0.33414,1.61607,93.42
0.33414,1.625,92.453
0.33414,1.63393,93.845
0.33414,1.64286,93.465
0.33414,1.65179,91.487
0.33414,1.66071,90.096
0.33414,1.66964,88.178
0.33414,1.67857,87.314
0.33414,1.6875,84.151
0.33414,1.69643,81.401
0.33414,1.70536,78.711
0.33414,1.71429,75.309
0.33414,1.72321,73.608
0.33414,1.73214,73.668
0.33414,1.74107,74.027
0.33414,1.75,72.799
0.33414,1.75893,73.272
0.33414,1.76786,70.272
0.33414,1.77679,73.044
0.33414,1.78571,69.044
0.33414,1.79464,66.044
0.33414,1.80357,70.044
0.33414,1.8125,71.816
0.33414,1.82143,68.816
0.33414,1.83036,69.99
0.33414,1.83929,69.349
0.33414,1.84821,67.11
0.33414,1.85714,64.882
0.33414,1.86607,58.942
0.33414,1.875,56.714
0.33414,1.88393,58.671
0.33414,1.89286,57.671
0.33414,1.90179,57.671
0.33414,1.91071,57.671
0.33414,1.91964,57.671
0.33414,1.92857,57.671
0.33414,1.9375,57.671
0.33414,1.94643,57.742
0.33414,1.95536,58.073
0.33414,1.96429,57.97
0.33414,1.97321,57.4
0.33414,1.98214,57.72
0.33414,1.99107,58.138
0.33414,2,57.389
0.324455,0,172.797
0.324455,0.00892857,170.855
0.324455,0.0178571,170.582
0.324455,0.0267857,170.565
0.324455,0.0357143,170.636
0.324455,0.0446429,167.866
0.324455,0.0535714,164.657
0.324455,0.0625,160.106
0.324455,0.0714286,155.598
0.324455,0.0803571,151.002
0.324455,0.0892857,150.731
0.324455,0.0982143,150.258
0.324455,0.107143,155.641
0.324455,0.116071,165.709
0.324455,0.125,180.129
0.324455,0.133929,72.945
0.324455,0.142857,167.547
0.324455,0.151786,168.83
0.324455,0.160714,156.805
0.324455,0.169643,151.527
0.324455,0.178571,149.787
0.324455,0.1875,150.101
0.324455,0.196429,152.355
0.324455,0.205357,158.977
0.324455,0.214286,164.924
0.324455,0.223214,169.86
0.324455,0.232143,171.613
0.324455,0.241071,172.471
0.324455,0.25,173.172
0.324455,0.258929,173.776
0.324455,0.267857,169.778
0.324455,0.276786,165.928
0.324455,0.285714,161.79
0.324455,0.294643,153.51
0.324455,0.303571,150.176
0.324455,0.3125,149.514
0.324455,0.321429,151.738
0.324455,0.330357,153.837
0.324455,0.339286,158.555
0.324455,0.348214,161.854
0.324455,0.357143,162.147
0.324455,0.366071,160.141
0.324455,0.375,156.842
0.324455,0.383929,149.71
0.324455,0.392857,152.239
0.324455,0.401786,164.536
0.324455,0.410714,172.549
0.324455,0.419643,159.582
0.324455,0.428571,140.609
0.324455,0.4375,126.023
0.324455,0.446429,117.779
0.324455,0.455357,109.247
0.324455,0.464286,106.454
0.324455,0.473214,103.155
0.324455,0.482143,99.443
0.324455,0.491071,99.753
0.324455,0.5,99.889
0.324455,0.508929,100.753
0.324455,0.517857,102.155
0.324455,0.526786,105.144
0.324455,0.535714,109.883
0.324455,0.544643,126.116
0.324455,0.553571,134.588
0.324455,0.5625,141.968
0.324455,0.571429,137.794
0.324455,0.580357,122.344
0.324455,0.589286,112.502
0.324455,0.598214,105.845
0.324455,0.607143,102.291
0.324455,0.616071,95.487
0.324455,0.625,88.498
0.324455,0.633929,89.221
0.324455,0.642857,90.335
0.324455,0.651786,87.449
0.324455,0.660714,86.449
0.324455,0.669643,85.449
0.324455,0.678571,85.449
0.324455,0.6875,85.449
0.324455,0.696429,85.449
0.324455,0.705357,85.449
0.324455,0.714286,85.449
0.324455,0.723214,85.449
0.324455,0.732143,85.449
0.324455,0.741071,85.449
0.324455,0.75,84.449
0.324455,0.758929,85.449
0.324455,0.767857,85.449
0.324455,0.776786,86.449
0.324455,0.785714,89.221
0.324455,0.794643,90.313
0.324455,0.803571,93.889
0.324455,0.8125,101.454
0.324455,0.821429,101.856
0.324455,0.830357,101.856
0.324455,0.839286,100.155
0.324455,0.848214,97.579
0.324455,0.857143,92.889
0.324455,0.866071,88.612
0.324455,0.875,88.911
0.324455,0.883929,90.221
0.324455,0.892857,90.21
0.324455,0.901786,89.21
0.324455,0.910714,91.911
0.324455,0.919643,92.911
0.324455,0.928571,91.911
0.324455,0.9375,90.911
0.324455,0.946429,92.9
0.324455,0.955357,94.188
0.324455,0.964286,95.59
0.324455,0.973214,102.166
0.324455,0.982143,99.856
0.324455,0.991071,107.133
0.324455,1,110.421
0.324455,1.00893,113.524
0.324455,1.01786,119.1
0.324455,1.02679,125.48
0.324455,1.03571,135.322
0.324455,1.04464,131.001
0.324455,1.05357,140.082
0.324455,1.0625,138.761
0.324455,1.07143,144.451
0.324455,1.08036,148.842
0.324455,1.08929,149.842
0.324455,1.09821,144.853
0.324455,1.10714,142.875
0.324455,1.11607,140.196
0.324455,1.125,137.588
0.324455,1.13393,129.681
0.324455,1.14286,127.105
0.324455,1.15179,122.54
0.324455,1.16071,124.85
0.324455,1.16964,126.138
0.324455,1.17857,129.839
0.324455,1.1875,126.529
0.324455,1.19643,128.105
0.324455,1.20536,130.105
0.324455,1.21429,130.105
0.324455,1.22321,130.806
0.324455,1.23214,133.094
0.324455,1.24107,132.795
0.324455,1.25,133.083
0.324455,1.25893,131.197
0.324455,1.26786,135.012
0.324455,1.27679,135.001
0.324455,1.28571,133.001
0.324455,1.29464,131.289
0.324455,1.30357,134.001
0.324455,1.3125,134.599
0.324455,1.32143,132.012
0.324455,1.33036,133.806
0.324455,1.33929,127.404
0.324455,1.34821,124.252
0.324455,1.35714,121.562
0.324455,1.36607,116.171
0.324455,1.375,115.883
0.324455,1.38393,113.883
0.324455,1.39286,111.883
0.324455,1.40179,110.834
0.324455,1.41071,109.823
0.324455,1.41964,107.834
0.324455,1.42857,106.834
0.324455,1.4375,106.432
0.324455,1.44643,105.856
0.324455,1.45536,105.155
0.324455,1.46429,97.878
0.324455,1.47321,96.188
0.324455,1.48214,94.9
0.324455,1.49107,90.21
0.324455,1.5,88.036
0.324455,1.50893,86.161
0.324455,1.51786,85.161
0.324455,1.52679,84.161
0.324455,1.53571,83.634
0.324455,1.54464,84.161
0.324455,1.55357,84.873
0.324455,1.5625,85.368
0.324455,1.57143,84.863
0.324455,1.58036,88.244
0.324455,1.58929,89.038
0.324455,1.59821,91.006
0.324455,1.60714,92.398
0.324455,1.61607,93.42
0.324455,1.625,92.453
0.324455,1.63393,93.845
0.324455,1.64286,92.465
0.324455,1.65179,90.487
0.324455,1.66071,89.096
0.324455,1.66964,87.879
0.324455,1.67857,87.613
0.324455,1.6875,81.265
0.324455,1.69643,81.401
0.324455,1.70536,79.124
0.324455,1.71429,76.722
0.324455,1.72321,74.608
0.324455,1.73214,72.668
0.324455,1.74107,71.027
0.324455,1.75,69.799
0.324455,1.75893,70.799
0.324455,1.76786,71.272
0.324455,1.77679,68.044
0.324455,1.78571,67.044
0.324455,1.79464,69.044
0.324455,1.80357,71.044
0.324455,1.8125,72.158
0.324455,1.82143,72.044
0.324455,1.83036,68.104
0.324455,1.83929,66.762
0.324455,1.84821,64.11
0.324455,1.85714,62.882
0.324455,1.86607,56.942
0.324455,1.875,60.828
0.324455,1.88393,58.671
0.324455,1.89286,57.671
0.324455,1.90179,57.671
0.324455,1.91071,57.671
0.324455,1.91964,57.671
0.324455,1.92857,57.671
0.324455,1.9375,57.671
0.324455,1.94643,57.742
0.324455,1.95536,58.073
0.324455,1.96429,57.97
0.324455,1.97321,57.4
0.324455,1.98214,57.72
0.324455,1.99107,58.138
0.324455,2,57.389
0.31477,0,180.744
0.31477,0.00892857,177.002
0.31477,0.0178571,174.974
0.31477,0.0267857,174.888
0.31477,0.0357143,174.107
0.31477,0.0446429,168.18
0.31477,0.0535714,164.586
0.31477,0.0625,159.351
0.31477,0.0714286,153.441
0.31477,0.0803571,150.258
0.31477,0.0892857,150.688
0.31477,0.0982143,152.624
0.31477,0.107143,160.289
0.31477,0.116071,171.342
0.31477,0.125,192.551
0.31477,0.133929,72.285
0.31477,0.142857,187.143
0.31477,0.151786,176.665
0.31477,0.160714,166.111
0.31477,0.169643,155.179
0.31477,0.178571,150.325
0.31477,0.1875,150.286
0.31477,0.196429,151.372
0.31477,0.205357,156.581
0.31477,0.214286,163.685
0.31477,0.223214,168.077
0.31477,0.232143,173.232
0.31477,0.241071,175.187
0.31477,0.25,176.387
0.31477,0.258929,177.473
0.31477,0.267857,177.017
0.31477,0.276786,174.905
0.31477,0.285714,174.152
0.31477,0.294643,167.154
0.31477,0.303571,160.908
0.31477,0.3125,153.009
0.31477,0.321429,150.882
0.31477,0.330357,150.357
0.31477,0.339286,151.787
0.31477,0.348214,155.869
0.31477,0.357143,159.962
0.31477,0.366071,161.115
0.31477,0.375,160.984
0.31477,0.383929,156.048
0.31477,0.392857,151.678
0.31477,0.401786,150.452
0.31477,0.410714,164.308
0.31477,0.419643,173.745
0.31477,0.428571,155.556
0.31477,0.4375,138.914
0.31477,0.446429,125.322
0.31477,0.455357,113.975
0.31477,0.464286,111.133
0.31477,0.473214,106.834
0.31477,0.482143,105.535
0.31477,0.491071,101.443
0.31477,0.5,100.465
0.31477,0.508929,100.856
0.31477,0.517857,104.215
0.31477,0.526786,108.606
0.31477,0.535714,117.149
0.31477,0.544643,129.072
0.31477,0.553571,145.522
0.31477,0.5625,151.407
0.31477,0.571429,147.945
0.31477,0.580357,133.99
0.31477,0.589286,122.344
0.31477,0.598214,111.008
0.31477,0.607143,103.166
0.31477,0.616071,94.889
0.31477,0.625,94.487
0.31477,0.633929,89.9
0.31477,0.642857,89.139
0.31477,0.651786,88.449
0.31477,0.660714,86.449
0.31477,0.669643,86.449
0.31477,0.678571,85.449
0.31477,0.6875,85.449
0.31477,0.696429,85.449
0.31477,0.705357,85.449
0.31477,0.714286,85.449
0.31477,0.723214,85.449
0.31477,0.732143,85.449
0.31477,0.741071,85.449
0.31477,0.75,84.449
0.31477,0.758929,85.449
0.31477,0.767857,85.449
0.31477,0.776786,85.449
0.31477,0.785714,86.933
0.31477,0.794643,91.911
0.31477,0.803571,93.188
0.31477,0.8125,97.166
0.31477,0.821429,104.155
0.31477,0.830357,106.557
0.31477,0.839286,102.144
0.31477,0.848214,99.867
0.31477,0.857143,95.188
0.31477,0.866071,90.612
0.31477,0.875,90.21
0.31477,0.883929,89.221
0.31477,0.892857,90.221
0.31477,0.901786,90.911
0.31477,0.910714,90.911
0.31477,0.919643,91.911
0.31477,0.928571,90.911
0.31477,0.9375,90.911
0.31477,0.946429,91.911
0.31477,0.955357,92.601
0.31477,0.964286,95.889
0.31477,0.973214,100.465
0.31477,0.982143,102.454
0.31477,0.991071,104.133
0.31477,1,107.834
0.31477,1.00893,111.535
0.31477,1.01786,116.111
0.31477,1.02679,128.078
0.31477,1.03571,128.045
0.31477,1.04464,137.425
0.31477,1.05357,137.392
0.31477,1.0625,140.299
0.31477,1.07143,143.163
0.31477,1.08036,145.853
0.31477,1.08929,145.853
0.31477,1.09821,143.565
0.31477,1.10714,143.875
0.31477,1.11607,140.495
0.31477,1.125,134.588
0.31477,1.13393,133.496
0.31477,1.14286,125.518
0.31477,1.15179,127.54
0.31477,1.16071,127.85
0.31477,1.16964,121.138
0.31477,1.17857,123.839
0.31477,1.1875,123.839
0.31477,1.19643,130.415
0.31477,1.20536,129.116
0.31477,1.21429,136.105
0.31477,1.22321,128.507
0.31477,1.23214,132.094
0.31477,1.24107,133.681
0.31477,1.25,134.083
0.31477,1.25893,131.496
0.31477,1.26786,133.311
0.31477,1.27679,135.012
0.31477,1.28571,135.001
0.31477,1.29464,133.001
0.31477,1.30357,136.012
0.31477,1.3125,133.012
0.31477,1.32143,130.724
0.31477,1.33036,132.806
0.31477,1.33929,128.415
0.31477,1.34821,119.138
0.31477,1.35714,116.861
0.31477,1.36607,117.584
0.31477,1.375,113.595
0.31477,1.38393,110.595
0.31477,1.39286,109.883
0.31477,1.40179,108.834
0.31477,1.41071,106.823
0.31477,1.41964,110.834
0.31477,1.42857,104.834
0.31477,1.4375,106.432
0.31477,1.44643,102.856
0.31477,1.45536,104.155
0.31477,1.46429,97.465
0.31477,1.47321,92.188
0.31477,1.48214,90.9
0.31477,1.49107,90.21
0.31477,1.5,88.036
0.31477,1.50893,85.161
0.31477,1.51786,85.161
0.31477,1.52679,85.161
0.31477,1.53571,83.634
0.31477,1.54464,84.161
0.31477,1.55357,84.873
0.31477,1.5625,85.368
0.31477,1.57143,86.564
0.31477,1.58036,88.657
0.31477,1.58929,90.038
0.31477,1.59821,92.006
0.31477,1.60714,92.398
0.31477,1.61607,93.42
0.31477,1.625,92.453
0.31477,1.63393,93.845
0.31477,1.64286,91.465
0.31477,1.65179,90.487
0.31477,1.66071,89.096
0.31477,1.66964,87.178
0.31477,1.67857,84.727
0.31477,1.6875,82.265
0.31477,1.69643,83.287
0.31477,1.70536,76.825
0.31477,1.71429,77.309
0.31477,1.72321,74.608
0.31477,1.73214,73.668
0.31477,1.74107,70.027
0.31477,1.75,69.799
0.31477,1.75893,70.799
0.31477,1.76786,70.272
0.31477,1.77679,71.272
0.31477,1.78571,73.044
0.31477,1.79464,67.044
0.31477,1.80357,70.93
0.31477,1.8125,72.799
0.31477,1.82143,71.799
0.31477,1.83036,73.56
0.31477,1.83929,66.104
0.31477,1.84821,66.338
0.31477,1.85714,58.882
0.31477,1.86607,61.942
0.31477,1.875,58.899
0.31477,1.88393,58.671
0.31477,1.89286,57.671
0.31477,1.90179,57.671
0.31477,1.91071,57.671
0.31477,1.91964,57.671
0.31477,1.92857,57.671
0.31477,1.9375,57.671
0.31477,1.94643,57.742
0.31477,1.95536,58.073
0.31477,1.96429,57.97
0.31477,1.97321,57.4
0.31477,1.98214,57.72
0.31477,1.99107,58.138
0.31477,2,57.389
0.305085,0,184.787
0.305085,0.00892857,176.273
0.305085,0.0178571,178.077
0.305085,0.0267857,175.318
0.305085,0.0357143,172.135
0.305085,0.0446429,167.008
0.305085,0.0535714,162.958
0.305085,0.0625,157.538
0.305085,0.0714286,151.856
0.305085,0.0803571,149.314
0.305085,0.0892857,150.624
0.305085,0.0982143,157.642
0.305085,0.107143,167.606
0.305085,0.116071,181.057
0.305085,0.125,207.217
0.305085,0.133929,71.923
0.305085,0.142857,200.901
0.305085,0.151786,188.75
0.305085,0.160714,170.585
0.305085,0.169643,159.717
0.305085,0.178571,152.265
0.305085,0.1875,149.471
0.305085,0.196429,149.916
0.305085,0.205357,154.501
0.305085,0.214286,161.024
0.305085,0.223214,166.057
0.305085,0.232143,171.238
0.305085,0.241071,175.535
0.305085,0.25,177.023
0.305085,0.258929,176.337
0.305085,0.267857,174.565
0.305085,0.276786,176.707
0.305085,0.285714,175.561
0.305085,0.294643,175.888
0.305085,0.303571,173.907
0.305085,0.3125,167.068
0.305085,0.321429,160.915
0.305085,0.330357,150.837
0.305085,0.339286,150.073
0.305085,0.348214,150.77
0.305085,0.357143,153.82
0.305085,0.366071,159.218
0.305085,0.375,162.708
0.305085,0.383929,161.833
0.305085,0.392857,157.532
0.305085,0.401786,152.177
0.305085,0.410714,151.811
0.305085,0.419643,162.527
0.305085,0.428571,172.723
0.305085,0.4375,154.283
0.305085,0.446429,137.968
0.305085,0.455357,126.045
0.305085,0.464286,120.225
0.305085,0.473214,108.883
0.305085,0.482143,107.171
0.305085,0.491071,106.535
0.305085,0.5,102.742
0.305085,0.508929,105.617
0.305085,0.517857,108.905
0.305085,0.526786,111.367
0.305085,0.535714,119.241
0.305085,0.544643,136.381
0.305085,0.553571,151.304
0.305085,0.5625,162.961
0.305085,0.571429,155.417
0.305085,0.580357,147.234
0.305085,0.589286,124.941
0.305085,0.598214,112.1
0.305085,0.607143,107.742
0.305085,0.616071,99.291
0.305085,0.625,99.003
0.305085,0.633929,93.063
0.305085,0.642857,89.498
0.305085,0.651786,88.449
0.305085,0.660714,87.449
0.305085,0.669643,87.449
0.305085,0.678571,85.449
0.305085,0.6875,85.449
0.305085,0.696429,85.449
0.305085,0.705357,85.449
0.305085,0.714286,85.449
0.305085,0.723214,85.449
0.305085,0.732143,85.449
0.305085,0.741071,85.449
0.305085,0.75,85.449
0.305085,0.758929,85.449
0.305085,0.767857,85.449
0.305085,0.776786,85.449
0.305085,0.785714,86.933
0.305085,0.794643,88.911
0.305085,0.803571,90.9
0.305085,0.8125,96.579
0.305085,0.821429,105.155
0.305085,0.830357,106.144
0.305085,0.839286,100.144
0.305085,0.848214,100.454
0.305085,0.857143,94.59
0.305085,0.866071,90.9
0.305085,0.875,90.911
0.305085,0.883929,89.922
0.305085,0.892857,91.221
0.305085,0.901786,88.911
0.305085,0.910714,89.612
0.305085,0.919643,88.911
0.305085,0.928571,90.911
0.305085,0.9375,90.911
0.305085,0.946429,91.911
0.305085,0.955357,92.601
0.305085,0.964286,90.889
0.305085,0.973214,99.166
0.305085,0.982143,99.454
0.305085,0.991071,101.133
0.305085,1,106.133
0.305085,1.00893,109.421
0.305085,1.01786,112.111
0.305085,1.02679,123.203
0.305085,1.03571,129.942
0.305085,1.04464,130.023
0.305085,1.05357,139.99
0.305085,1.0625,141.31
0.305085,1.07143,145.174
0.305085,1.08036,145.451
0.305085,1.08929,145.152
0.305085,1.09821,143.75
0.305085,1.10714,141.174
0.305085,1.11607,140.196
0.305085,1.125,138.36
0.305085,1.13393,133.784
0.305085,1.14286,128.219
0.305085,1.15179,128.127
0.305085,1.16071,126.138
0.305085,1.16964,120.138
0.305085,1.17857,125.138
0.305085,1.1875,131.138
0.305085,1.19643,127.828
0.305085,1.20536,123.828
0.305085,1.21429,135.116
0.305085,1.22321,128.806
0.305085,1.23214,132.094
0.305085,1.24107,132.795
0.305085,1.25,136.382
0.305085,1.25893,132.496
0.305085,1.26786,129.724
0.305085,1.27679,134.425
0.305085,1.28571,134.012
0.305085,1.29464,134.001
0.305085,1.30357,134.599
0.305085,1.3125,132.724
0.305085,1.32143,133.023
0.305085,1.33036,129.518
0.305085,1.33929,129.127
0.305085,1.34821,119.551
0.305085,1.35714,119.861
0.305085,1.36607,115.584
0.305085,1.375,114.595
0.305085,1.38393,113.595
0.305085,1.39286,110.883
0.305085,1.40179,109.834
0.305085,1.41071,107.823
0.305085,1.41964,107.834
0.305085,1.42857,106.834
0.305085,1.4375,106.432
0.305085,1.44643,103.856
0.305085,1.45536,105.454
0.305085,1.46429,93.878
0.305085,1.47321,92.889
0.305085,1.48214,93.9
0.305085,1.49107,89.21
0.305085,1.5,88.036
0.305085,1.50893,85.161
0.305085,1.51786,85.161
0.305085,1.52679,84.161
0.305085,1.53571,83.634
0.305085,1.54464,84.161
0.305085,1.55357,84.873
0.305085,1.5625,85.368
0.305085,1.57143,85.863
0.305085,1.58036,88.244
0.305085,1.58929,89.038
0.305085,1.59821,91.006
0.305085,1.60714,92.398
0.305085,1.61607,93.42
0.305085,1.625,92.453
0.305085,1.63393,93.845
0.305085,1.64286,92.052
0.305085,1.65179,90.487
0.305085,1.66071,90.096
0.305085,1.66964,87.292
0.305085,1.67857,84.727
0.305085,1.6875,82.852
0.305085,1.69643,82.287
0.305085,1.70536,80.412
0.305085,1.71429,76.01
0.305085,1.72321,75.608
0.305085,1.73214,73.668
0.305085,1.74107,73.027
0.305085,1.75,70.799
0.305085,1.75893,71.799
0.305085,1.76786,72.272
0.305085,1.77679,72.272
0.305085,1.78571,70.044
0.305085,1.79464,67.158
0.305085,1.80357,71.044
0.305085,1.8125,72.027
0.305085,1.82143,70.913
0.305085,1.83036,70.973
0.305085,1.83929,70.104
0.305085,1.84821,68.751
0.305085,1.85714,61.996
0.305085,1.86607,59.828
0.305085,1.875,56.828
0.305085,1.88393,58.671
0.305085,1.89286,57.671
0.305085,1.90179,57.671
0.305085,1.91071,57.671
0.305085,1.91964,57.671
0.305085,1.92857,57.671
0.305085,1.9375,57.671
0.305085,1.94643,57.742
0.305085,1.95536,58.073
0.305085,1.96429,57.97
0.305085,1.97321,57.4
0.305085,1.98214,57.72
0.305085,1.99107,58.138
0.305085,2,57.389
0.2954,0,210.588
0.2954,0.00892857,193.835
0.2954,0.0178571,178.888
0.2954,0.0267857,172.634
0.2954,0.0357143,167.023
0.2954,0.0446429,164.397
0.2954,0.0535714,158.222
0.2954,0.0625,151.475
0.2954,0.0714286,149.965
0.2954,0.0803571,149.759
0.2954,0.0892857,152.792
0.2954,0.0982143,161.621
0.2954,0.107143,175.109
0.2954,0.116071,192.838
0.2954,0.125,195.084
0.2954,0.133929,65.945
0.2954,0.142857,164.507
0.2954,0.151786,201.803
0.2954,0.160714,173.022
0.2954,0.169643,165.41
0.2954,0.178571,156.962
0.2954,0.1875,149.944
0.2954,0.196429,149.503
0.2954,0.205357,150.617
0.2954,0.214286,156.686
0.2954,0.223214,161.773
0.2954,0.232143,168.621
0.2954,0.241071,170.662
0.2954,0.25,173.66
0.2954,0.258929,177.658
0.2954,0.267857,175.103
0.2954,0.276786,176.69
0.2954,0.285714,175.451
0.2954,0.294643,174.864
0.2954,0.303571,174.636
0.2954,0.3125,176.507
0.2954,0.321429,171.135
0.2954,0.330357,164.814
0.2954,0.339286,156.08
0.2954,0.348214,150.785
0.2954,0.357143,149.944
0.2954,0.366071,152.069
0.2954,0.375,156.652
0.2954,0.383929,161.241
0.2954,0.392857,162.158
0.2954,0.401786,158.227
0.2954,0.410714,152.114
0.2954,0.419643,151.535
0.2954,0.428571,164.629
0.2954,0.4375,171.825
0.2954,0.446429,153.082
0.2954,0.455357,140.06
0.2954,0.464286,119.719
0.2954,0.473214,112.965
0.2954,0.482143,106.943
0.2954,0.491071,107.937
0.2954,0.5,107.03
0.2954,0.508929,104.079
0.2954,0.517857,110.399
0.2954,0.526786,112.524
0.2954,0.535714,124.637
0.2954,0.544643,144.021
0.2954,0.553571,159.131
0.2954,0.5625,166.572
0.2954,0.571429,160.755
0.2954,0.580357,152.456
0.2954,0.589286,133.837
0.2954,0.598214,117.48
0.2954,0.607143,108.677
0.2954,0.616071,100.693
0.2954,0.625,94.986
0.2954,0.633929,92.074
0.2954,0.642857,90.156
0.2954,0.651786,88.221
0.2954,0.660714,87.221
0.2954,0.669643,86.221
0.2954,0.678571,85.335
0.2954,0.6875,84.449
0.2954,0.696429,85.161
0.2954,0.705357,84.161
0.2954,0.714286,85.449
0.2954,0.723214,85.449
0.2954,0.732143,85.449
0.2954,0.741071,85.449
0.2954,0.75,84.449
0.2954,0.758929,85.449
0.2954,0.767857,85.449
0.2954,0.776786,85.449
0.2954,0.785714,87.933
0.2954,0.794643,87.21
0.2954,0.803571,90.9
0.2954,0.8125,97.889
0.2954,0.821429,102.867
0.2954,0.830357,104.557
0.2954,0.839286,105.845
0.2954,0.848214,100.568
0.2954,0.857143,97.59
0.2954,0.866071,92.188
0.2954,0.875,92.9
0.2954,0.883929,91.21
0.2954,0.892857,90.21
0.2954,0.901786,89.21
0.2954,0.910714,90.21
0.2954,0.919643,91.21
0.2954,0.928571,92.21
0.2954,0.9375,91.21
0.2954,0.946429,91.911
0.2954,0.955357,94.601
0.2954,0.964286,95.59
0.2954,0.973214,96.579
0.2954,0.982143,102.155
0.2954,0.991071,103.443
0.2954,1,107.133
0.2954,1.00893,110.823
0.2954,1.01786,109.111
0.2954,1.02679,118.399
0.2954,1.03571,124.48
0.2954,1.04464,125.746
0.2954,1.05357,134.001
0.2954,1.0625,142.968
0.2954,1.07143,139.658
0.2954,1.08036,139.234
0.2954,1.08929,144.935
0.2954,1.09821,140.935
0.2954,1.10714,142.544
0.2954,1.11607,145.669
0.2954,1.125,140.751
0.2954,1.13393,137.485
0.2954,1.14286,128.393
0.2954,1.15179,128.127
0.2954,1.16071,120.85
0.2954,1.16964,121.448
0.2954,1.17857,127.861
0.2954,1.1875,122.551
0.2954,1.19643,131.116
0.2954,1.20536,128.116
0.2954,1.21429,131.116
0.2954,1.22321,125.105
0.2954,1.23214,129.105
0.2954,1.24107,133.806
0.2954,1.25,129.806
0.2954,1.25893,132.806
0.2954,1.26786,130.507
0.2954,1.27679,131.795
0.2954,1.28571,132.083
0.2954,1.29464,133.784
0.2954,1.30357,133.083
0.2954,1.3125,129.806
0.2954,1.32143,123.105
0.2954,1.33036,127.828
0.2954,1.33929,130.138
0.2954,1.34821,120.85
0.2954,1.35714,119.861
0.2954,1.36607,115.171
0.2954,1.375,111.883
0.2954,1.38393,109.595
0.2954,1.39286,108.595
0.2954,1.40179,109.823
0.2954,1.41071,107.834
0.2954,1.41964,109.133
0.2954,1.42857,107.133
0.2954,1.4375,103.834
0.2954,1.44643,100.443
0.2954,1.45536,104.454
0.2954,1.46429,100.878
0.2954,1.47321,93.59
0.2954,1.48214,91.9
0.2954,1.49107,89.623
0.2954,1.5,89.748
0.2954,1.50893,87.161
0.2954,1.51786,84.161
0.2954,1.52679,83.862
0.2954,1.53571,83.634
0.2954,1.54464,83.873
0.2954,1.55357,84.873
0.2954,1.5625,84.368
0.2954,1.57143,86.564
0.2954,1.58036,88.244
0.2954,1.58929,90.038
0.2954,1.59821,91.305
0.2954,1.60714,92.996
0.2954,1.61607,93.431
0.2954,1.625,93.453
0.2954,1.63393,92.959
0.2954,1.64286,92.753
0.2954,1.65179,90.96
0.2954,1.66071,89.085
0.2954,1.66964,88.466
0.2954,1.67857,85.271
0.2954,1.6875,84.51
0.2954,1.69643,82.048
0.2954,1.70536,82.586
0.2954,1.71429,81.412
0.2954,1.72321,77.01
0.2954,1.73214,73.896
0.2954,1.74107,73.255
0.2954,1.75,74.027
0.2954,1.75893,70.386
0.2954,1.76786,70.044
0.2954,1.77679,71.044
0.2954,1.78571,70.272
0.2954,1.79464,70.913
0.2954,1.80357,72.027
0.2954,1.8125,71.799
0.2954,1.82143,69.272
0.2954,1.83036,71.044
0.2954,1.83929,69.99
0.2954,1.84821,67.463
0.2954,1.85714,64.11
0.2954,1.86607,64.697
0.2954,1.875,59.942
0.2954,1.88393,57.899
0.2954,1.89286,57.899
0.2954,1.90179,57.899
0.2954,1.91071,57.785
0.2954,1.91964,57.671
0.2954,1.92857,57.671
0.2954,1.9375,57.671
0.2954,1.94643,57.742
0.2954,1.95536,58.073
0.2954,1.96429,57.97
0.2954,1.97321,57.4
0.2954,1.98214,57.72
0.2954,1.99107,58.138
0.2954,2,57.389
0.285714,0,249.319
0.285714,0.00892857,215.125
0.285714,0.0178571,177.329
0.285714,0.0267857,169.081
0.285714,0.0357143,165.199
0.285714,0.0446429,160.16
0.285714,0.0535714,152.153
0.285714,0.0625,150.318
0.285714,0.0714286,150.15
0.285714,0.0803571,151.716
0.285714,0.0892857,156.304
0.285714,0.0982143,167.03
0.285714,0.107143,179.91
0.285714,0.116071,205.106
0.285714,0.125,167.192
0.285714,0.133929,70.256
0.285714,0.142857,132.834
0.285714,0.151786,212.114
0.285714,0.160714,186.205
0.285714,0.169643,170.819
0.285714,0.178571,159.343
0.285714,0.1875,151.727
0.285714,0.196429,151.101
0.285714,0.205357,150.101
0.285714,0.214286,152.774
0.285714,0.223214,158.177
0.285714,0.232143,167.27
0.285714,0.241071,168.425
0.285714,0.25,171.95
0.285714,0.258929,177.176
0.285714,0.267857,175.718
0.285714,0.276786,176.935
0.285714,0.285714,175.75
0.285714,0.294643,175.451
0.285714,0.303571,176.24
0.285714,0.3125,177.838
0.285714,0.321429,176.518
0.285714,0.330357,175.776
0.285714,0.339286,166.954
0.285714,0.348214,158.106
0.285714,0.357143,151.387
0.285714,0.366071,149.4
0.285714,0.375,151.895
0.285714,0.383929,156.119
0.285714,0.392857,161.859
0.285714,0.401786,161.973
0.285714,0.410714,157.179
0.285714,0.419643,151.927
0.285714,0.428571,149.413
0.285714,0.4375,167.063
0.285714,0.446429,165.549
0.285714,0.455357,151.506
0.285714,0.464286,130.588
0.285714,0.473214,118.41
0.285714,0.482143,114.242
0.285714,0.491071,107.992
0.285714,0.5,108.258
0.285714,0.508929,110.563
0.285714,0.517857,111.47
0.285714,0.526786,115.644
0.285714,0.535714,130.86
0.285714,0.544643,147.842
0.285714,0.553571,166.931
0.285714,0.5625,173.351
0.285714,0.571429,169.762
0.285714,0.580357,162.114
0.285714,0.589286,140.864
0.285714,0.598214,124.219
0.285714,0.607143,113.438
0.285714,0.616071,102.628
0.285714,0.625,94.622
0.285714,0.633929,92.96
0.285714,0.642857,92.455
0.285714,0.651786,89.221
0.285714,0.660714,87.221
0.285714,0.669643,86.221
0.285714,0.678571,85.335
0.285714,0.6875,84.449
0.285714,0.696429,84.161
0.285714,0.705357,83.161
0.285714,0.714286,85.449
0.285714,0.723214,85.449
0.285714,0.732143,85.449
0.285714,0.741071,85.449
0.285714,0.75,85.449
0.285714,0.758929,85.449
0.285714,0.767857,86.449
0.285714,0.776786,86.449
0.285714,0.785714,86.933
0.285714,0.794643,87.922
0.285714,0.803571,91.498
0.285714,0.8125,94.889
0.285714,0.821429,99.465
0.285714,0.830357,103.856
0.285714,0.839286,102.144
0.285714,0.848214,104.454
0.285714,0.857143,99.59
0.285714,0.866071,95.188
0.285714,0.875,93.9
0.285714,0.883929,91.911
0.285714,0.892857,89.21
0.285714,0.901786,90.21
0.285714,0.910714,89.21
0.285714,0.919643,89.21
0.285714,0.928571,91.21
0.285714,0.9375,90.21
0.285714,0.946429,89.911
0.285714,0.955357,93.487
0.285714,0.964286,94.59
0.285714,0.973214,96.465
0.285714,0.982143,98.155
0.285714,0.991071,100.856
0.285714,1,106.432
0.285714,1.00893,107.823
0.285714,1.01786,108.823
0.285714,1.02679,112.1
0.285714,1.03571,121.665
0.285714,1.04464,126.045
0.285714,1.05357,137.3
0.285714,1.0625,142.566
0.285714,1.07143,140.957
0.285714,1.08036,148.533
0.285714,1.08929,141.935
0.285714,1.09821,142.234
0.285714,1.10714,145.359
0.285714,1.11607,146.669
0.285714,1.125,138.05
0.285714,1.13393,136.072
0.285714,1.14286,133.393
0.285714,1.15179,133.127
0.285714,1.16071,125.85
0.285714,1.16964,116.861
0.285714,1.17857,119.861
0.285714,1.1875,122.551
0.285714,1.19643,127.116
0.285714,1.20536,134.116
0.285714,1.21429,131.116
0.285714,1.22321,126.105
0.285714,1.23214,130.105
0.285714,1.24107,130.806
0.285714,1.25,126.806
0.285714,1.25893,127.806
0.285714,1.26786,134.393
0.285714,1.27679,131.382
0.285714,1.28571,134.784
0.285714,1.29464,131.784
0.285714,1.30357,128.795
0.285714,1.3125,131.806
0.285714,1.32143,131.806
0.285714,1.33036,127.828
0.285714,1.33929,126.138
0.285714,1.34821,118.149
0.285714,1.35714,118.16
0.285714,1.36607,112.584
0.285714,1.375,115.883
0.285714,1.38393,112.595
0.285714,1.39286,109.595
0.285714,1.40179,107.421
0.285714,1.41071,104.133
0.285714,1.41964,104.144
0.285714,1.42857,101.133
0.285714,1.4375,99.834
0.285714,1.44643,101.443
0.285714,1.45536,102.454
0.285714,1.46429,92.878
0.285714,1.47321,93.476
0.285714,1.48214,92.9
0.285714,1.49107,88.509
0.285714,1.5,87.047
0.285714,1.50893,86.161
0.285714,1.51786,85.161
0.285714,1.52679,83.862
0.285714,1.53571,83.634
0.285714,1.54464,83.873
0.285714,1.55357,84.873
0.285714,1.5625,84.955
0.285714,1.57143,86.564
0.285714,1.58036,88.244
0.285714,1.58929,90.038
0.285714,1.59821,91.604
0.285714,1.60714,92.996
0.285714,1.61607,93.431
0.285714,1.625,93.453
0.285714,1.63393,92.959
0.285714,1.64286,92.753
0.285714,1.65179,91.661
0.285714,1.66071,89.672
0.285714,1.66964,87.466
0.285714,1.67857,85.385
0.285714,1.6875,82.923
0.285714,1.69643,81.048
0.285714,1.70536,78.7
0.285714,1.71429,78.184
0.285714,1.72321,74.597
0.285714,1.73214,76.896
0.285714,1.74107,73.255
0.285714,1.75,72.027
0.285714,1.75893,69.386
0.285714,1.76786,70.044
0.285714,1.77679,69.816
0.285714,1.78571,70.044
0.285714,1.79464,71.272
0.285714,1.80357,69.799
0.285714,1.8125,72.799
0.285714,1.82143,71.272
0.285714,1.83036,71.044
0.285714,1.83929,67.99
0.285714,1.84821,62.349
0.285714,1.85714,65.11
0.285714,1.86607,59.882
0.285714,1.875,57.942
0.285714,1.88393,57.899
0.285714,1.89286,57.899
0.285714,1.90179,57.899
0.285714,1.91071,57.785
0.285714,1.91964,57.671
0.285714,1.92857,57.671
0.285714,1.9375,57.671
0.285714,1.94643,57.742
0.285714,1.95536,58.073
0.285714,1.96429,57.97
0.285714,1.97321,57.4
0.285714,1.98214,57.72
0.285714,1.99107,58.138
0.285714,2,57.389
0.276029,0,194.638
0.276029,0.00892857,179.201
0.276029,0.0178571,175.798
0.276029,0.0267857,166.051
0.276029,0.0357143,162.631
0.276029,0.0446429,156.538
0.276029,0.0535714,151.443
0.276029,0.0625,150.09
0.276029,0.0714286,149.688
0.276029,0.0803571,151.396
0.276029,0.0892857,159.588
0.276029,0.0982143,171.869
0.276029,0.107143,190.081
0.276029,0.116071,206.624
0.276029,0.125,136.125
0.276029,0.133929,84.469
0.276029,0.142857,106.334
0.276029,0.151786,195.364
0.276029,0.160714,199.709
0.276029,0.169643,177.185
0.276029,0.178571,162.681
0.276029,0.1875,154.222
0.276029,0.196429,150.813
0.276029,0.205357,149.987
0.276029,0.214286,151.688
0.276029,0.223214,156.239
0.276029,0.232143,161.762
0.276029,0.241071,168.743
0.276029,0.25,170.083
0.276029,0.258929,173.765
0.276029,0.267857,175.823
0.276029,0.276786,177.436
0.276029,0.285714,176.935
0.276029,0.294643,177.163
0.276029,0.303571,176.109
0.276029,0.3125,175.696
0.276029,0.321429,175.277
0.276029,0.330357,176.245
0.276029,0.339286,176.432
0.276029,0.348214,168.681
0.276029,0.357143,160.235
0.276029,0.366071,152.054
0.276029,0.375,150.454
0.276029,0.383929,151.194
0.276029,0.392857,156.19
0.276029,0.401786,160.745
0.276029,0.410714,160.076
0.276029,0.419643,159.521
0.276029,0.428571,150.2
0.276029,0.4375,150.196
0.276029,0.446429,169.633
0.276029,0.455357,171.211
0.276029,0.464286,147.489
0.276029,0.473214,125.789
0.276029,0.482143,120.459
0.276029,0.491071,118.106
0.276029,0.5,110.421
0.276029,0.508929,110.976
0.276029,0.517857,109.356
0.276029,0.526786,121.28
0.276029,0.535714,131.773
0.276029,0.544643,153.848
0.276029,0.553571,172.226
0.276029,0.5625,176.5
0.276029,0.571429,175.857
0.276029,0.580357,163.224
0.276029,0.589286,150.603
0.276029,0.598214,129.702
0.276029,0.607143,121.199
0.276029,0.616071,104.161
0.276029,0.625,93.372
0.276029,0.633929,95.547
0.276029,0.642857,93.281
0.276029,0.651786,90.21
0.276029,0.660714,86.922
0.276029,0.669643,86.221
0.276029,0.678571,86.335
0.276029,0.6875,85.161
0.276029,0.696429,85.161
0.276029,0.705357,84.161
0.276029,0.714286,85.449
0.276029,0.723214,85.449
0.276029,0.732143,85.449
0.276029,0.741071,85.449
0.276029,0.75,85.449
0.276029,0.758929,85.449
0.276029,0.767857,86.449
0.276029,0.776786,86.449
0.276029,0.785714,85.933
0.276029,0.794643,87.922
0.276029,0.803571,90.21
0.276029,0.8125,92.9
0.276029,0.821429,95.465
0.276029,0.830357,99.856
0.276029,0.839286,103.557
0.276029,0.848214,104.155
0.276029,0.857143,102.878
0.276029,0.866071,94.59
0.276029,0.875,90.601
0.276029,0.883929,89.911
0.276029,0.892857,91.21
0.276029,0.901786,88.21
0.276029,0.910714,90.21
0.276029,0.919643,89.21
0.276029,0.928571,91.21
0.276029,0.9375,90.21
0.276029,0.946429,90.911
0.276029,0.955357,91.9
0.276029,0.964286,93.889
0.276029,0.973214,99.465
0.276029,0.982143,100.454
0.276029,0.991071,99.856
0.276029,1,107.133
0.276029,1.00893,109.535
0.276029,1.01786,109.823
0.276029,1.02679,117.111
0.276029,1.03571,115.79
0.276029,1.04464,126.757
0.276029,1.05357,130.311
0.276029,1.0625,139.278
0.276029,1.07143,149.669
0.276029,1.08036,141.946
0.276029,1.08929,145.935
0.276029,1.09821,140.234
0.276029,1.10714,142.946
0.276029,1.11607,138.957
0.276029,1.125,136.05
0.276029,1.13393,135.474
0.276029,1.14286,133.393
0.276029,1.15179,125.54
0.276029,1.16071,124.85
0.276029,1.16964,115.861
0.276029,1.17857,120.861
0.276029,1.1875,126.149
0.276029,1.19643,114.828
0.276029,1.20536,119.828
0.276029,1.21429,126.116
0.276029,1.22321,136.116
0.276029,1.23214,135.105
0.276029,1.24107,129.105
0.276029,1.25,136.806
0.276029,1.25893,128.806
0.276029,1.26786,129.507
0.276029,1.27679,134.094
0.276029,1.28571,134.083
0.276029,1.29464,134.083
0.276029,1.30357,129.681
0.276029,1.3125,130.806
0.276029,1.32143,130.116
0.276029,1.33036,121.839
0.276029,1.33929,123.138
0.276029,1.34821,114.562
0.276029,1.35714,114.459
0.276029,1.36607,113.883
0.276029,1.375,115.595
0.276029,1.38393,113.595
0.276029,1.39286,110.595
0.276029,1.40179,109.834
0.276029,1.41071,108.133
0.276029,1.41964,107.144
0.276029,1.42857,103.144
0.276029,1.4375,107.133
0.276029,1.44643,103.144
0.276029,1.45536,102.166
0.276029,1.46429,97.878
0.276029,1.47321,95.177
0.276029,1.48214,92.9
0.276029,1.49107,90.509
0.276029,1.5,87.748
0.276029,1.50893,86.161
0.276029,1.51786,85.161
0.276029,1.52679,83.862
0.276029,1.53571,83.634
0.276029,1.54464,83.873
0.276029,1.55357,84.873
0.276029,1.5625,84.955
0.276029,1.57143,86.564
0.276029,1.58036,88.244
0.276029,1.58929,90.038
0.276029,1.59821,91.604
0.276029,1.60714,92.996
0.276029,1.61607,93.431
0.276029,1.625,93.453
0.276029,1.63393,92.959
0.276029,1.64286,91.465
0.276029,1.65179,90.074
0.276029,1.66071,89.085
0.276029,1.66964,87.765
0.276029,1.67857,86.385
0.276029,1.6875,82.037
0.276029,1.69643,79.575
0.276029,1.70536,80.586
0.276029,1.71429,79.597
0.276029,1.72321,80.896
0.276029,1.73214,74.255
0.276029,1.74107,74.255
0.276029,1.75,72.027
0.276029,1.75893,72.272
0.276029,1.76786,71.93
0.276029,1.77679,66.816
0.276029,1.78571,66.816
0.276029,1.79464,68.816
0.276029,1.80357,71.044
0.276029,1.8125,72.272
0.276029,1.82143,70.272
0.276029,1.83036,71.044
0.276029,1.83929,64.99
0.276029,1.84821,65.349
0.276029,1.85714,63.882
0.276029,1.86607,60.654
0.276029,1.875,61.714
0.276029,1.88393,57.899
0.276029,1.89286,57.899
0.276029,1.90179,57.899
0.276029,1.91071,57.785
0.276029,1.91964,57.671
0.276029,1.92857,57.671
0.276029,1.9375,57.671
0.276029,1.94643,57.742
0.276029,1.95536,58.073
0.276029,1.96429,57.97
0.276029,1.97321,57.4
0.276029,1.98214,57.72
0.276029,1.99107,58.138
0.276029,2,57.389
0.266344,0,179.464
0.266344,0.00892857,171.24
0.266344,0.0178571,166.969
0.266344,0.0267857,164.999
0.266344,0.0357143,160.177
0.266344,0.0446429,152.013
0.266344,0.0535714,150.417
0.266344,0.0625,149.514
0.266344,0.0714286,150.867
0.266344,0.0803571,155.532
0.266344,0.0892857,166.285
0.266344,0.0982143,176.409
0.266344,0.107143,198.469
0.266344,0.116071,194.222
0.266344,0.125,111.965
0.266344,0.133929,77.985
0.266344,0.142857,94.729
0.266344,0.151786,169.047
0.266344,0.160714,209.293
0.266344,0.169643,182.209
0.266344,0.178571,167.09
0.266344,0.1875,158.19
0.266344,0.196429,153.069
0.266344,0.205357,148.998
0.266344,0.214286,149.83
0.266344,0.223214,152.6
0.266344,0.232143,158.607
0.266344,0.241071,161.588
0.266344,0.25,163.683
0.266344,0.258929,168.952
0.266344,0.267857,174.238
0.266344,0.276786,175.307
0.266344,0.285714,174.806
0.266344,0.294643,174.604
0.266344,0.303571,176.744
0.266344,0.3125,175.864
0.266344,0.321429,175.511
0.266344,0.330357,176.625
0.266344,0.339286,176.234
0.266344,0.348214,175.019
0.266344,0.357143,170.767
0.266344,0.366071,160.945
0.266344,0.375,152.615
0.266344,0.383929,148.933
0.266344,0.392857,151.325
0.266344,0.401786,154.76
0.266344,0.410714,160.691
0.266344,0.419643,162.181
0.266344,0.428571,158.005
0.266344,0.4375,152.704
0.266344,0.446429,150.407
0.266344,0.455357,168.224
0.266344,0.464286,162.366
0.266344,0.473214,140.206
0.266344,0.482143,121.746
0.266344,0.491071,122.399
0.266344,0.5,117.16
0.266344,0.508929,112.008
0.266344,0.517857,112.399
0.266344,0.526786,117.187
0.266344,0.535714,136.914
0.266344,0.544643,158.609
0.266344,0.553571,173.418
0.266344,0.5625,173.748
0.266344,0.571429,175.29
0.266344,0.580357,171.231
0.266344,0.589286,156.755
0.266344,0.598214,145.587
0.266344,0.607143,124.807
0.266344,0.616071,113.612
0.266344,0.625,104.937
0.266344,0.633929,96.704
0.266344,0.642857,93.21
0.266344,0.651786,90.911
0.266344,0.660714,89.21
0.266344,0.669643,86.922
0.266344,0.678571,85.161
0.266344,0.6875,85.161
0.266344,0.696429,85.161
0.266344,0.705357,83.449
0.266344,0.714286,85.449
0.266344,0.723214,85.449
0.266344,0.732143,84.449
0.266344,0.741071,84.449
0.266344,0.75,84.449
0.266344,0.758929,85.449
0.266344,0.767857,84.449
0.266344,0.776786,84.449
0.266344,0.785714,85.221
0.266344,0.794643,86.922
0.266344,0.803571,88.21
0.266344,0.8125,91.612
0.266344,0.821429,93.775
0.266344,0.830357,98.867
0.266344,0.839286,101.856
0.266344,0.848214,105.856
0.266344,0.857143,99.155
0.266344,0.866071,94.166
0.266344,0.875,94.59
0.266344,0.883929,91.9
0.266344,0.892857,89.21
0.266344,0.901786,89.21
0.266344,0.910714,88.21
0.266344,0.919643,90.21
0.266344,0.928571,90.21
0.266344,0.9375,91.21
0.266344,0.946429,93.911
0.266344,0.955357,90.9
0.266344,0.964286,91.188
0.266344,0.973214,97.177
0.266344,0.982143,98.166
0.266344,0.991071,100.856
0.266344,1,102.144
0.266344,1.00893,107.834
0.266344,1.01786,109.834
0.266344,1.02679,113.41
0.266344,1.03571,118.089
0.266344,1.04464,122.768
0.266344,1.05357,125.034
0.266344,1.0625,131.702
0.266344,1.07143,138.979
0.266344,1.08036,143.245
0.266344,1.08929,140.935
0.266344,1.09821,141.935
0.266344,1.10714,142.946
0.266344,1.11607,140.256
0.266344,1.125,140.338
0.266344,1.13393,131.773
0.266344,1.14286,126.393
0.266344,1.15179,125.127
0.266344,1.16071,128.85
0.266344,1.16964,122.861
0.266344,1.17857,120.861
0.266344,1.1875,116.149
0.266344,1.19643,127.839
0.266344,1.20536,125.839
0.266344,1.21429,123.828
0.266344,1.22321,122.116
0.266344,1.23214,126.817
0.266344,1.24107,129.105
0.266344,1.25,130.806
0.266344,1.25893,128.105
0.266344,1.26786,128.806
0.266344,1.27679,128.507
0.266344,1.28571,137.382
0.266344,1.29464,130.083
0.266344,1.30357,129.094
0.266344,1.3125,129.105
0.266344,1.32143,122.116
0.266344,1.33036,130.839
0.266344,1.33929,126.138
0.266344,1.34821,123.861
0.266344,1.35714,119.171
0.266344,1.36607,117.883
0.266344,1.375,112.595
0.266344,1.38393,110.595
0.266344,1.39286,109.595
0.266344,1.40179,106.834
0.266344,1.41071,105.133
0.266344,1.41964,113.856
0.266344,1.42857,100.144
0.266344,1.4375,118.133
0.266344,1.44643,105.144
0.266344,1.45536,98.465
0.266344,1.46429,97.59
0.266344,1.47321,96.476
0.266344,1.48214,90.9
0.266344,1.49107,88.922
0.266344,1.5,88.748
0.266344,1.50893,87.161
0.266344,1.51786,84.161
0.266344,1.52679,83.862
0.266344,1.53571,83.933
0.266344,1.54464,83.873
0.266344,1.55357,84.873
0.266344,1.5625,84.955
0.266344,1.57143,85.564
0.266344,1.58036,87.358
0.266344,1.58929,89.038
0.266344,1.59821,91.604
0.266344,1.60714,92.996
0.266344,1.61607,93.431
0.266344,1.625,93.453
0.266344,1.63393,92.959
0.266344,1.64286,91.465
0.266344,1.65179,90.085
0.266344,1.66071,89.096
0.266344,1.66964,89.178
0.266344,1.67857,86.798
0.266344,1.6875,82.336
0.266344,1.69643,82.461
0.266344,1.70536,78.472
0.266344,1.71429,80.483
0.266344,1.72321,74.369
0.266344,1.73214,76.554
0.266344,1.74107,74.141
0.266344,1.75,73.799
0.266344,1.75893,72.272
0.266344,1.76786,70.044
0.266344,1.77679,68.175
0.266344,1.78571,64.175
0.266344,1.79464,65.175
0.266344,1.80357,68.702
0.266344,1.8125,68.158
0.266344,1.82143,71.158
0.266344,1.83036,66.044
0.266344,1.83929,68.104
0.266344,1.84821,67.349
0.266344,1.85714,63.882
0.266344,1.86607,58.127
0.266344,1.875,59.127
0.266344,1.88393,57.899
0.266344,1.89286,57.899
0.266344,1.90179,56.899
0.266344,1.91071,56.785
0.266344,1.91964,57.671
0.266344,1.92857,57.671
0.266344,1.9375,57.671
0.266344,1.94643,57.742
0.266344,1.95536,58.073
0.266344,1.96429,57.97
0.266344,1.97321,57.4
0.266344,1.98214,57.72
0.266344,1.99107,58.138
0.266344,2,57.389
0.256659,0,175.52
0.256659,0.00892857,166.096
0.256659,0.0178571,163.108
0.256659,0.0267857,162.192
0.256659,0.0357143,156.065
0.256659,0.0446429,151.215
0.256659,0.0535714,149.531
0.256659,0.0625,149.514
0.256659,0.0714286,151.465
0.256659,0.0803571,157.614
0.256659,0.0892857,168.079
0.256659,0.0982143,181.465
0.256659,0.107143,205.547
0.256659,0.116071,175.031
0.256659,0.125,98.789
0.256659,0.133929,69.006
0.256659,0.142857,91.798
0.256659,0.151786,153.549
0.256659,0.160714,208.391
0.256659,0.169643,187.472
0.256659,0.178571,171.026
0.256659,0.1875,161.403
0.256659,0.196429,152.852
0.256659,0.205357,149.998
0.256659,0.214286,149.243
0.256659,0.223214,151.4
0.256659,0.232143,154.082
0.256659,0.241071,157.134
0.256659,0.25,160.528
0.256659,0.258929,166.384
0.256659,0.267857,167.61
0.256659,0.276786,169.679
0.256659,0.285714,171.292
0.256659,0.294643,173.09
0.256659,0.303571,174.116
0.256659,0.3125,174.752
0.256659,0.321429,175.04
0.256659,0.330357,176.713
0.256659,0.339286,174.821
0.256659,0.348214,174.789
0.256659,0.357143,174.546
0.256659,0.366071,170.049
0.256659,0.375,162.62
0.256659,0.383929,154.815
0.256659,0.392857,149.073
0.256659,0.401786,151.009
0.256659,0.410714,154.723
0.256659,0.419643,160.708
0.256659,0.428571,160.799
0.256659,0.4375,156.412
0.256659,0.446429,151.813
0.256659,0.455357,157.03
0.256659,0.464286,170.96
0.256659,0.473214,159.175
0.256659,0.482143,141.245
0.256659,0.491071,126.002
0.256659,0.5,118.676
0.256659,0.508929,119.453
0.256659,0.517857,121.545
0.256659,0.526786,126.507
0.256659,0.535714,139.636
0.256659,0.544643,163.968
0.256659,0.553571,174.67
0.256659,0.5625,166.529
0.256659,0.571429,168.305
0.256659,0.580357,174.326
0.256659,0.589286,163.669
0.256659,0.598214,147.722
0.256659,0.607143,123.746
0.256659,0.616071,113.046
0.256659,0.625,106.225
0.256659,0.633929,100.622
0.256659,0.642857,93.541
0.256659,0.651786,89.911
0.256659,0.660714,89.911
0.256659,0.669643,87.221
0.256659,0.678571,85.748
0.256659,0.6875,86.161
0.256659,0.696429,85.449
0.256659,0.705357,85.449
0.256659,0.714286,85.449
0.256659,0.723214,85.449
0.256659,0.732143,84.449
0.256659,0.741071,84.449
0.256659,0.75,85.449
0.256659,0.758929,85.449
0.256659,0.767857,85.449
0.256659,0.776786,85.449
0.256659,0.785714,85.221
0.256659,0.794643,86.221
0.256659,0.803571,87.221
0.256659,0.8125,92.21
0.256659,0.821429,93.188
0.256659,0.830357,98.878
0.256659,0.839286,100.155
0.256659,0.848214,105.557
0.256659,0.857143,103.557
0.256659,0.866071,103.155
0.256659,0.875,98.59
0.256659,0.883929,92.9
0.256659,0.892857,91.612
0.256659,0.901786,89.21
0.256659,0.910714,88.623
0.256659,0.919643,90.21
0.256659,0.928571,91.21
0.256659,0.9375,91.21
0.256659,0.946429,91.21
0.256659,0.955357,94.199
0.256659,0.964286,94.188
0.256659,0.973214,95.889
0.256659,0.982143,98.465
0.256659,0.991071,102.454
0.256659,1,103.443
0.256659,1.00893,106.133
0.256659,1.01786,110.133
0.256659,1.02679,107.834
0.256659,1.03571,118.1
0.256659,1.04464,121.366
0.256659,1.05357,131.746
0.256659,1.0625,126.311
0.256659,1.07143,138.691
0.256659,1.08036,145.658
0.256659,1.08929,142.935
0.256659,1.09821,141.935
0.256659,1.10714,145.946
0.256659,1.11607,142.957
0.256659,1.125,139.338
0.256659,1.13393,135.36
0.256659,1.14286,128.094
0.256659,1.15179,127.426
0.256659,1.16071,124.562
0.256659,1.16964,118.16
0.256659,1.17857,121.16
0.256659,1.1875,116.861
0.256659,1.19643,125.437
0.256659,1.20536,126.839
0.256659,1.21429,126.839
0.256659,1.22321,128.828
0.256659,1.23214,125.116
0.256659,1.24107,126.105
0.256659,1.25,129.806
0.256659,1.25893,125.105
0.256659,1.26786,133.105
0.256659,1.27679,134.806
0.256659,1.28571,134.507
0.256659,1.29464,131.094
0.256659,1.30357,127.507
0.256659,1.3125,131.817
0.256659,1.32143,129.828
0.256659,1.33036,123.839
0.256659,1.33929,126.437
0.256659,1.34821,123.861
0.256659,1.35714,114.171
0.256659,1.36607,112.883
0.256659,1.375,114.595
0.256659,1.38393,112.595
0.256659,1.39286,106.595
0.256659,1.40179,108.535
0.256659,1.41071,108.133
0.256659,1.41964,105.845
0.256659,1.42857,107.432
0.256659,1.4375,106.133
0.256659,1.44643,106.443
0.256659,1.45536,98.454
0.256659,1.46429,97.878
0.256659,1.47321,93.59
0.256659,1.48214,88.9
0.256659,1.49107,89.509
0.256659,1.5,87.748
0.256659,1.50893,85.161
0.256659,1.51786,84.161
0.256659,1.52679,83.862
0.256659,1.53571,83.634
0.256659,1.54464,84.873
0.256659,1.55357,84.873
0.256659,1.5625,85.955
0.256659,1.57143,86.151
0.256659,1.58036,87.657
0.256659,1.58929,88.038
0.256659,1.59821,91.718
0.256659,1.60714,92.996
0.256659,1.61607,93.431
0.256659,1.625,93.453
0.256659,1.63393,92.372
0.256659,1.64286,91.465
0.256659,1.65179,90.085
0.256659,1.66071,89.395
0.256659,1.66964,87.477
0.256659,1.67857,84.624
0.256659,1.6875,85.45
0.256659,1.69643,81.173
0.256659,1.70536,79.885
0.256659,1.71429,79.483
0.256659,1.72321,73.668
0.256659,1.73214,74.554
0.256659,1.74107,73.027
0.256659,1.75,71.799
0.256659,1.75893,69.272
0.256659,1.76786,67.93
0.256659,1.77679,65.816
0.256659,1.78571,65.175
0.256659,1.79464,67.175
0.256659,1.80357,68.702
0.256659,1.8125,72.158
0.256659,1.82143,72.272
0.256659,1.83036,73.158
0.256659,1.83929,69.218
0.256659,1.84821,65.876
0.256659,1.85714,64.882
0.256659,1.86607,58.127
0.256659,1.875,60.486
0.256659,1.88393,58.899
0.256659,1.89286,56.899
0.256659,1.90179,56.899
0.256659,1.91071,57.785
0.256659,1.91964,57.671
0.256659,1.92857,57.671
0.256659,1.9375,57.671
0.256659,1.94643,57.742
0.256659,1.95536,58.073
0.256659,1.96429,57.97
0.256659,1.97321,57.4
0.256659,1.98214,57.72
0.256659,1.99107,58.138
0.256659,2,57.389
0.246973,0,173.174
0.246973,0.00892857,161.838
0.246973,0.0178571,159.878
0.246973,0.0267857,157.695
0.246973,0.0357143,153.284
0.246973,0.0446429,150.699
0.246973,0.0535714,150.346
0.246973,0.0625,149.101
0.246973,0.0714286,152.368
0.246973,0.0803571,158.756
0.246973,0.0892857,170.047
0.246973,0.0982143,186.689
0.246973,0.107143,210.586
0.246973,0.116071,160.334
0.246973,0.125,94.919
0.246973,0.133929,69.104
0.246973,0.142857,90.352
0.246973,0.151786,136.575
0.246973,0.160714,208.119
0.246973,0.169643,191.294
0.246973,0.178571,174.179
0.246973,0.1875,163.844
0.246973,0.196429,155.57
0.246973,0.205357,150.813
0.246973,0.214286,149.471
0.246973,0.223214,150.645
0.246973,0.232143,153.611
0.246973,0.241071,156.908
0.246973,0.25,159.661
0.246973,0.258929,163.115
0.246973,0.267857,164.885
0.246973,0.276786,166.726
0.246973,0.285714,166.638
0.246973,0.294643,167.909
0.246973,0.303571,168.898
0.246973,0.3125,170.055
0.246973,0.321429,170.896
0.246973,0.330357,174.15
0.246973,0.339286,174.649
0.246973,0.348214,174.877
0.246973,0.357143,175.888
0.246973,0.366071,174.731
0.246973,0.375,170.032
0.246973,0.383929,165.216
0.246973,0.392857,155.069
0.246973,0.401786,149.116
0.246973,0.410714,151.368
0.246973,0.419643,155.663
0.246973,0.428571,159.104
0.246973,0.4375,160.756
0.246973,0.446429,155.499
0.246973,0.455357,147.475
0.246973,0.464286,157.197
0.246973,0.473214,174.898
0.246973,0.482143,156.05
0.246973,0.491071,140.458
0.246973,0.5,126.181
0.246973,0.508929,117.317
0.246973,0.517857,121.295
0.246973,0.526786,131.485
0.246973,0.535714,151.614
0.246973,0.544643,165.398
0.246973,0.553571,172.569
0.246973,0.5625,160.533
0.246973,0.571429,162.788
0.246973,0.580357,176.025
0.246973,0.589286,166.024
0.246973,0.598214,155.76
0.246973,0.607143,135.745
0.246973,0.616071,120.497
0.246973,0.625,111.997
0.246973,0.633929,103.899
0.246973,0.642857,97.519
0.246973,0.651786,95.188
0.246973,0.660714,90.612
0.246973,0.669643,88.922
0.246973,0.678571,87.748
0.246973,0.6875,87.161
0.246973,0.696429,85.449
0.246973,0.705357,85.15
0.246973,0.714286,84.449
0.246973,0.723214,84.449
0.246973,0.732143,84.449
0.246973,0.741071,84.449
0.246973,0.75,84.449
0.246973,0.758929,84.449
0.246973,0.767857,85.449
0.246973,0.776786,86.449
0.246973,0.785714,84.221
0.246973,0.794643,86.221
0.246973,0.803571,87.221
0.246973,0.8125,90.21
0.246973,0.821429,93.601
0.246973,0.830357,100.59
0.246973,0.839286,100.454
0.246973,0.848214,103.845
0.246973,0.857143,106.432
0.246973,0.866071,103.856
0.246973,0.875,97.878
0.246973,0.883929,94.188
0.246973,0.892857,91.612
0.246973,0.901786,89.21
0.246973,0.910714,88.221
0.246973,0.919643,89.21
0.246973,0.928571,91.21
0.246973,0.9375,89.21
0.246973,0.946429,91.21
0.246973,0.955357,91.911
0.246973,0.964286,94.487
0.246973,0.973214,93.889
0.246973,0.982143,98.177
0.246973,0.991071,100.454
0.246973,1,99.856
0.246973,1.00893,103.731
0.246973,1.01786,106.432
0.246973,1.02679,108.133
0.246973,1.03571,114.111
0.246973,1.04464,118.779
0.246973,1.05357,130.344
0.246973,1.0625,133.322
0.246973,1.07143,139.403
0.246973,1.08036,136.256
0.246973,1.08929,141.935
0.246973,1.09821,146.935
0.246973,1.10714,139.946
0.246973,1.11607,143.957
0.246973,1.125,142.338
0.246973,1.13393,135.349
0.246973,1.14286,129.795
0.246973,1.15179,125.426
0.246973,1.16071,122.149
0.246973,1.16964,119.16
0.246973,1.17857,119.16
0.246973,1.1875,118.861
0.246973,1.19643,123.149
0.246973,1.20536,123.551
0.246973,1.21429,124.138
0.246973,1.22321,125.839
0.246973,1.23214,127.529
0.246973,1.24107,133.116
0.246973,1.25,130.105
0.246973,1.25893,128.404
0.246973,1.26786,133.404
0.246973,1.27679,123.806
0.246973,1.28571,128.094
0.246973,1.29464,129.094
0.246973,1.30357,128.806
0.246973,1.3125,131.817
0.246973,1.32143,128.828
0.246973,1.33036,126.138
0.246973,1.33929,123.85
0.246973,1.34821,120.861
0.246973,1.35714,119.171
0.246973,1.36607,112.595
0.246973,1.375,109.595
0.246973,1.38393,109.193
0.246973,1.39286,110.193
0.246973,1.40179,108.823
0.246973,1.41071,105.834
0.246973,1.41964,107.133
0.246973,1.42857,105.834
0.246973,1.4375,107.834
0.246973,1.44643,99.432
0.246973,1.45536,105.269
0.246973,1.46429,98.465
0.246973,1.47321,96.59
0.246973,1.48214,91.9
0.246973,1.49107,88.922
0.246973,1.5,86.748
0.246973,1.50893,85.161
0.246973,1.51786,84.161
0.246973,1.52679,84.449
0.246973,1.53571,83.634
0.246973,1.54464,83.873
0.246973,1.55357,84.873
0.246973,1.5625,84.955
0.246973,1.57143,86.564
0.246973,1.58036,86.657
0.246973,1.58929,88.038
0.246973,1.59821,92.604
0.246973,1.60714,92.996
0.246973,1.61607,93.431
0.246973,1.625,93.453
0.246973,1.63393,92.671
0.246973,1.64286,92.063
0.246973,1.65179,91.797
0.246973,1.66071,89.808
0.246973,1.66964,87.89
0.246973,1.67857,83.624
0.246973,1.6875,82.863
0.246973,1.69643,77.401
0.246973,1.70536,77.298
0.246973,1.71429,76.782
0.246973,1.72321,72.081
0.246973,1.73214,72.739
0.246973,1.74107,73.799
0.246973,1.75,67.272
0.246973,1.75893,71.272
0.246973,1.76786,65.158
0.246973,1.77679,70.044
0.246973,1.78571,65.93
0.246973,1.79464,67.702
0.246973,1.80357,71.702
0.246973,1.8125,70.685
0.246973,1.82143,72.799
0.246973,1.83036,73.799
0.246973,1.83929,68.973
0.246973,1.84821,67.876
0.246973,1.85714,59.11
0.246973,1.86607,57.127
0.246973,1.875,56.187
0.246973,1.88393,58.899
0.246973,1.89286,57.899
0.246973,1.90179,58.899
0.246973,1.91071,57.785
0.246973,1.91964,57.671
0.246973,1.92857,57.671
0.246973,1.9375,57.671
0.246973,1.94643,57.742
0.246973,1.95536,58.073
0.246973,1.96429,57.97
0.246973,1.97321,57.4
0.246973,1.98214,57.72
0.246973,1.99107,58.138
0.246973,2,57.389
0.237288,0,169.528
0.237288,0.00892857,156.704
0.237288,0.0178571,155.033
0.237288,0.0267857,155.355
0.237288,0.0357143,152.97
0.237288,0.0446429,150.699
0.237288,0.0535714,149.873
0.237288,0.0625,150.52
0.237288,0.0714286,153.755
0.237288,0.0803571,160.67
0.237288,0.0892857,171.944
0.237288,0.0982143,188.853
0.237288,0.107143,208.152
0.237288,0.116071,153.17
0.237288,0.125,92.061
0.237288,0.133929,75.741
0.237288,0.142857,90.875
0.237288,0.151786,120.097
0.237288,0.160714,203.782
0.237288,0.169643,195.92
0.237288,0.178571,177.033
0.237288,0.1875,163.801
0.237288,0.196429,155.228
0.237288,0.205357,151.041
0.237288,0.214286,149.813
0.237288,0.223214,150.759
0.237288,0.232143,151.813
0.237288,0.241071,153.839
0.237288,0.25,158.663
0.237288,0.258929,158.889
0.237288,0.267857,158.502
0.237288,0.276786,161.702
0.237288,0.285714,164.087
0.237288,0.294643,164.657
0.237288,0.303571,163.717
0.237288,0.3125,165.629
0.237288,0.321429,167.524
0.237288,0.330357,169.778
0.237288,0.339286,169.152
0.237288,0.348214,171.765
0.237288,0.357143,175.019
0.237288,0.366071,175.632
0.237288,0.375,175.301
0.237288,0.383929,171.135
0.237288,0.392857,164.803
0.237288,0.401786,155.14
0.237288,0.410714,150.785
0.237288,0.419643,150.792
0.237288,0.428571,156.076
0.237288,0.4375,160.919
0.237288,0.446429,158.837
0.237288,0.455357,154.097
0.237288,0.464286,150.833
0.237288,0.473214,166.672
0.237288,0.482143,170.553
0.237288,0.491071,144.674
0.237288,0.5,133.969
0.237288,0.508929,127.301
0.237288,0.517857,128.703
0.237288,0.526786,135.833
0.237288,0.535714,152.136
0.237288,0.544643,166.714
0.237288,0.553571,170.468
0.237288,0.5625,155.167
0.237288,0.571429,157.955
0.237288,0.580357,170.012
0.237288,0.589286,173.276
0.237288,0.598214,157.418
0.237288,0.607143,141.886
0.237288,0.616071,123.372
0.237288,0.625,116.84
0.237288,0.633929,102.78
0.237288,0.642857,99.454
0.237288,0.651786,93.188
0.237288,0.660714,89.612
0.237288,0.669643,88.922
0.237288,0.678571,86.161
0.237288,0.6875,86.161
0.237288,0.696429,85.449
0.237288,0.705357,84.851
0.237288,0.714286,84.449
0.237288,0.723214,84.449
0.237288,0.732143,85.449
0.237288,0.741071,85.449
0.237288,0.75,84.449
0.237288,0.758929,84.449
0.237288,0.767857,85.449
0.237288,0.776786,85.449
0.237288,0.785714,84.221
0.237288,0.794643,85.221
0.237288,0.803571,87.221
0.237288,0.8125,88.808
0.237288,0.821429,91.911
0.237288,0.830357,95.476
0.237288,0.839286,98.867
0.237288,0.848214,103.144
0.237288,0.857143,105.133
0.237288,0.866071,103.856
0.237288,0.875,100.166
0.237288,0.883929,94.188
0.237288,0.892857,92.612
0.237288,0.901786,90.21
0.237288,0.910714,88.221
0.237288,0.919643,89.21
0.237288,0.928571,90.21
0.237288,0.9375,90.21
0.237288,0.946429,90.21
0.237288,0.955357,93.911
0.237288,0.964286,92.9
0.237288,0.973214,94.188
0.237288,0.982143,93.878
0.237288,0.991071,99.465
0.237288,1,100.856
0.237288,1.00893,104.144
0.237288,1.01786,106.144
0.237288,1.02679,112.133
0.237288,1.03571,111.524
0.237288,1.04464,115.79
0.237288,1.05357,124.768
0.237288,1.0625,129.447
0.237288,1.07143,135.414
0.237288,1.08036,141.669
0.237288,1.08929,139.935
0.237288,1.09821,142.935
0.237288,1.10714,143.234
0.237288,1.11607,137.957
0.237288,1.125,136.039
0.237288,1.13393,141.463
0.237288,1.14286,125.795
0.237288,1.15179,127.127
0.237288,1.16071,119.562
0.237288,1.16964,119.16
0.237288,1.17857,121.16
0.237288,1.1875,116.16
0.237288,1.19643,119.263
0.237288,1.20536,124.85
0.237288,1.21429,118.138
0.237288,1.22321,121.839
0.237288,1.23214,128.828
0.237288,1.24107,127.116
0.237288,1.25,131.105
0.237288,1.25893,127.518
0.237288,1.26786,127.703
0.237288,1.27679,132.806
0.237288,1.28571,131.507
0.237288,1.29464,135.806
0.237288,1.30357,133.105
0.237288,1.3125,129.116
0.237288,1.32143,127.426
0.237288,1.33036,124.138
0.237288,1.33929,120.85
0.237288,1.34821,117.16
0.237288,1.35714,116.171
0.237288,1.36607,110.595
0.237288,1.375,110.193
0.237288,1.38393,109.193
0.237288,1.39286,107.894
0.237288,1.40179,107.111
0.237288,1.41071,105.823
0.237288,1.41964,110.133
0.237288,1.42857,106.834
0.237288,1.4375,116.823
0.237288,1.44643,103.834
0.237288,1.45536,104.155
0.237288,1.46429,97.465
0.237288,1.47321,94.59
0.237288,1.48214,94.9
0.237288,1.49107,91.509
0.237288,1.5,87.748
0.237288,1.50893,86.161
0.237288,1.51786,86.161
0.237288,1.52679,85.449
0.237288,1.53571,83.634
0.237288,1.54464,83.873
0.237288,1.55357,84.873
0.237288,1.5625,84.955
0.237288,1.57143,86.151
0.237288,1.58036,87.244
0.237288,1.58929,88.038
0.237288,1.59821,91.718
0.237288,1.60714,92.996
0.237288,1.61607,93.431
0.237288,1.625,93.453
0.237288,1.63393,92.671
0.237288,1.64286,92.063
0.237288,1.65179,90.096
0.237288,1.66071,88.993
0.237288,1.66964,87.303
0.237288,1.67857,84.852
0.237288,1.6875,83.977
0.237288,1.69643,79.401
0.237288,1.70536,78.711
0.237288,1.71429,78.081
0.237288,1.72321,74.967
0.237288,1.73214,73.739
0.237288,1.74107,71.799
0.237288,1.75,71.272
0.237288,1.75893,70.272
0.237288,1.76786,72.272
0.237288,1.77679,69.158
0.237288,1.78571,71.044
0.237288,1.79464,69.044
0.237288,1.80357,66.93
0.237288,1.8125,68.913
0.237288,1.82143,73.027
0.237288,1.83036,72.027
0.237288,1.83929,70.087
0.237288,1.84821,70.104
0.237288,1.85714,62.338
0.237288,1.86607,64.654
0.237288,1.875,59.6
0.237288,1.88393,57.899
0.237288,1.89286,58.899
0.237288,1.90179,58.899
0.237288,1.91071,55.899
0.237288,1.91964,57.671
0.237288,1.92857,57.671
0.237288,1.9375,57.671
0.237288,1.94643,57.742
0.237288,1.95536,58.073
0.237288,1.96429,57.97
0.237288,1.97321,57.4
0.237288,1.98214,57.72
0.237288,1.99107,58.138
0.237288,2,57.389
0.227603,0,167.932
0.227603,0.00892857,157.293
0.227603,0.0178571,157.338
0.227603,0.0267857,155.024
0.227603,0.0357143,152.514
0.227603,0.0446429,150.873
0.227603,0.0535714,149.275
0.227603,0.0625,150.221
0.227603,0.0714286,153.57
0.227603,0.0803571,162.143
0.227603,0.0892857,172.499
0.227603,0.0982143,188.864
0.227603,0.107143,206.718
0.227603,0.116071,145.773
0.227603,0.125,92.599
0.227603,0.133929,86.253
0.227603,0.142857,91.049
0.227603,0.151786,110.162
0.227603,0.160714,197.228
0.227603,0.169643,197.948
0.227603,0.178571,178.104
0.227603,0.1875,164.399
0.227603,0.196429,155.239
0.227603,0.205357,150.927
0.227603,0.214286,149.215
0.227603,0.223214,149.987
0.227603,0.232143,151.286
0.227603,0.241071,153.497
0.227603,0.25,154.637
0.227603,0.258929,156.065
0.227603,0.267857,159.749
0.227603,0.276786,158.205
0.227603,0.285714,158.248
0.227603,0.294643,159.476
0.227603,0.303571,158.248
0.227603,0.3125,159.644
0.227603,0.321429,160.969
0.227603,0.330357,161.881
0.227603,0.339286,163.771
0.227603,0.348214,166.41
0.227603,0.357143,171.38
0.227603,0.366071,173.204
0.227603,0.375,174.486
0.227603,0.383929,173.318
0.227603,0.392857,172.223
0.227603,0.401786,164.119
0.227603,0.410714,154.684
0.227603,0.419643,149.454
0.227603,0.428571,150.977
0.227603,0.4375,157.424
0.227603,0.446429,160.805
0.227603,0.455357,158.614
0.227603,0.464286,152.852
0.227603,0.473214,152.467
0.227603,0.482143,170.173
0.227603,0.491071,165.425
0.227603,0.5,143.838
0.227603,0.508929,135.36
0.227603,0.517857,129.681
0.227603,0.526786,134.74
0.227603,0.535714,153.88
0.227603,0.544643,169.34
0.227603,0.553571,166.541
0.227603,0.5625,151.235
0.227603,0.571429,152.735
0.227603,0.580357,160.902
0.227603,0.589286,175.012
0.227603,0.598214,165.805
0.227603,0.607143,151.201
0.227603,0.616071,124.67
0.227603,0.625,121.128
0.227603,0.633929,106.655
0.227603,0.642857,101.845
0.227603,0.651786,95.188
0.227603,0.660714,91.911
0.227603,0.669643,89.221
0.227603,0.678571,85.047
0.227603,0.6875,85.161
0.227603,0.696429,85.449
0.227603,0.705357,84.449
0.227603,0.714286,84.449
0.227603,0.723214,84.449
0.227603,0.732143,85.449
0.227603,0.741071,85.449
0.227603,0.75,85.449
0.227603,0.758929,85.449
0.227603,0.767857,85.449
0.227603,0.776786,85.449
0.227603,0.785714,85.221
0.227603,0.794643,85.634
0.227603,0.803571,87.047
0.227603,0.8125,88.221
0.227603,0.821429,89.612
0.227603,0.830357,94.188
0.227603,0.839286,99.465
0.227603,0.848214,103.144
0.227603,0.857143,105.546
0.227603,0.866071,104.856
0.227603,0.875,100.867
0.227603,0.883929,95.476
0.227603,0.892857,94.601
0.227603,0.901786,90.911
0.227603,0.910714,89.221
0.227603,0.919643,89.509
0.227603,0.928571,89.509
0.227603,0.9375,90.922
0.227603,0.946429,91.21
0.227603,0.955357,89.911
0.227603,0.964286,89.9
0.227603,0.973214,94.889
0.227603,0.982143,97.291
0.227603,0.991071,103.155
0.227603,1,101.155
0.227603,1.00893,104.144
0.227603,1.01786,105.144
0.227603,1.02679,107.133
0.227603,1.03571,111.111
0.227603,1.04464,122.79
0.227603,1.05357,127.366
0.227603,1.0625,133.219
0.227603,1.07143,135.887
0.227603,1.08036,140.256
0.227603,1.08929,143.234
0.227603,1.09821,146.935
0.227603,1.10714,144.234
0.227603,1.11607,137.06
0.227603,1.125,138.028
0.227603,1.13393,138.05
0.227603,1.14286,129.382
0.227603,1.15179,129.529
0.227603,1.16071,124.85
0.227603,1.16964,120.861
0.227603,1.17857,120.16
0.227603,1.1875,120.16
0.227603,1.19643,115.16
0.227603,1.20536,119.149
0.227603,1.21429,133.138
0.227603,1.22321,124.839
0.227603,1.23214,125.116
0.227603,1.24107,129.703
0.227603,1.25,129.105
0.227603,1.25893,126.703
0.227603,1.26786,126.529
0.227603,1.27679,133.507
0.227603,1.28571,128.382
0.227603,1.29464,133.795
0.227603,1.30357,129.393
0.227603,1.3125,126.415
0.227603,1.32143,122.551
0.227603,1.33036,120.149
0.227603,1.33929,120.149
0.227603,1.34821,115.16
0.227603,1.35714,115.872
0.227603,1.36607,110.182
0.227603,1.375,114.296
0.227603,1.38393,114.894
0.227603,1.39286,107.894
0.227603,1.40179,107.823
0.227603,1.41071,107.236
0.227603,1.41964,108.834
0.227603,1.42857,106.834
0.227603,1.4375,102.834
0.227603,1.44643,106.546
0.227603,1.45536,97.856
0.227603,1.46429,102.465
0.227603,1.47321,95.188
0.227603,1.48214,89.9
0.227603,1.49107,88.911
0.227603,1.5,88.047
0.227603,1.50893,84.46
0.227603,1.51786,85.047
0.227603,1.52679,83.335
0.227603,1.53571,83.634
0.227603,1.54464,83.873
0.227603,1.55357,84.286
0.227603,1.5625,84.368
0.227603,1.57143,87.45
0.227603,1.58036,87.956
0.227603,1.58929,88.739
0.227603,1.59821,90.718
0.227603,1.60714,92.811
0.227603,1.61607,93.431
0.227603,1.625,93.339
0.227603,1.63393,92.557
0.227603,1.64286,92.052
0.227603,1.65179,89.786
0.227603,1.66071,87.406
0.227603,1.66964,85.417
0.227603,1.67857,83.553
0.227603,1.6875,82.564
0.227603,1.69643,79.401
0.227603,1.70536,77.597
0.227603,1.71429,76.081
0.227603,1.72321,72.44
0.227603,1.73214,71.326
0.227603,1.74107,75.272
0.227603,1.75,70.859
0.227603,1.75893,66.745
0.227603,1.76786,68.93
0.227603,1.77679,65.631
0.227603,1.78571,71.631
0.227603,1.79464,65.745
0.227603,1.80357,68.859
0.227603,1.8125,72.799
0.227603,1.82143,71.027
0.227603,1.83036,73.027
0.227603,1.83929,70.5
0.227603,1.84821,69.332
0.227603,1.85714,62.05
0.227603,1.86607,63.241
0.227603,1.875,58.714
0.227603,1.88393,57.899
0.227603,1.89286,56.899
0.227603,1.90179,56.899
0.227603,1.91071,55.899
0.227603,1.91964,57.671
0.227603,1.92857,57.671
0.227603,1.9375,57.557
0.227603,1.94643,57.742
0.227603,1.95536,58.073
0.227603,1.96429,57.97
0.227603,1.97321,57.4
0.227603,1.98214,57.72
0.227603,1.99107,58.138
0.227603,2,57.389
0.217918,0,164.102
0.217918,0.00892857,155.392
0.217918,0.0178571,155.523
0.217918,0.0267857,152.366
0.217918,0.0357143,150.041
0.217918,0.0446429,150.531
0.217918,0.0535714,150.563
0.217918,0.0625,150.019
0.217918,0.0714286,154.482
0.217918,0.0803571,162.61
0.217918,0.0892857,171.798
0.217918,0.0982143,189.739
0.217918,0.107143,206.729
0.217918,0.116071,141.382
0.217918,0.125,92.223
0.217918,0.133929,82.427
0.217918,0.142857,87.309
0.217918,0.151786,107.607
0.217918,0.160714,194.592
0.217918,0.169643,198.617
0.217918,0.178571,178.979
0.217918,0.1875,165.04
0.217918,0.196429,155.777
0.217918,0.205357,151.286
0.217918,0.214286,150.036
0.217918,0.223214,149.987
0.217918,0.232143,150.927
0.217918,0.241071,153.671
0.217918,0.25,155.181
0.217918,0.258929,156.164
0.217918,0.267857,157.278
0.217918,0.276786,155.164
0.217918,0.285714,153.751
0.217918,0.294643,154.278
0.217918,0.303571,153.067
0.217918,0.3125,153.48
0.217918,0.321429,153.822
0.217918,0.330357,154.805
0.217918,0.339286,157.635
0.217918,0.348214,158.562
0.217918,0.357143,163.945
0.217918,0.366071,167.296
0.217918,0.375,171.619
0.217918,0.383929,172.503
0.217918,0.392857,173.221
0.217918,0.401786,172.326
0.217918,0.410714,162.347
0.217918,0.419643,152.897
0.217918,0.428571,148.884
0.217918,0.4375,153.456
0.217918,0.446429,158.62
0.217918,0.455357,162.152
0.217918,0.464286,156.005
0.217918,0.473214,151.944
0.217918,0.482143,158.702
0.217918,0.491071,172.408
0.217918,0.5,157.039
0.217918,0.508929,138.359
0.217918,0.517857,134.338
0.217918,0.526786,137.636
0.217918,0.535714,157.097
0.217918,0.544643,171.977
0.217918,0.553571,163.027
0.217918,0.5625,150.742
0.217918,0.571429,150.954
0.217918,0.580357,156.906
0.217918,0.589286,172.178
0.217918,0.598214,167.448
0.217918,0.607143,158.527
0.217918,0.616071,143.484
0.217918,0.625,123.622
0.217918,0.633929,108.769
0.217918,0.642857,102.258
0.217918,0.651786,96.775
0.217918,0.660714,93.911
0.217918,0.669643,89.933
0.217918,0.678571,87.221
0.217918,0.6875,85.15
0.217918,0.696429,85.449
0.217918,0.705357,84.161
0.217918,0.714286,85.449
0.217918,0.723214,85.449
0.217918,0.732143,85.449
0.217918,0.741071,85.449
0.217918,0.75,85.449
0.217918,0.758929,85.449
0.217918,0.767857,85.449
0.217918,0.776786,85.449
0.217918,0.785714,85.449
0.217918,0.794643,86.161
0.217918,0.803571,86.161
0.217918,0.8125,88.449
0.217918,0.821429,89.911
0.217918,0.830357,92.188
0.217918,0.839286,97.579
0.217918,0.848214,102.443
0.217918,0.857143,104.845
0.217918,0.866071,103.557
0.217918,0.875,102.155
0.217918,0.883929,94.878
0.217918,0.892857,94.188
0.217918,0.901786,91.911
0.217918,0.910714,90.21
0.217918,0.919643,88.221
0.217918,0.928571,88.221
0.217918,0.9375,89.221
0.217918,0.946429,90.21
0.217918,0.955357,90.911
0.217918,0.964286,92.601
0.217918,0.973214,94.889
0.217918,0.982143,98.579
0.217918,0.991071,99.856
0.217918,1,103.155
0.217918,1.00893,103.856
0.217918,1.01786,102.443
0.217918,1.02679,106.834
0.217918,1.03571,109.111
0.217918,1.04464,119.801
0.217918,1.05357,127.366
0.217918,1.0625,129.105
0.217918,1.07143,135.474
0.217918,1.08036,137.669
0.217918,1.08929,144.946
0.217918,1.09821,141.245
0.217918,1.10714,139.946
0.217918,1.11607,141.06
0.217918,1.125,139.968
0.217918,1.13393,138.05
0.217918,1.14286,131.072
0.217918,1.15179,134.518
0.217918,1.16071,124.839
0.217918,1.16964,119.149
0.217918,1.17857,124.861
0.217918,1.1875,122.16
0.217918,1.19643,119.171
0.217918,1.20536,116.861
0.217918,1.21429,128.138
0.217918,1.22321,128.839
0.217918,1.23214,131.116
0.217918,1.24107,128.518
0.217918,1.25,129.404
0.217918,1.25893,128.828
0.217918,1.26786,126.127
0.217918,1.27679,128.393
0.217918,1.28571,131.083
0.217918,1.29464,135.784
0.217918,1.30357,133.094
0.217918,1.3125,128.426
0.217918,1.32143,118.861
0.217918,1.33036,120.861
0.217918,1.33929,122.861
0.217918,1.34821,113.16
0.217918,1.35714,117.16
0.217918,1.36607,115.171
0.217918,1.375,110.883
0.217918,1.38393,110.296
0.217918,1.39286,109.595
0.217918,1.40179,107.133
0.217918,1.41071,107.834
0.217918,1.41964,109.834
0.217918,1.42857,109.834
0.217918,1.4375,106.432
0.217918,1.44643,106.144
0.217918,1.45536,101.856
0.217918,1.46429,101.878
0.217918,1.47321,93.9
0.217918,1.48214,92.9
0.217918,1.49107,88.911
0.217918,1.5,86.221
0.217918,1.50893,84.645
0.217918,1.51786,85.346
0.217918,1.52679,83.634
0.217918,1.53571,83.933
0.217918,1.54464,84.873
0.217918,1.55357,84.884
0.217918,1.5625,85.966
0.217918,1.57143,86.162
0.217918,1.58036,87.956
0.217918,1.58929,90.337
0.217918,1.59821,90.832
0.217918,1.60714,93.327
0.217918,1.61607,93.431
0.217918,1.625,93.638
0.217918,1.63393,93.731
0.217918,1.64286,90.753
0.217918,1.65179,89.487
0.217918,1.66071,88.395
0.217918,1.66964,87.417
0.217918,1.67857,85.14
0.217918,1.6875,82.564
0.217918,1.69643,82.515
0.217918,1.70536,79.711
0.217918,1.71429,75.081
0.217918,1.72321,74.141
0.217918,1.73214,71.799
0.217918,1.74107,70.973
0.217918,1.75,68.973
0.217918,1.75893,69.104
0.217918,1.76786,66.876
0.217918,1.77679,65.762
0.217918,1.78571,66.876
0.217918,1.79464,65.104
0.217918,1.80357,67.859
0.217918,1.8125,70.272
0.217918,1.82143,71.799
0.217918,1.83036,73.027
0.217918,1.83929,69.799
0.217918,1.84821,66.044
0.217918,1.85714,66.463
0.217918,1.86607,59.654
0.217918,1.875,57.828
0.217918,1.88393,56.899
0.217918,1.89286,58.899
0.217918,1.90179,57.785
0.217918,1.91071,57.671
0.217918,1.91964,57.671
0.217918,1.92857,57.671
0.217918,1.9375,57.443
0.217918,1.94643,57.742
0.217918,1.95536,58.073
0.217918,1.96429,57.97
0.217918,1.97321,57.4
0.217918,1.98214,57.72
0.217918,1.99107,58.138
0.217918,2,57.389
0.208232,0,163.592
0.208232,0.00892857,156.458
0.208232,0.0178571,156.686
0.208232,0.0267857,153.882
0.208232,0.0357143,151.155
0.208232,0.0446429,150.759
0.208232,0.0535714,150.574
0.208232,0.0625,151.019
0.208232,0.0714286,153.482
0.208232,0.0803571,161.713
0.208232,0.0892857,171.613
0.208232,0.0982143,190.326
0.208232,0.107143,205.783
0.208232,0.116071,140.436
0.208232,0.125,91.625
0.208232,0.133929,70.073
0.208232,0.142857,86.564
0.208232,0.151786,105.906
0.208232,0.160714,194.059
0.208232,0.169643,197.546
0.208232,0.178571,178.093
0.208232,0.1875,163.855
0.208232,0.196429,155.065
0.208232,0.205357,151.286
0.208232,0.214286,150.036
0.208232,0.223214,150.4
0.208232,0.232143,150.226
0.208232,0.241071,153.97
0.208232,0.25,156.067
0.208232,0.258929,156.05
0.208232,0.267857,155.409
0.208232,0.276786,154.654
0.208232,0.285714,152.725
0.208232,0.294643,152.497
0.208232,0.303571,150.862
0.208232,0.3125,151.275
0.208232,0.321429,151.503
0.208232,0.330357,150.916
0.208232,0.339286,151.557
0.208232,0.348214,152.213
0.208232,0.357143,156.766
0.208232,0.366071,158.661
0.208232,0.375,166.461
0.208232,0.383929,170.619
0.208232,0.392857,174.72
0.208232,0.401786,176.72
0.208232,0.410714,173.038
0.208232,0.419643,161.289
0.208232,0.428571,151.74
0.208232,0.4375,150.058
0.208232,0.446429,153.706
0.208232,0.455357,160.212
0.208232,0.464286,160.489
0.208232,0.473214,154.157
0.208232,0.482143,149.925
0.208232,0.491071,166.377
0.208232,0.5,170.775
0.208232,0.508929,152.93
0.208232,0.517857,145.109
0.208232,0.526786,143.962
0.208232,0.535714,157.929
0.208232,0.544643,172.364
0.208232,0.553571,159.169
0.208232,0.5625,150.497
0.208232,0.571429,149.481
0.208232,0.580357,154.413
0.208232,0.589286,168.735
0.208232,0.598214,172.76
0.208232,0.607143,162.43
0.208232,0.616071,149.696
0.208232,0.625,127.464
0.208232,0.633929,115.068
0.208232,0.642857,102.742
0.208232,0.651786,95.59
0.208232,0.660714,90.911
0.208232,0.669643,88.221
0.208232,0.678571,89.221
0.208232,0.6875,84.851
0.208232,0.696429,85.449
0.208232,0.705357,85.161
0.208232,0.714286,85.449
0.208232,0.723214,85.449
0.208232,0.732143,85.449
0.208232,0.741071,85.449
0.208232,0.75,85.449
0.208232,0.758929,85.449
0.208232,0.767857,85.449
0.208232,0.776786,85.449
0.208232,0.785714,85.449
0.208232,0.794643,85.161
0.208232,0.803571,86.161
0.208232,0.8125,88.335
0.208232,0.821429,90.911
0.208232,0.830357,91.188
0.208232,0.839286,96.878
0.208232,0.848214,101.856
0.208232,0.857143,106.144
0.208232,0.866071,105.856
0.208232,0.875,106.155
0.208232,0.883929,98.465
0.208232,0.892857,93.188
0.208232,0.901786,90.911
0.208232,0.910714,90.21
0.208232,0.919643,89.221
0.208232,0.928571,89.221
0.208232,0.9375,90.221
0.208232,0.946429,89.21
0.208232,0.955357,91.911
0.208232,0.964286,92.487
0.208232,0.973214,93.889
0.208232,0.982143,97.579
0.208232,0.991071,101.568
0.208232,1,99.155
0.208232,1.00893,101.155
0.208232,1.01786,103.856
0.208232,1.02679,106.546
0.208232,1.03571,107.41
0.208232,1.04464,116.399
0.208232,1.05357,123.964
0.208232,1.0625,125.404
0.208232,1.07143,133.072
0.208232,1.08036,134.267
0.208232,1.08929,136.957
0.208232,1.09821,140.957
0.208232,1.10714,142.658
0.208232,1.11607,144.174
0.208232,1.125,138.267
0.208232,1.13393,137.463
0.208232,1.14286,133.083
0.208232,1.15179,125.817
0.208232,1.16071,122.839
0.208232,1.16964,119.861
0.208232,1.17857,118.16
0.208232,1.1875,117.16
0.208232,1.19643,121.171
0.208232,1.20536,118.861
0.208232,1.21429,117.85
0.208232,1.22321,123.839
0.208232,1.23214,127.828
0.208232,1.24107,127.415
0.208232,1.25,128.116
0.208232,1.25893,126.529
0.208232,1.26786,127.828
0.208232,1.27679,124.703
0.208232,1.28571,130.806
0.208232,1.29464,127.806
0.208232,1.30357,131.116
0.208232,1.3125,129.138
0.208232,1.32143,120.85
0.208232,1.33036,125.149
0.208232,1.33929,122.861
0.208232,1.34821,119.16
0.208232,1.35714,115.459
0.208232,1.36607,116.584
0.208232,1.375,110.182
0.208232,1.38393,108.894
0.208232,1.39286,109.193
0.208232,1.40179,108.133
0.208232,1.41071,109.834
0.208232,1.41964,107.834
0.208232,1.42857,107.834
0.208232,1.4375,107.546
0.208232,1.44643,107.144
0.208232,1.45536,102.856
0.208232,1.46429,101.867
0.208232,1.47321,96.188
0.208232,1.48214,91.601
0.208232,1.49107,89.612
0.208232,1.5,86.922
0.208232,1.50893,85.346
0.208232,1.51786,84.933
0.208232,1.52679,84.634
0.208232,1.53571,83.933
0.208232,1.54464,84.873
0.208232,1.55357,84.884
0.208232,1.5625,85.966
0.208232,1.57143,86.162
0.208232,1.58036,87.956
0.208232,1.58929,89.337
0.208232,1.59821,91.832
0.208232,1.60714,93.327
0.208232,1.61607,93.431
0.208232,1.625,93.638
0.208232,1.63393,93.731
0.208232,1.64286,91.753
0.208232,1.65179,91.487
0.208232,1.66071,91.395
0.208232,1.66964,90.118
0.208232,1.67857,87.254
0.208232,1.6875,83.564
0.208232,1.69643,80.7
0.208232,1.70536,76.711
0.208232,1.71429,75.081
0.208232,1.72321,75.44
0.208232,1.73214,74.799
0.208232,1.74107,71.201
0.208232,1.75,66.973
0.208232,1.75893,70.332
0.208232,1.76786,69.876
0.208232,1.77679,69.349
0.208232,1.78571,65.463
0.208232,1.79464,63.99
0.208232,1.80357,72.332
0.208232,1.8125,70.272
0.208232,1.82143,73.799
0.208232,1.83036,77.027
0.208232,1.83929,74.027
0.208232,1.84821,70.158
0.208232,1.85714,68.463
0.208232,1.86607,59.355
0.208232,1.875,62.714
0.208232,1.88393,59.899
0.208232,1.89286,56.899
0.208232,1.90179,56.785
0.208232,1.91071,58.671
0.208232,1.91964,57.671
0.208232,1.92857,57.671
0.208232,1.9375,57.443
0.208232,1.94643,57.742
0.208232,1.95536,58.073
0.208232,1.96429,57.97
0.208232,1.97321,57.4
0.208232,1.98214,57.72
0.208232,1.99107,58.138
0.208232,2,57.389
0.198547,0,164.223
0.198547,0.00892857,153.42
0.198547,0.0178571,157.125
0.198547,0.0267857,157.153
0.198547,0.0357143,153.899
0.198547,0.0446429,151.873
0.198547,0.0535714,149.46
0.198547,0.0625,149.791
0.198547,0.0714286,151.482
0.198547,0.0803571,159.827
0.198547,0.0892857,171.129
0.198547,0.0982143,188.668
0.198547,0.107143,206.054
0.198547,0.116071,140.767
0.198547,0.125,91.141
0.198547,0.133929,55.555
0.198547,0.142857,83.623
0.198547,0.151786,104.917
0.198547,0.160714,194.515
0.198547,0.169643,196.062
0.198547,0.178571,175.723
0.198547,0.1875,162.969
0.198547,0.196429,153.994
0.198547,0.205357,151.101
0.198547,0.214286,150.036
0.198547,0.223214,150.4
0.198547,0.232143,151.454
0.198547,0.241071,154.426
0.198547,0.25,156.822
0.198547,0.258929,157.164
0.198547,0.267857,154.409
0.198547,0.276786,153.312
0.198547,0.285714,150.813
0.198547,0.294643,151.531
0.198547,0.303571,151.221
0.198547,0.3125,149.976
0.198547,0.321429,149.791
0.198547,0.330357,148.976
0.198547,0.339286,149.748
0.198547,0.348214,150.574
0.198547,0.357143,152.155
0.198547,0.366071,151.181
0.198547,0.375,158.368
0.198547,0.383929,166.444
0.198547,0.392857,175.019
0.198547,0.401786,175.245
0.198547,0.410714,175.176
0.198547,0.419643,168.821
0.198547,0.428571,160.42
0.198547,0.4375,150.703
0.198547,0.446429,151.134
0.198547,0.455357,156.973
0.198547,0.464286,160.463
0.198547,0.473214,157.766
0.198547,0.482143,152.271
0.198547,0.491071,154.314
0.198547,0.5,173.171
0.198547,0.508929,160.409
0.198547,0.517857,148.635
0.198547,0.526786,150.086
0.198547,0.535714,160.462
0.198547,0.544643,174.523
0.198547,0.553571,157.73
0.198547,0.5625,149.91
0.198547,0.571429,149.378
0.198547,0.580357,151.23
0.198547,0.589286,163.01
0.198547,0.598214,175.442
0.198547,0.607143,166.241
0.198547,0.616071,149.364
0.198547,0.625,133.349
0.198547,0.633929,118.242
0.198547,0.642857,106.742
0.198547,0.651786,96.878
0.198547,0.660714,92.199
0.198547,0.669643,88.922
0.198547,0.678571,89.221
0.198547,0.6875,86.851
0.198547,0.696429,86.449
0.198547,0.705357,85.161
0.198547,0.714286,85.449
0.198547,0.723214,85.449
0.198547,0.732143,85.449
0.198547,0.741071,85.449
0.198547,0.75,85.449
0.198547,0.758929,85.449
0.198547,0.767857,85.449
0.198547,0.776786,85.449
0.198547,0.785714,85.449
0.198547,0.794643,85.161
0.198547,0.803571,85.161
0.198547,0.8125,87.047
0.198547,0.821429,91.21
0.198547,0.830357,91.9
0.198547,0.839286,95.59
0.198547,0.848214,100.155
0.198547,0.857143,107.144
0.198547,0.866071,107.144
0.198547,0.875,106.856
0.198547,0.883929,104.867
0.198547,0.892857,93.889
0.198547,0.901786,91.199
0.198547,0.910714,89.21
0.198547,0.919643,89.221
0.198547,0.928571,90.221
0.198547,0.9375,90.221
0.198547,0.946429,90.21
0.198547,0.955357,89.911
0.198547,0.964286,91.601
0.198547,0.973214,94.889
0.198547,0.982143,99.465
0.198547,0.991071,99.155
0.198547,1,101.867
0.198547,1.00893,103.753
0.198547,1.01786,104.155
0.198547,1.02679,102.557
0.198547,1.03571,108.535
0.198547,1.04464,112.111
0.198547,1.05357,122.274
0.198547,1.0625,126.127
0.198547,1.07143,133.197
0.198547,1.08036,140.164
0.198547,1.08929,138.669
0.198547,1.09821,140.37
0.198547,1.10714,139.957
0.198547,1.11607,145.174
0.198547,1.125,139.566
0.198547,1.13393,133.474
0.198547,1.14286,130.795
0.198547,1.15179,127.415
0.198547,1.16071,121.437
0.198547,1.16964,115.16
0.198547,1.17857,120.16
0.198547,1.1875,118.16
0.198547,1.19643,122.171
0.198547,1.20536,117.16
0.198547,1.21429,121.85
0.198547,1.22321,119.138
0.198547,1.23214,127.426
0.198547,1.24107,125.828
0.198547,1.25,127.529
0.198547,1.25893,125.415
0.198547,1.26786,128.828
0.198547,1.27679,126.828
0.198547,1.28571,127.54
0.198547,1.29464,126.127
0.198547,1.30357,124.839
0.198547,1.3125,124.437
0.198547,1.32143,125.138
0.198547,1.33036,122.85
0.198547,1.33929,121.861
0.198547,1.34821,115.16
0.198547,1.35714,113.171
0.198547,1.36607,114.296
0.198547,1.375,111.894
0.198547,1.38393,110.905
0.198547,1.39286,108.606
0.198547,1.40179,110.133
0.198547,1.41071,110.834
0.198547,1.41964,106.834
0.198547,1.42857,106.834
0.198547,1.4375,104.432
0.198547,1.44643,105.443
0.198547,1.45536,102.856
0.198547,1.46429,99.867
0.198547,1.47321,97.188
0.198547,1.48214,93.487
0.198547,1.49107,88.911
0.198547,1.5,88.808
0.198547,1.50893,86.52
0.198547,1.51786,82.933
0.198547,1.52679,84.346
0.198547,1.53571,82.933
0.198547,1.54464,84.873
0.198547,1.55357,84.884
0.198547,1.5625,85.966
0.198547,1.57143,87.276
0.198547,1.58036,87.956
0.198547,1.58929,89.337
0.198547,1.59821,90.832
0.198547,1.60714,93.327
0.198547,1.61607,93.431
0.198547,1.625,93.638
0.198547,1.63393,93.731
0.198547,1.64286,91.753
0.198547,1.65179,91.487
0.198547,1.66071,90.395
0.198547,1.66964,88.417
0.198547,1.67857,85.852
0.198547,1.6875,83.977
0.198547,1.69643,80.7
0.198547,1.70536,76.01
0.198547,1.71429,78.38
0.198547,1.72321,74.44
0.198547,1.73214,71.799
0.198547,1.74107,71.315
0.198547,1.75,71.087
0.198547,1.75893,70.332
0.198547,1.76786,65.876
0.198547,1.77679,66.349
0.198547,1.78571,65.349
0.198547,1.79464,67.463
0.198547,1.80357,68.99
0.198547,1.8125,71.158
0.198547,1.82143,74.799
0.198547,1.83036,77.255
0.198547,1.83929,73.027
0.198547,1.84821,72.272
0.198547,1.85714,67.762
0.198547,1.86607,63.241
0.198547,1.875,59.127
0.198547,1.88393,56.899
0.198547,1.89286,59.899
0.198547,1.90179,57.785
0.198547,1.91071,57.671
0.198547,1.91964,57.671
0.198547,1.92857,57.671
0.198547,1.9375,57.443
0.198547,1.94643,57.742
0.198547,1.95536,58.073
0.198547,1.96429,57.97
0.198547,1.97321,57.4
0.198547,1.98214,57.72
0.198547,1.99107,58.138
0.198547,2,57.389
0.188862,0,228.34
0.188862,0.00892857,196.472
0.188862,0.0178571,160.173
0.188862,0.0267857,156.609
0.188862,0.0357143,153.839
0.188862,0.0446429,150.4
0.188862,0.0535714,150.047
0.188862,0.0625,149.677
0.188862,0.0714286,151.069
0.188862,0.0803571,157.642
0.188862,0.0892857,168.645
0.188862,0.0982143,188.184
0.188862,0.107143,206.912
0.188862,0.116071,141.642
0.188862,0.125,90.586
0.188862,0.133929,48.237
0.188862,0.142857,79.17
0.188862,0.151786,103.504
0.188862,0.160714,195.216
0.188862,0.169643,194.98
0.188862,0.178571,174.054
0.188862,0.1875,161.773
0.188862,0.196429,153.994
0.188862,0.205357,151.101
0.188862,0.214286,150.036
0.188862,0.223214,150.286
0.188862,0.232143,152.024
0.188862,0.241071,156.925
0.188862,0.25,157.076
0.188862,0.258929,158.005
0.188862,0.267857,156.908
0.188862,0.276786,153.839
0.188862,0.285714,150.699
0.188862,0.294643,150.129
0.188862,0.303571,150.101
0.188862,0.3125,149.557
0.188862,0.321429,149.073
0.188862,0.330357,149.845
0.188862,0.339286,150.976
0.188862,0.348214,148.987
0.188862,0.357143,149.514
0.188862,0.366071,149.383
0.188862,0.375,151.398
0.188862,0.383929,159.525
0.188862,0.392857,168.924
0.188862,0.401786,176.49
0.188862,0.410714,177.077
0.188862,0.419643,176.002
0.188862,0.428571,169.713
0.188862,0.4375,156.172
0.188862,0.446429,148.611
0.188862,0.455357,152.364
0.188862,0.464286,156.811
0.188862,0.473214,161.119
0.188862,0.482143,156.375
0.188862,0.491071,149.682
0.188862,0.5,162.977
0.188862,0.508929,171.14
0.188862,0.517857,155.852
0.188862,0.526786,154.232
0.188862,0.535714,159.462
0.188862,0.544643,174.736
0.188862,0.553571,156.704
0.188862,0.5625,151.209
0.188862,0.571429,149.634
0.188862,0.580357,150.318
0.188862,0.589286,158.801
0.188862,0.598214,171.135
0.188862,0.607143,172.992
0.188862,0.616071,158.527
0.188862,0.625,137.288
0.188862,0.633929,120.605
0.188862,0.642857,109.144
0.188862,0.651786,98.454
0.188862,0.660714,92.889
0.188862,0.669643,91.21
0.188862,0.678571,88.509
0.188862,0.6875,86.851
0.188862,0.696429,86.449
0.188862,0.705357,84.161
0.188862,0.714286,85.449
0.188862,0.723214,85.449
0.188862,0.732143,85.449
0.188862,0.741071,85.449
0.188862,0.75,85.449
0.188862,0.758929,85.449
0.188862,0.767857,85.449
0.188862,0.776786,85.449
0.188862,0.785714,84.449
0.188862,0.794643,84.161
0.188862,0.803571,85.161
0.188862,0.8125,86.161
0.188862,0.821429,89.21
0.188862,0.830357,90.9
0.188862,0.839286,93.188
0.188862,0.848214,98.867
0.188862,0.857143,104.557
0.188862,0.866071,106.144
0.188862,0.875,103.144
0.188862,0.883929,100.155
0.188862,0.892857,94.878
0.188862,0.901786,91.199
0.188862,0.910714,91.21
0.188862,0.919643,89.221
0.188862,0.928571,89.221
0.188862,0.9375,89.221
0.188862,0.946429,90.21
0.188862,0.955357,89.911
0.188862,0.964286,92.601
0.188862,0.973214,93.889
0.188862,0.982143,99.579
0.188862,0.991071,101.155
0.188862,1,102.568
0.188862,1.00893,98.166
0.188862,1.01786,99.166
0.188862,1.02679,100.856
0.188862,1.03571,107.133
0.188862,1.04464,111.823
0.188862,1.05357,115.872
0.188862,1.0625,124.138
0.188862,1.07143,130.393
0.188862,1.08036,134.99
0.188862,1.08929,141.267
0.188862,1.09821,141.968
0.188862,1.10714,139.669
0.188862,1.11607,140.484
0.188862,1.125,139.979
0.188862,1.13393,135.072
0.188862,1.14286,134.393
0.188862,1.15179,126.828
0.188862,1.16071,124.551
0.188862,1.16964,118.16
0.188862,1.17857,117.872
0.188862,1.1875,122.872
0.188862,1.19643,115.171
0.188862,1.20536,122.16
0.188862,1.21429,118.861
0.188862,1.22321,121.85
0.188862,1.23214,126.138
0.188862,1.24107,122.839
0.188862,1.25,123.839
0.188862,1.25893,126.127
0.188862,1.26786,123.127
0.188862,1.27679,128.138
0.188862,1.28571,125.551
0.188862,1.29464,124.437
0.188862,1.30357,124.562
0.188862,1.3125,124.149
0.188862,1.32143,121.437
0.188862,1.33036,123.861
0.188862,1.33929,116.16
0.188862,1.34821,114.171
0.188862,1.35714,114.584
0.188862,1.36607,111.595
0.188862,1.375,110.193
0.188862,1.38393,109.905
0.188862,1.39286,109.905
0.188862,1.40179,108.133
0.188862,1.41071,106.834
0.188862,1.41964,106.834
0.188862,1.42857,107.834
0.188862,1.4375,107.432
0.188862,1.44643,105.443
0.188862,1.45536,102.856
0.188862,1.46429,99.454
0.188862,1.47321,95.177
0.188862,1.48214,93.199
0.188862,1.49107,88.922
0.188862,1.5,90.509
0.188862,1.50893,88.509
0.188862,1.51786,83.221
0.188862,1.52679,84.346
0.188862,1.53571,83.232
0.188862,1.54464,83.873
0.188862,1.55357,84.884
0.188862,1.5625,85.966
0.188862,1.57143,87.162
0.188862,1.58036,88.956
0.188862,1.58929,88.337
0.188862,1.59821,90.832
0.188862,1.60714,93.213
0.188862,1.61607,93.431
0.188862,1.625,92.638
0.188862,1.63393,93.731
0.188862,1.64286,91.753
0.188862,1.65179,90.373
0.188862,1.66071,89.395
0.188862,1.66964,87.531
0.188862,1.67857,84.151
0.188862,1.6875,83.276
0.188862,1.69643,80.113
0.188862,1.70536,78.309
0.188862,1.71429,76.081
0.188862,1.72321,74.44
0.188862,1.73214,72.799
0.188862,1.74107,71.201
0.188862,1.75,71.087
0.188862,1.75893,68.332
0.188862,1.76786,69.876
0.188862,1.77679,67.349
0.188862,1.78571,63.235
0.188862,1.79464,62.349
0.188862,1.80357,65.99
0.188862,1.8125,70.158
0.188862,1.82143,72.799
0.188862,1.83036,75.255
0.188862,1.83929,72.255
0.188862,1.84821,73.799
0.188862,1.85714,66.876
0.188862,1.86607,59.355
0.188862,1.875,58.714
0.188862,1.88393,56.899
0.188862,1.89286,57.899
0.188862,1.90179,57.785
0.188862,1.91071,57.671
0.188862,1.91964,57.671
0.188862,1.92857,57.671
0.188862,1.9375,57.443
0.188862,1.94643,57.742
0.188862,1.95536,58.073
0.188862,1.96429,57.97
0.188862,1.97321,57.4
0.188862,1.98214,57.72
0.188862,1.99107,58.138
0.188862,2,57.389
0.179177,0,250.713
0.179177,0.00892857,205.144
0.179177,0.0178571,160.281
0.179177,0.0267857,157.179
0.179177,0.0357143,154.882
0.179177,0.0446429,151.4
0.179177,0.0535714,151.047
0.179177,0.0625,149.677
0.179177,0.0714286,151.77
0.179177,0.0803571,157.93
0.179177,0.0892857,168.161
0.179177,0.0982143,186.814
0.179177,0.107143,207.901
0.179177,0.116071,142.762
0.179177,0.125,91.319
0.179177,0.133929,64.005
0.179177,0.142857,82.629
0.179177,0.151786,104.145
0.179177,0.160714,195.162
0.179177,0.169643,194.496
0.179177,0.178571,172.57
0.179177,0.1875,161.702
0.179177,0.196429,153.809
0.179177,0.205357,150.101
0.179177,0.214286,150.036
0.179177,0.223214,151.286
0.179177,0.232143,153.48
0.179177,0.241071,156.25
0.179177,0.25,159.803
0.179177,0.258929,158.547
0.179177,0.267857,157.45
0.179177,0.276786,154.153
0.179177,0.285714,151.742
0.179177,0.294643,149.83
0.179177,0.303571,149.346
0.179177,0.3125,150.987
0.179177,0.321429,150.813
0.179177,0.330357,152.585
0.179177,0.339286,152.901
0.179177,0.348214,151.901
0.179177,0.357143,150.83
0.179177,0.366071,149.813
0.179177,0.375,149.383
0.179177,0.383929,153.686
0.179177,0.392857,161.734
0.179177,0.401786,172.423
0.179177,0.410714,177.333
0.179177,0.419643,177.077
0.179177,0.428571,174.866
0.179177,0.4375,166.889
0.179177,0.446429,151.299
0.179177,0.455357,151.026
0.179177,0.464286,154.869
0.179177,0.473214,161.076
0.179177,0.482143,159.853
0.179177,0.491071,150.715
0.179177,0.5,154.228
0.179177,0.508929,172.368
0.179177,0.517857,162.332
0.179177,0.526786,160.004
0.179177,0.535714,161
0.179177,0.544643,173.291
0.179177,0.553571,155.493
0.179177,0.5625,151.465
0.179177,0.571429,151.602
0.179177,0.580357,149.802
0.179177,0.589286,153.635
0.179177,0.598214,169.279
0.179177,0.607143,174.483
0.179177,0.616071,160.484
0.179177,0.625,141.782
0.179177,0.633929,126.028
0.179177,0.642857,110.948
0.179177,0.651786,101.856
0.179177,0.660714,95.889
0.179177,0.669643,90.911
0.179177,0.678571,88.21
0.179177,0.6875,85.851
0.179177,0.696429,85.449
0.179177,0.705357,84.574
0.179177,0.714286,83.862
0.179177,0.723214,84.449
0.179177,0.732143,84.449
0.179177,0.741071,84.449
0.179177,0.75,85.449
0.179177,0.758929,85.449
0.179177,0.767857,85.449
0.179177,0.776786,85.449
0.179177,0.785714,84.449
0.179177,0.794643,84.862
0.179177,0.803571,86.161
0.179177,0.8125,86.047
0.179177,0.821429,88.221
0.179177,0.830357,90.612
0.179177,0.839286,95.188
0.179177,0.848214,101.465
0.179177,0.857143,105.155
0.179177,0.866071,106.144
0.179177,0.875,105.144
0.179177,0.883929,102.856
0.179177,0.892857,96.878
0.179177,0.901786,92.188
0.179177,0.910714,89.21
0.179177,0.919643,90.221
0.179177,0.928571,90.221
0.179177,0.9375,89.221
0.179177,0.946429,89.21
0.179177,0.955357,88.911
0.179177,0.964286,93.601
0.179177,0.973214,94.889
0.179177,0.982143,99.579
0.179177,0.991071,99.856
0.179177,1,102.856
0.179177,1.00893,102.454
0.179177,1.01786,100.867
0.179177,1.02679,102.856
0.179177,1.03571,106.133
0.179177,1.04464,110.421
0.179177,1.05357,113.41
0.179177,1.0625,122.562
0.179177,1.07143,129.817
0.179177,1.08036,131.588
0.179177,1.08929,136.979
0.179177,1.09821,138.267
0.179177,1.10714,143.669
0.179177,1.11607,140.484
0.179177,1.125,136.566
0.179177,1.13393,132.36
0.179177,1.14286,130.681
0.179177,1.15179,129.828
0.179177,1.16071,123.551
0.179177,1.16964,120.16
0.179177,1.17857,115.171
0.179177,1.1875,117.47
0.179177,1.19643,122.171
0.179177,1.20536,118.171
0.179177,1.21429,121.16
0.179177,1.22321,121.861
0.179177,1.23214,124.85
0.179177,1.24107,130.138
0.179177,1.25,127.138
0.179177,1.25893,127.839
0.179177,1.26786,126.839
0.179177,1.27679,123.138
0.179177,1.28571,119.138
0.179177,1.29464,118.149
0.179177,1.30357,123.85
0.179177,1.3125,121.562
0.179177,1.32143,112.861
0.179177,1.33036,121.459
0.179177,1.33929,116.872
0.179177,1.34821,115.47
0.179177,1.35714,109.595
0.179177,1.36607,109.595
0.179177,1.375,110.193
0.179177,1.38393,109.905
0.179177,1.39286,108.905
0.179177,1.40179,107.133
0.179177,1.41071,105.834
0.179177,1.41964,106.834
0.179177,1.42857,106.834
0.179177,1.4375,108.133
0.179177,1.44643,103.144
0.179177,1.45536,103.856
0.179177,1.46429,98.856
0.179177,1.47321,93.177
0.179177,1.48214,91.324
0.179177,1.49107,88.221
0.179177,1.5,86.21
0.179177,1.50893,84.9
0.179177,1.51786,85.797
0.179177,1.52679,83.933
0.179177,1.53571,83.933
0.179177,1.54464,83.873
0.179177,1.55357,84.884
0.179177,1.5625,85.966
0.179177,1.57143,87.276
0.179177,1.58036,89.369
0.179177,1.58929,90.337
0.179177,1.59821,93.718
0.179177,1.60714,93.213
0.179177,1.61607,93.431
0.179177,1.625,92.638
0.179177,1.63393,93.731
0.179177,1.64286,92.753
0.179177,1.65179,91.373
0.179177,1.66071,89.395
0.179177,1.66964,87.83
0.179177,1.67857,85.564
0.179177,1.6875,82.689
0.179177,1.69643,76.113
0.179177,1.70536,77.423
0.179177,1.71429,75.38
0.179177,1.72321,74.44
0.179177,1.73214,71.201
0.179177,1.74107,72.087
0.179177,1.75,72.087
0.179177,1.75893,69.104
0.179177,1.76786,68.876
0.179177,1.77679,69.121
0.179177,1.78571,67.121
0.179177,1.79464,63.349
0.179177,1.80357,68.99
0.179177,1.8125,73.158
0.179177,1.82143,74.913
0.179177,1.83036,75.369
0.179177,1.83929,73.896
0.179177,1.84821,73.141
0.179177,1.85714,68.104
0.179177,1.86607,64.241
0.179177,1.875,58.6
0.179177,1.88393,58.899
0.179177,1.89286,58.899
0.179177,1.90179,57.785
0.179177,1.91071,57.671
0.179177,1.91964,57.671
0.179177,1.92857,57.671
0.179177,1.9375,57.443
0.179177,1.94643,57.742
0.179177,1.95536,58.073
0.179177,1.96429,57.97
0.179177,1.97321,57.4
0.179177,1.98214,57.72
0.179177,1.99107,58.138
0.179177,2,57.389
0.169492,0,177.246
0.169492,0.00892857,163.155
0.169492,0.0178571,159.182
0.169492,0.0267857,158.749
0.169492,0.0357143,156.11
0.169492,0.0446429,151.628
0.169492,0.0535714,150.346
0.169492,0.0625,149.389
0.169492,0.0714286,151.542
0.169492,0.0803571,157.56
0.169492,0.0892857,168.563
0.169492,0.0982143,185.433
0.169492,0.107143,208.89
0.169492,0.116071,144.284
0.169492,0.125,91.465
0.169492,0.133929,69.322
0.169492,0.142857,78.452
0.169492,0.151786,105.433
0.169492,0.160714,197.396
0.169492,0.169643,193.425
0.169492,0.178571,172.086
0.169492,0.1875,161.816
0.169492,0.196429,153.037
0.169492,0.205357,149.802
0.169492,0.214286,149.449
0.169492,0.223214,151.286
0.169492,0.232143,154.523
0.169492,0.241071,158.82
0.169492,0.25,159.775
0.169492,0.258929,158.818
0.169492,0.267857,158.949
0.169492,0.276786,155.951
0.169492,0.285714,152.198
0.169492,0.294643,150.172
0.169492,0.303571,148.634
0.169492,0.3125,152.058
0.169492,0.321429,153.738
0.169492,0.330357,156.261
0.169492,0.339286,158.805
0.169492,0.348214,158.093
0.169492,0.357143,155.424
0.169492,0.366071,152.097
0.169492,0.375,149.824
0.169492,0.383929,150.443
0.169492,0.392857,156
0.169492,0.401786,166.031
0.169492,0.410714,174.617
0.169492,0.419643,176.251
0.169492,0.428571,176.152
0.169492,0.4375,173.324
0.169492,0.446429,158.349
0.169492,0.455357,150.013
0.169492,0.464286,151.998
0.169492,0.473214,157.951
0.169492,0.482143,161.511
0.169492,0.491071,154.982
0.169492,0.5,149.862
0.169492,0.508929,162.934
0.169492,0.517857,172.287
0.169492,0.526786,163.957
0.169492,0.535714,165.267
0.169492,0.544643,173.661
0.169492,0.553571,153.265
0.169492,0.5625,151.753
0.169492,0.571429,153.331
0.169492,0.580357,149.987
0.169492,0.589286,151.985
0.169492,0.598214,164.825
0.169492,0.607143,174.208
0.169492,0.616071,167.54
0.169492,0.625,150.717
0.169492,0.633929,132.528
0.169492,0.642857,116.1
0.169492,0.651786,107.144
0.169492,0.660714,95.59
0.169492,0.669643,90.612
0.169492,0.678571,89.911
0.169492,0.6875,86.851
0.169492,0.696429,85.449
0.169492,0.705357,84.574
0.169492,0.714286,83.862
0.169492,0.723214,84.449
0.169492,0.732143,84.449
0.169492,0.741071,84.449
0.169492,0.75,85.449
0.169492,0.758929,85.449
0.169492,0.767857,85.449
0.169492,0.776786,85.449
0.169492,0.785714,84.449
0.169492,0.794643,84.862
0.169492,0.803571,86.161
0.169492,0.8125,86.047
0.169492,0.821429,87.922
0.169492,0.830357,89.911
0.169492,0.839286,94.487
0.169492,0.848214,101.878
0.169492,0.857143,104.856
0.169492,0.866071,106.443
0.169492,0.875,106.845
0.169492,0.883929,103.856
0.169492,0.892857,99.166
0.169492,0.901786,94.487
0.169492,0.910714,90.21
0.169492,0.919643,87.221
0.169492,0.928571,89.221
0.169492,0.9375,90.221
0.169492,0.946429,91.21
0.169492,0.955357,90.911
0.169492,0.964286,92.601
0.169492,0.973214,93.889
0.169492,0.982143,102.166
0.169492,0.991071,105.144
0.169492,1,103.144
0.169492,1.00893,103.155
0.169492,1.01786,99.155
0.169492,1.02679,105.856
0.169492,1.03571,108.133
0.169492,1.04464,109.535
0.169492,1.05357,111.709
0.169492,1.0625,120.459
0.169492,1.07143,127.116
0.169492,1.08036,134.3
0.169492,1.08929,139.979
0.169492,1.09821,134.267
0.169492,1.10714,141.669
0.169492,1.11607,141.185
0.169492,1.125,135.555
0.169492,1.13393,135.349
0.169492,1.14286,136.496
0.169492,1.15179,126.817
0.169492,1.16071,124.85
0.169492,1.16964,120.758
0.169492,1.17857,116.47
0.169492,1.1875,115.883
0.169492,1.19643,113.171
0.169492,1.20536,116.171
0.169492,1.21429,114.171
0.169492,1.22321,115.16
0.169492,1.23214,121.861
0.169492,1.24107,123.85
0.169492,1.25,128.138
0.169492,1.25893,121.138
0.169492,1.26786,123.138
0.169492,1.27679,125.138
0.169492,1.28571,126.138
0.169492,1.29464,126.839
0.169492,1.30357,126.437
0.169492,1.3125,114.861
0.169492,1.32143,124.16
0.169492,1.33036,117.584
0.169492,1.33929,116.182
0.169492,1.34821,112.595
0.169492,1.35714,112.595
0.169492,1.36607,109.595
0.169492,1.375,110.193
0.169492,1.38393,109.193
0.169492,1.39286,108.193
0.169492,1.40179,107.133
0.169492,1.41071,106.834
0.169492,1.41964,106.834
0.169492,1.42857,106.834
0.169492,1.4375,106.432
0.169492,1.44643,101.144
0.169492,1.45536,101.856
0.169492,1.46429,97.155
0.169492,1.47321,94.59
0.169492,1.48214,91.623
0.169492,1.49107,86.933
0.169492,1.5,86.911
0.169492,1.50893,91.188
0.169492,1.51786,85.9
0.169492,1.52679,82.634
0.169492,1.53571,83.933
0.169492,1.54464,83.873
0.169492,1.55357,84.884
0.169492,1.5625,85.966
0.169492,1.57143,87.162
0.169492,1.58036,88.956
0.169492,1.58929,90.337
0.169492,1.59821,91.832
0.169492,1.60714,93.213
0.169492,1.61607,93.431
0.169492,1.625,92.638
0.169492,1.63393,93.731
0.169492,1.64286,92.753
0.169492,1.65179,90.487
0.169492,1.66071,89.395
0.169492,1.66964,85.83
0.169492,1.67857,83.162
0.169492,1.6875,82.401
0.169492,1.69643,78.711
0.169492,1.70536,75.309
0.169492,1.71429,75.38
0.169492,1.72321,74.027
0.169492,1.73214,71.087
0.169492,1.74107,71.087
0.169492,1.75,69.332
0.169492,1.75893,64.104
0.169492,1.76786,63.349
0.169492,1.77679,69.121
0.169492,1.78571,67.349
0.169492,1.79464,65.876
0.169492,1.80357,69.104
0.169492,1.8125,71.158
0.169492,1.82143,74.913
0.169492,1.83036,77.483
0.169492,1.83929,76.896
0.169492,1.84821,72.141
0.169492,1.85714,68.104
0.169492,1.86607,59.241
0.169492,1.875,57.6
0.169492,1.88393,57.899
0.169492,1.89286,57.899
0.169492,1.90179,57.785
0.169492,1.91071,57.671
0.169492,1.91964,57.671
0.169492,1.92857,57.671
0.169492,1.9375,57.443
0.169492,1.94643,57.742
0.169492,1.95536,58.073
0.169492,1.96429,57.97
0.169492,1.97321,57.4
0.169492,1.98214,57.72
0.169492,1.99107,58.138
0.169492,2,57.389
0.159806,0,171.05
0.159806,0.00892857,160.269
0.159806,0.0178571,156.949
0.159806,0.0267857,158.048
0.159806,0.0357143,154.751
0.159806,0.0446429,151.215
0.159806,0.0535714,149.46
0.159806,0.0625,149.389
0.159806,0.0714286,150.955
0.159806,0.0803571,158.033
0.159806,0.0892857,168.378
0.159806,0.0982143,183.949
0.159806,0.107143,209.238
0.159806,0.116071,146.817
0.159806,0.125,91.611
0.159806,0.133929,70.803
0.159806,0.142857,77.314
0.159806,0.151786,104.433
0.159806,0.160714,198.929
0.159806,0.169643,192.539
0.159806,0.178571,172.2
0.159806,0.1875,162.218
0.159806,0.196429,153.738
0.159806,0.205357,149.802
0.159806,0.214286,149.449
0.159806,0.223214,150.585
0.159806,0.232143,154.11
0.159806,0.241071,157.809
0.159806,0.25,158.59
0.159806,0.258929,160.274
0.159806,0.267857,160.878
0.159806,0.276786,157.467
0.159806,0.285714,152.942
0.159806,0.294643,150.4
0.159806,0.303571,149.606
0.159806,0.3125,152.101
0.159806,0.321429,155.347
0.159806,0.330357,161.653
0.159806,0.339286,165.866
0.159806,0.348214,165.279
0.159806,0.357143,163.012
0.159806,0.366071,159.087
0.159806,0.375,152.325
0.159806,0.383929,150.471
0.159806,0.392857,150.372
0.159806,0.401786,157.562
0.159806,0.410714,171.733
0.159806,0.419643,175.761
0.159806,0.428571,174.885
0.159806,0.4375,175.12
0.159806,0.446429,167.621
0.159806,0.455357,152.581
0.159806,0.464286,149.645
0.159806,0.473214,154.396
0.159806,0.482143,161.229
0.159806,0.491071,158.289
0.159806,0.5,151.585
0.159806,0.508929,153.102
0.159806,0.517857,173.128
0.159806,0.526786,167.959
0.159806,0.535714,167.295
0.159806,0.544643,174.031
0.159806,0.553571,152.553
0.159806,0.5625,152.867
0.159806,0.571429,153.929
0.159806,0.580357,150.286
0.159806,0.589286,150.905
0.159806,0.598214,161.115
0.159806,0.607143,172.563
0.159806,0.616071,173.949
0.159806,0.625,157.435
0.159806,0.633929,135.093
0.159806,0.642857,116.078
0.159806,0.651786,104.845
0.159806,0.660714,95.878
0.159806,0.669643,91.9
0.159806,0.678571,89.911
0.159806,0.6875,85.851
0.159806,0.696429,84.748
0.159806,0.705357,84.574
0.159806,0.714286,83.862
0.159806,0.723214,84.449
0.159806,0.732143,84.449
0.159806,0.741071,84.449
0.159806,0.75,85.449
0.159806,0.758929,85.449
0.159806,0.767857,85.449
0.159806,0.776786,85.449
0.159806,0.785714,84.449
0.159806,0.794643,84.862
0.159806,0.803571,85.574
0.159806,0.8125,85.46
0.159806,0.821429,88.221
0.159806,0.830357,89.911
0.159806,0.839286,93.487
0.159806,0.848214,95.878
0.159806,0.857143,99.155
0.159806,0.866071,103.443
0.159806,0.875,106.432
0.159806,0.883929,103.144
0.159806,0.892857,101.155
0.159806,0.901786,92.188
0.159806,0.910714,88.911
0.159806,0.919643,89.221
0.159806,0.928571,88.221
0.159806,0.9375,88.221
0.159806,0.946429,91.21
0.159806,0.955357,89.911
0.159806,0.964286,90.601
0.159806,0.973214,92.188
0.159806,0.982143,99.166
0.159806,0.991071,104.546
0.159806,1,103.144
0.159806,1.00893,101.856
0.159806,1.01786,100.856
0.159806,1.02679,102.856
0.159806,1.03571,105.133
0.159806,1.04464,109.535
0.159806,1.05357,111.008
0.159806,1.0625,121.872
0.159806,1.07143,124.127
0.159806,1.08036,135.012
0.159806,1.08929,138.99
0.159806,1.09821,139.979
0.159806,1.10714,142.669
0.159806,1.11607,139.185
0.159806,1.125,140.957
0.159806,1.13393,139.751
0.159806,1.14286,133.485
0.159806,1.15179,126.817
0.159806,1.16071,120.85
0.159806,1.16964,118.872
0.159806,1.17857,114.883
0.159806,1.1875,110.883
0.159806,1.19643,109.171
0.159806,1.20536,115.171
0.159806,1.21429,111.883
0.159806,1.22321,117.171
0.159806,1.23214,125.16
0.159806,1.24107,118.861
0.159806,1.25,121.551
0.159806,1.25893,124.138
0.159806,1.26786,123.85
0.159806,1.27679,126.839
0.159806,1.28571,129.828
0.159806,1.29464,124.127
0.159806,1.30357,123.138
0.159806,1.3125,114.861
0.159806,1.32143,118.872
0.159806,1.33036,115.595
0.159806,1.33929,115.894
0.159806,1.34821,112.193
0.159806,1.35714,110.894
0.159806,1.36607,110.193
0.159806,1.375,111.193
0.159806,1.38393,109.193
0.159806,1.39286,106.193
0.159806,1.40179,107.133
0.159806,1.41071,106.834
0.159806,1.41964,106.834
0.159806,1.42857,106.834
0.159806,1.4375,107.432
0.159806,1.44643,107.144
0.159806,1.45536,102.856
0.159806,1.46429,97.155
0.159806,1.47321,93.59
0.159806,1.48214,90.922
0.159806,1.49107,87.346
0.159806,1.5,86.498
0.159806,1.50893,120.177
0.159806,1.51786,85.188
0.159806,1.52679,82.922
0.159806,1.53571,83.933
0.159806,1.54464,83.873
0.159806,1.55357,84.884
0.159806,1.5625,85.966
0.159806,1.57143,85.276
0.159806,1.58036,87.956
0.159806,1.58929,89.337
0.159806,1.59821,90.131
0.159806,1.60714,93.213
0.159806,1.61607,93.431
0.159806,1.625,92.051
0.159806,1.63393,93.144
0.159806,1.64286,92.753
0.159806,1.65179,90.487
0.159806,1.66071,88.808
0.159806,1.66964,85.83
0.159806,1.67857,82.276
0.159806,1.6875,81.287
0.159806,1.69643,79.825
0.159806,1.70536,77.309
0.159806,1.71429,76.38
0.159806,1.72321,74.141
0.159806,1.73214,71.087
0.159806,1.74107,69.973
0.159806,1.75,65.104
0.159806,1.75893,63.876
0.159806,1.76786,66.349
0.159806,1.77679,64.121
0.159806,1.78571,63.349
0.159806,1.79464,65.876
0.159806,1.80357,68.104
0.159806,1.8125,71.386
0.159806,1.82143,74.913
0.159806,1.83036,76.782
0.159806,1.83929,75.896
0.159806,1.84821,71.44
0.159806,1.85714,68.104
0.159806,1.86607,58.654
0.159806,1.875,59.187
0.159806,1.88393,58.899
0.159806,1.89286,57.899
0.159806,1.90179,56.785
0.159806,1.91071,56.671
0.159806,1.91964,57.671
0.159806,1.92857,57.671
0.159806,1.9375,57.443
0.159806,1.94643,57.742
0.159806,1.95536,58.073
0.159806,1.96429,57.97
0.159806,1.97321,57.4
0.159806,1.98214,57.72
0.159806,1.99107,58.138
0.159806,2,57.389
0.150121,0,169.93
0.150121,0.00892857,161.953
0.150121,0.0178571,162.035
0.150121,0.0267857,158.065
0.150121,0.0357143,153.828
0.150121,0.0446429,150.204
0.150121,0.0535714,150.264
0.150121,0.0625,149.862
0.150121,0.0714286,152.026
0.150121,0.0803571,159.827
0.150121,0.0892857,170.634
0.150121,0.0982143,185.037
0.150121,0.107143,210.244
0.150121,0.116071,147.8
0.150121,0.125,91.084
0.150121,0.133929,70.345
0.150121,0.142857,73.434
0.150121,0.151786,104.613
0.150121,0.160714,199.499
0.150121,0.169643,194.479
0.150121,0.178571,174.63
0.150121,0.1875,164.403
0.150121,0.196429,154.282
0.150121,0.205357,151.286
0.150121,0.214286,150.09
0.150121,0.223214,151.303
0.150121,0.232143,152.987
0.150121,0.241071,156.31
0.150121,0.25,159.932
0.150121,0.258929,162.072
0.150121,0.267857,161.844
0.150121,0.276786,159.59
0.150121,0.285714,156.136
0.150121,0.294643,149.682
0.150121,0.303571,149.856
0.150121,0.3125,151.471
0.150121,0.321429,156.951
0.150121,0.330357,164.997
0.150121,0.339286,170.542
0.150121,0.348214,173.265
0.150121,0.357143,170.895
0.150121,0.366071,166.72
0.150121,0.375,163.164
0.150121,0.383929,153.897
0.150121,0.392857,148.981
0.150121,0.401786,154.564
0.150121,0.410714,167.35
0.150121,0.419643,176.475
0.150121,0.428571,174.32
0.150121,0.4375,171.634
0.150121,0.446429,176.894
0.150121,0.455357,167.102
0.150121,0.464286,149.415
0.150121,0.473214,152.482
0.150121,0.482143,158.478
0.150121,0.491071,160.996
0.150121,0.5,154.592
0.150121,0.508929,150.323
0.150121,0.517857,167.182
0.150121,0.526786,173.782
0.150121,0.535714,171.649
0.150121,0.544643,171.928
0.150121,0.553571,152
0.150121,0.5625,154.003
0.150121,0.571429,157.418
0.150121,0.580357,150.998
0.150121,0.589286,149.492
0.150121,0.598214,154.852
0.150121,0.607143,167.225
0.150121,0.616071,176.571
0.150121,0.625,163.104
0.150121,0.633929,141.989
0.150121,0.642857,120.159
0.150121,0.651786,108.122
0.150121,0.660714,106.454
0.150121,0.669643,89.9
0.150121,0.678571,89.21
0.150121,0.6875,89.449
0.150121,0.696429,85.161
0.150121,0.705357,84.873
0.150121,0.714286,84.862
0.150121,0.723214,85.449
0.150121,0.732143,85.449
0.150121,0.741071,85.449
0.150121,0.75,84.449
0.150121,0.758929,84.449
0.150121,0.767857,84.449
0.150121,0.776786,84.449
0.150121,0.785714,83.851
0.150121,0.794643,84.449
0.150121,0.803571,85.161
0.150121,0.8125,86.047
0.150121,0.821429,88.221
0.150121,0.830357,90.911
0.150121,0.839286,94.487
0.150121,0.848214,98.465
0.150121,0.857143,100.856
0.150121,0.866071,105.144
0.150121,0.875,105.133
0.150121,0.883929,99.845
0.150121,0.892857,105.155
0.150121,0.901786,98.476
0.150121,0.910714,92.9
0.150121,0.919643,89.221
0.150121,0.928571,87.221
0.150121,0.9375,87.21
0.150121,0.946429,88.21
0.150121,0.955357,89.21
0.150121,0.964286,90.313
0.150121,0.973214,93.59
0.150121,0.982143,102.269
0.150121,0.991071,106.834
0.150121,1,108.133
0.150121,1.00893,103.731
0.150121,1.01786,96.856
0.150121,1.02679,98.856
0.150121,1.03571,103.144
0.150121,1.04464,106.432
0.150121,1.05357,109.236
0.150121,1.0625,115.388
0.150121,1.07143,128.355
0.150121,1.08036,139.599
0.150121,1.08929,140.278
0.150121,1.09821,140.267
0.150121,1.10714,137.267
0.150121,1.11607,140.267
0.150121,1.125,134.039
0.150121,1.13393,142.05
0.150121,1.14286,129.485
0.150121,1.15179,128.105
0.150121,1.16071,124.551
0.150121,1.16964,122.459
0.150121,1.17857,110.883
0.150121,1.1875,118.595
0.150121,1.19643,111.883
0.150121,1.20536,117.171
0.150121,1.21429,114.171
0.150121,1.22321,112.171
0.150121,1.23214,124.16
0.150121,1.24107,121.16
0.150121,1.25,122.861
0.150121,1.25893,119.85
0.150121,1.26786,126.85
0.150121,1.27679,121.437
0.150121,1.28571,123.138
0.150121,1.29464,123.85
0.150121,1.30357,114.448
0.150121,1.3125,122.872
0.150121,1.32143,109.883
0.150121,1.33036,113.296
0.150121,1.33929,110.595
0.150121,1.34821,115.595
0.150121,1.35714,110.595
0.150121,1.36607,109.193
0.150121,1.375,110.193
0.150121,1.38393,109.193
0.150121,1.39286,109.905
0.150121,1.40179,108.133
0.150121,1.41071,110.133
0.150121,1.41964,107.834
0.150121,1.42857,111.834
0.150121,1.4375,108.546
0.150121,1.44643,104.144
0.150121,1.45536,101.155
0.150121,1.46429,99.209
0.150121,1.47321,92.715
0.150121,1.48214,92.324
0.150121,1.49107,90.21
0.150121,1.5,87.558
0.150121,1.50893,134.156
0.150121,1.51786,89.716
0.150121,1.52679,82.275
0.150121,1.53571,82.916
0.150121,1.54464,84.574
0.150121,1.55357,84.884
0.150121,1.5625,85.607
0.150121,1.57143,85.988
0.150121,1.58036,88.081
0.150121,1.58929,90.348
0.150121,1.59821,92.256
0.150121,1.60714,92.637
0.150121,1.61607,92.741
0.150121,1.625,92.361
0.150121,1.63393,92.742
0.150121,1.64286,90.764
0.150121,1.65179,88.199
0.150121,1.66071,88.52
0.150121,1.66964,86.542
0.150121,1.67857,86.151
0.150121,1.6875,82.874
0.150121,1.69643,78.184
0.150121,1.70536,77.309
0.150121,1.71429,78.081
0.150121,1.72321,74.141
0.150121,1.73214,72.087
0.150121,1.74107,67.087
0.150121,1.75,71.973
0.150121,1.75893,74.093
0.150121,1.76786,67.865
0.150121,1.77679,60.751
0.150121,1.78571,65.751
0.150121,1.79464,67.876
0.150121,1.80357,70.218
0.150121,1.8125,71.326
0.150121,1.82143,74.255
0.150121,1.83036,76.184
0.150121,1.83929,74.896
0.150121,1.84821,72.853
0.150121,1.85714,69.044
0.150121,1.86607,63.11
0.150121,1.875,60.828
0.150121,1.88393,58.899
0.150121,1.89286,58.899
0.150121,1.90179,56.785
0.150121,1.91071,57.671
0.150121,1.91964,57.671
0.150121,1.92857,57.671
0.150121,1.9375,57.443
0.150121,1.94643,57.742
0.150121,1.95536,58.073
0.150121,1.96429,57.97
0.150121,1.97321,57.4
0.150121,1.98214,57.72
0.150121,1.99107,58.138
0.150121,2,57.389
0.140436,0,169.229
0.140436,0.00892857,159.79
0.140436,0.0178571,160.861
0.140436,0.0267857,156.435
0.140436,0.0357143,151.97
0.140436,0.0446429,149.873
0.140436,0.0535714,149.634
0.140436,0.0625,150.645
0.140436,0.0714286,154.222
0.140436,0.0803571,162.382
0.140436,0.0892857,171.428
0.140436,0.0982143,186.836
0.140436,0.107143,209.608
0.140436,0.116071,147.349
0.140436,0.125,90.856
0.140436,0.133929,72.209
0.140436,0.142857,73.178
0.140436,0.151786,104.39
0.140436,0.160714,197.923
0.140436,0.169643,195.475
0.140436,0.178571,176.213
0.140436,0.1875,166.214
0.140436,0.196429,156.734
0.140436,0.205357,153.265
0.140436,0.214286,150.97
0.140436,0.223214,149.742
0.140436,0.232143,151.215
0.140436,0.241071,155.626
0.140436,0.25,159.308
0.140436,0.258929,161.562
0.140436,0.267857,162.317
0.140436,0.276786,160.687
0.140436,0.285714,157.706
0.140436,0.294643,152.671
0.140436,0.303571,150.215
0.140436,0.3125,151.357
0.140436,0.321429,157.663
0.140436,0.330357,166.954
0.140436,0.339286,175.424
0.140436,0.348214,181.588
0.140436,0.357143,181.007
0.140436,0.366071,176.082
0.140436,0.375,169.079
0.140436,0.383929,157.941
0.140436,0.392857,150.607
0.140436,0.401786,151.327
0.140436,0.410714,161.674
0.140436,0.419643,174.651
0.140436,0.428571,174.565
0.140436,0.4375,171.563
0.140436,0.446429,176.479
0.140436,0.455357,172.354
0.140436,0.464286,152.151
0.140436,0.473214,149.112
0.140436,0.482143,156.108
0.140436,0.491071,160.979
0.140436,0.5,157.788
0.140436,0.508929,150.71
0.140436,0.517857,159.691
0.140436,0.526786,175.051
0.140436,0.535714,173.89
0.140436,0.544643,174.07
0.140436,0.553571,154
0.140436,0.5625,155.792
0.140436,0.571429,159.56
0.140436,0.580357,152.613
0.140436,0.589286,149.791
0.140436,0.598214,153.196
0.140436,0.607143,162.141
0.140436,0.616071,174.584
0.140436,0.625,167.491
0.140436,0.633929,148.625
0.140436,0.642857,129.023
0.140436,0.651786,114.812
0.140436,0.660714,99.856
0.140436,0.669643,92.889
0.140436,0.678571,91.911
0.140436,0.6875,88.449
0.140436,0.696429,84.161
0.140436,0.705357,83.873
0.140436,0.714286,84.862
0.140436,0.723214,85.449
0.140436,0.732143,85.449
0.140436,0.741071,85.449
0.140436,0.75,84.449
0.140436,0.758929,84.449
0.140436,0.767857,84.449
0.140436,0.776786,84.449
0.140436,0.785714,83.851
0.140436,0.794643,84.449
0.140436,0.803571,85.161
0.140436,0.8125,85.161
0.140436,0.821429,86.221
0.140436,0.830357,88.911
0.140436,0.839286,93.487
0.140436,0.848214,96.579
0.140436,0.857143,106.443
0.140436,0.866071,109.432
0.140436,0.875,105.834
0.140436,0.883929,105.144
0.140436,0.892857,100.856
0.140436,0.901786,98.878
0.140436,0.910714,91.9
0.140436,0.919643,86.634
0.140436,0.928571,87.221
0.140436,0.9375,90.21
0.140436,0.946429,89.21
0.140436,0.955357,90.21
0.140436,0.964286,91.313
0.140436,0.973214,93.59
0.140436,0.982143,102.557
0.140436,0.991071,108.122
0.140436,1,105.834
0.140436,1.00893,102.144
0.140436,1.01786,98.856
0.140436,1.02679,103.856
0.140436,1.03571,101.557
0.140436,1.04464,106.845
0.140436,1.05357,110.421
0.140436,1.0625,117.801
0.140436,1.07143,131.469
0.140436,1.08036,131.724
0.140436,1.08929,136.691
0.140436,1.09821,141.267
0.140436,1.10714,142.267
0.140436,1.11607,141.979
0.140436,1.125,141.039
0.140436,1.13393,138.463
0.140436,1.14286,136.083
0.140436,1.15179,126.105
0.140436,1.16071,126.138
0.140436,1.16964,114.16
0.140436,1.17857,115.883
0.140436,1.1875,111.595
0.140436,1.19643,111.883
0.140436,1.20536,107.883
0.140436,1.21429,113.171
0.140436,1.22321,116.758
0.140436,1.23214,123.16
0.140436,1.24107,123.16
0.140436,1.25,120.861
0.140436,1.25893,126.861
0.140436,1.26786,122.562
0.140436,1.27679,125.85
0.140436,1.28571,120.85
0.140436,1.29464,119.448
0.140436,1.30357,122.16
0.140436,1.3125,112.883
0.140436,1.32143,113.182
0.140436,1.33036,112.883
0.140436,1.33929,112.883
0.140436,1.34821,116.883
0.140436,1.35714,109.595
0.140436,1.36607,110.193
0.140436,1.375,108.193
0.140436,1.38393,109.193
0.140436,1.39286,109.905
0.140436,1.40179,106.133
0.140436,1.41071,106.133
0.140436,1.41964,109.133
0.140436,1.42857,107.133
0.140436,1.4375,105.133
0.140436,1.44643,101.144
0.140436,1.45536,101.856
0.140436,1.46429,96.166
0.140436,1.47321,93.9
0.140436,1.48214,92.438
0.140436,1.49107,88.438
0.140436,1.5,89.33
0.140436,1.50893,139.119
0.140436,1.51786,94.124
0.140436,1.52679,83.677
0.140436,1.53571,82.802
0.140436,1.54464,84.574
0.140436,1.55357,84.884
0.140436,1.5625,85.607
0.140436,1.57143,87.173
0.140436,1.58036,87.853
0.140436,1.58929,89.174
0.140436,1.59821,92.555
0.140436,1.60714,92.637
0.140436,1.61607,92.741
0.140436,1.625,92.959
0.140436,1.63393,92.742
0.140436,1.64286,92.063
0.140436,1.65179,90.797
0.140436,1.66071,89.406
0.140436,1.66964,86.428
0.140436,1.67857,84.151
0.140436,1.6875,79.575
0.140436,1.69643,76.885
0.140436,1.70536,76.608
0.140436,1.71429,71.38
0.140436,1.72321,73.44
0.140436,1.73214,74.087
0.140436,1.74107,72.087
0.140436,1.75,71.973
0.140436,1.75893,66.62
0.140436,1.76786,63.751
0.140436,1.77679,64.751
0.140436,1.78571,62.751
0.140436,1.79464,67.876
0.140436,1.80357,69.218
0.140436,1.8125,73.913
0.140436,1.82143,76.956
0.140436,1.83036,82.184
0.140436,1.83929,78.01
0.140436,1.84821,71.739
0.140436,1.85714,63.044
0.140436,1.86607,58.11
0.140436,1.875,60.817
0.140436,1.88393,57.899
0.140436,1.89286,57.899
0.140436,1.90179,56.785
0.140436,1.91071,57.671
0.140436,1.91964,57.671
0.140436,1.92857,57.671
0.140436,1.9375,57.443
0.140436,1.94643,57.742
0.140436,1.95536,58.073
0.140436,1.96429,57.97
0.140436,1.97321,57.4
0.140436,1.98214,57.72
0.140436,1.99107,58.138
0.140436,2,57.389
0.130751,0,169.539
0.130751,0.00892857,159.057
0.130751,0.0178571,158.618
0.130751,0.0267857,153.936
0.130751,0.0357143,150.041
0.130751,0.0446429,149.944
0.130751,0.0535714,150.716
0.130751,0.0625,153.314
0.130751,0.0714286,159.261
0.130751,0.0803571,166.122
0.130751,0.0892857,176.065
0.130751,0.0982143,191.478
0.130751,0.107143,208.228
0.130751,0.116071,144.186
0.130751,0.125,90.443
0.130751,0.133929,70.002
0.130751,0.142857,72.15
0.130751,0.151786,105.096
0.130751,0.160714,195.19
0.130751,0.169643,198.471
0.130751,0.178571,179.747
0.130751,0.1875,168.161
0.130751,0.196429,161.681
0.130751,0.205357,155.788
0.130751,0.214286,151.112
0.130751,0.223214,150.084
0.130751,0.232143,149.101
0.130751,0.241071,151.714
0.130751,0.25,155.712
0.130751,0.258929,160.553
0.130751,0.267857,162.448
0.130751,0.276786,160.029
0.130751,0.285714,158.863
0.130751,0.294643,152.073
0.130751,0.303571,150.09
0.130751,0.3125,150.944
0.130751,0.321429,157.076
0.130751,0.330357,168.791
0.130751,0.339286,180.996
0.130751,0.348214,190.874
0.130751,0.357143,194.816
0.130751,0.366071,188.375
0.130751,0.375,178.637
0.130751,0.383929,164.714
0.130751,0.392857,154.489
0.130751,0.401786,150.215
0.130751,0.410714,155.129
0.130751,0.419643,170.371
0.130751,0.428571,175.522
0.130751,0.4375,173.552
0.130751,0.446429,173.01
0.130751,0.455357,174.079
0.130751,0.464286,162.13
0.130751,0.473214,149.899
0.130751,0.482143,151.966
0.130751,0.491071,159.663
0.130751,0.5,160.446
0.130751,0.508929,154.439
0.130751,0.517857,152.456
0.130751,0.526786,171.816
0.130751,0.535714,176.795
0.130751,0.544643,173.152
0.130751,0.553571,152.766
0.130751,0.5625,155.364
0.130751,0.571429,162.104
0.130751,0.580357,153.929
0.130751,0.589286,150.759
0.130751,0.598214,151.355
0.130751,0.607143,157.704
0.130751,0.616071,171.913
0.130751,0.625,172.014
0.130751,0.633929,153.973
0.130751,0.642857,135.001
0.130751,0.651786,112.687
0.130751,0.660714,107.557
0.130751,0.669643,96.188
0.130751,0.678571,91.911
0.130751,0.6875,87.851
0.130751,0.696429,86.449
0.130751,0.705357,85.862
0.130751,0.714286,85.449
0.130751,0.723214,85.449
0.130751,0.732143,85.449
0.130751,0.741071,85.449
0.130751,0.75,84.449
0.130751,0.758929,84.449
0.130751,0.767857,84.449
0.130751,0.776786,84.449
0.130751,0.785714,83.851
0.130751,0.794643,84.449
0.130751,0.803571,85.161
0.130751,0.8125,86.047
0.130751,0.821429,87.221
0.130751,0.830357,88.911
0.130751,0.839286,93.487
0.130751,0.848214,97.166
0.130751,0.857143,103.443
0.130751,0.866071,106.546
0.130751,0.875,103.834
0.130751,0.883929,109.133
0.130751,0.892857,102.856
0.130751,0.901786,101.878
0.130751,0.910714,92.188
0.130751,0.919643,88.52
0.130751,0.928571,88.221
0.130751,0.9375,88.21
0.130751,0.946429,90.21
0.130751,0.955357,88.509
0.130751,0.964286,90.199
0.130751,0.973214,95.465
0.130751,0.982143,105.443
0.130751,0.991071,107.122
0.130751,1,107.133
0.130751,1.00893,103.144
0.130751,1.01786,99.155
0.130751,1.02679,99.155
0.130751,1.03571,107.856
0.130751,1.04464,103.845
0.130751,1.05357,110.122
0.130751,1.0625,109.399
0.130751,1.07143,123.48
0.130751,1.08036,128.034
0.130751,1.08929,132.702
0.130751,1.09821,137.979
0.130751,1.10714,139.979
0.130751,1.11607,137.691
0.130751,1.125,133.751
0.130751,1.13393,135.762
0.130751,1.14286,132.496
0.130751,1.15179,133.817
0.130751,1.16071,126.551
0.130751,1.16964,124.16
0.130751,1.17857,117.883
0.130751,1.1875,110.595
0.130751,1.19643,110.883
0.130751,1.20536,112.883
0.130751,1.21429,112.171
0.130751,1.22321,116.171
0.130751,1.23214,123.16
0.130751,1.24107,122.16
0.130751,1.25,121.861
0.130751,1.25893,119.861
0.130751,1.26786,122.861
0.130751,1.27679,120.861
0.130751,1.28571,122.861
0.130751,1.29464,114.16
0.130751,1.30357,120.872
0.130751,1.3125,115.883
0.130751,1.32143,115.595
0.130751,1.33036,110.883
0.130751,1.33929,112.883
0.130751,1.34821,112.883
0.130751,1.35714,112.595
0.130751,1.36607,111.193
0.130751,1.375,110.193
0.130751,1.38393,109.193
0.130751,1.39286,105.905
0.130751,1.40179,107.133
0.130751,1.41071,106.133
0.130751,1.41964,104.133
0.130751,1.42857,107.133
0.130751,1.4375,105.133
0.130751,1.44643,101.557
0.130751,1.45536,98.856
0.130751,1.46429,96.123
0.130751,1.47321,93.846
0.130751,1.48214,91.666
0.130751,1.49107,88.552
0.130751,1.5,83.558
0.130751,1.50893,145.854
0.130751,1.51786,91.842
0.130751,1.52679,82.666
0.130751,1.53571,83.688
0.130751,1.54464,84.873
0.130751,1.55357,84.884
0.130751,1.5625,85.493
0.130751,1.57143,87.173
0.130751,1.58036,88.152
0.130751,1.58929,90.359
0.130751,1.59821,91.555
0.130751,1.60714,93.637
0.130751,1.61607,93.741
0.130751,1.625,93.959
0.130751,1.63393,93.742
0.130751,1.64286,93.063
0.130751,1.65179,90.096
0.130751,1.66071,87.107
0.130751,1.66964,84.428
0.130751,1.67857,84.45
0.130751,1.6875,82.162
0.130751,1.69643,79.184
0.130751,1.70536,76.309
0.130751,1.71429,74.081
0.130751,1.72321,73.44
0.130751,1.73214,71.5
0.130751,1.74107,68.973
0.130751,1.75,68.973
0.130751,1.75893,66.979
0.130751,1.76786,65.751
0.130751,1.77679,65.11
0.130751,1.78571,64.751
0.130751,1.79464,66.876
0.130751,1.80357,71.104
0.130751,1.8125,71.913
0.130751,1.82143,78.956
0.130751,1.83036,81.173
0.130751,1.83929,80.597
0.130751,1.84821,74.739
0.130751,1.85714,72.457
0.130751,1.86607,65.11
0.130751,1.875,64.127
0.130751,1.88393,57.899
0.130751,1.89286,56.899
0.130751,1.90179,57.785
0.130751,1.91071,56.671
0.130751,1.91964,57.671
0.130751,1.92857,57.671
0.130751,1.9375,57.443
0.130751,1.94643,57.742
0.130751,1.95536,58.073
0.130751,1.96429,57.97
0.130751,1.97321,57.4
0.130751,1.98214,57.72
0.130751,1.99107,58.138
0.130751,2,57.389
0.121065,0,169.61
0.121065,0.00892857,157.977
0.121065,0.0178571,153.871
0.121065,0.0267857,150.486
0.121065,0.0357143,148.802
0.121065,0.0446429,150.716
0.121065,0.0535714,152.787
0.121065,0.0625,157.179
0.121065,0.0714286,165.197
0.121065,0.0803571,170.716
0.121065,0.0892857,180.36
0.121065,0.0982143,196.529
0.121065,0.107143,207.131
0.121065,0.116071,141.795
0.121065,0.125,89.682
0.121065,0.133929,72.724
0.121065,0.142857,70.236
0.121065,0.151786,102.851
0.121065,0.160714,192.272
0.121065,0.169643,202.673
0.121065,0.178571,186.846
0.121065,0.1875,173.428
0.121065,0.196429,166.774
0.121065,0.205357,160.371
0.121065,0.214286,154.527
0.121065,0.223214,150.716
0.121065,0.232143,150.759
0.121065,0.241071,149.916
0.121065,0.25,151.589
0.121065,0.258929,156.544
0.121065,0.267857,159.65
0.121065,0.276786,158.257
0.121065,0.285714,159.074
0.121065,0.294643,154.757
0.121065,0.303571,150.563
0.121065,0.3125,149.645
0.121065,0.321429,155.418
0.121065,0.330357,167.03
0.121065,0.339286,183.579
0.121065,0.348214,198.943
0.121065,0.357143,208.804
0.121065,0.366071,202.961
0.121065,0.375,192.685
0.121065,0.383929,175.108
0.121065,0.392857,160.844
0.121065,0.401786,150.673
0.121065,0.410714,151.105
0.121065,0.419643,165.162
0.121065,0.428571,175.034
0.121065,0.4375,173.281
0.121065,0.446429,168.025
0.121065,0.455357,174.565
0.121065,0.464286,171.098
0.121065,0.473214,152.946
0.121065,0.482143,150.596
0.121065,0.491071,156.418
0.121065,0.5,161.805
0.121065,0.508929,156.293
0.121065,0.517857,151.144
0.121065,0.526786,161.435
0.121065,0.535714,175.309
0.121065,0.544643,171.647
0.121065,0.553571,152.538
0.121065,0.5625,156.848
0.121065,0.571429,165.431
0.121065,0.580357,154.701
0.121065,0.589286,150.112
0.121065,0.598214,151.155
0.121065,0.607143,154.609
0.121065,0.616071,165.786
0.121065,0.625,174.255
0.121065,0.633929,159.62
0.121065,0.642857,137.566
0.121065,0.651786,119.078
0.121065,0.660714,106.133
0.121065,0.669643,98.889
0.121065,0.678571,92.911
0.121065,0.6875,87.851
0.121065,0.696429,86.851
0.121065,0.705357,84.851
0.121065,0.714286,85.449
0.121065,0.723214,85.449
0.121065,0.732143,85.449
0.121065,0.741071,85.449
0.121065,0.75,84.449
0.121065,0.758929,84.449
0.121065,0.767857,84.449
0.121065,0.776786,84.449
0.121065,0.785714,84.851
0.121065,0.794643,84.449
0.121065,0.803571,85.161
0.121065,0.8125,85.047
0.121065,0.821429,86.221
0.121065,0.830357,87.911
0.121065,0.839286,93.487
0.121065,0.848214,94.878
0.121065,0.857143,103.443
0.121065,0.866071,108.432
0.121065,0.875,104.834
0.121065,0.883929,107.133
0.121065,0.892857,105.856
0.121065,0.901786,100.465
0.121065,0.910714,92.601
0.121065,0.919643,91.623
0.121065,0.928571,88.922
0.121065,0.9375,87.21
0.121065,0.946429,88.221
0.121065,0.955357,87.922
0.121065,0.964286,90.199
0.121065,0.973214,94.465
0.121065,0.982143,104.443
0.121065,0.991071,112.823
0.121065,1,109.133
0.121065,1.00893,105.144
0.121065,1.01786,100.155
0.121065,1.02679,101.155
0.121065,1.03571,100.443
0.121065,1.04464,103.845
0.121065,1.05357,109.834
0.121065,1.0625,113.812
0.121065,1.07143,122.078
0.121065,1.08036,131.746
0.121065,1.08929,129.713
0.121065,1.09821,132.289
0.121065,1.10714,131.691
0.121065,1.11607,135.289
0.121065,1.125,140.05
0.121065,1.13393,136.061
0.121065,1.14286,130.083
0.121065,1.15179,130.703
0.121065,1.16071,125.551
0.121065,1.16964,118.16
0.121065,1.17857,109.883
0.121065,1.1875,112.595
0.121065,1.19643,111.883
0.121065,1.20536,112.883
0.121065,1.21429,115.883
0.121065,1.22321,117.171
0.121065,1.23214,116.758
0.121065,1.24107,123.16
0.121065,1.25,119.16
0.121065,1.25893,119.861
0.121065,1.26786,120.861
0.121065,1.27679,120.16
0.121065,1.28571,117.16
0.121065,1.29464,116.872
0.121065,1.30357,120.584
0.121065,1.3125,111.883
0.121065,1.32143,113.182
0.121065,1.33036,114.883
0.121065,1.33929,117.883
0.121065,1.34821,112.883
0.121065,1.35714,110.595
0.121065,1.36607,109.193
0.121065,1.375,107.193
0.121065,1.38393,109.193
0.121065,1.39286,104.905
0.121065,1.40179,105.144
0.121065,1.41071,106.133
0.121065,1.41964,102.133
0.121065,1.42857,104.133
0.121065,1.4375,104.144
0.121065,1.44643,100.155
0.121065,1.45536,98.155
0.121065,1.46429,99.069
0.121065,1.47321,92.846
0.121065,1.48214,91.666
0.121065,1.49107,88.965
0.121065,1.5,87.384
0.121065,1.50893,138.572
0.121065,1.51786,98.614
0.121065,1.52679,80.726
0.121065,1.53571,84.161
0.121065,1.54464,84.873
0.121065,1.55357,84.884
0.121065,1.5625,85.379
0.121065,1.57143,86.059
0.121065,1.58036,89.451
0.121065,1.58929,90.832
0.121065,1.59821,90.213
0.121065,1.60714,93.637
0.121065,1.61607,93.741
0.121065,1.625,93.959
0.121065,1.63393,93.742
0.121065,1.64286,92.063
0.121065,1.65179,90.797
0.121065,1.66071,88.406
0.121065,1.66964,84.542
0.121065,1.67857,83.151
0.121065,1.6875,83.162
0.121065,1.69643,80.885
0.121065,1.70536,75.309
0.121065,1.71429,71.081
0.121065,1.72321,73.44
0.121065,1.73214,71.087
0.121065,1.74107,68.973
0.121065,1.75,68.332
0.121065,1.75893,65.979
0.121065,1.76786,63.637
0.121065,1.77679,66.11
0.121065,1.78571,67.11
0.121065,1.79464,64.349
0.121065,1.80357,62.99
0.121065,1.8125,71.913
0.121065,1.82143,73.956
0.121065,1.83036,82.173
0.121065,1.83929,78.885
0.121065,1.84821,72.141
0.121065,1.85714,68.044
0.121065,1.86607,59.523
0.121065,1.875,61.828
0.121065,1.88393,58.899
0.121065,1.89286,56.899
0.121065,1.90179,58.785
0.121065,1.91071,56.671
0.121065,1.91964,57.671
0.121065,1.92857,57.671
0.121065,1.9375,57.443
0.121065,1.94643,57.742
0.121065,1.95536,58.073
0.121065,1.96429,57.97
0.121065,1.97321,57.4
0.121065,1.98214,57.72
0.121065,1.99107,58.138
0.121065,2,57.389
0.11138,0,166.786
0.11138,0.00892857,154.284
0.11138,0.0178571,152.264
0.11138,0.0267857,150.617
0.11138,0.0357143,149.802
0.11138,0.0446429,153.086
0.11138,0.0535714,156.837
0.11138,0.0625,164.474
0.11138,0.0714286,169.563
0.11138,0.0803571,175.865
0.11138,0.0892857,186.216
0.11138,0.0982143,203.472
0.11138,0.107143,202.74
0.11138,0.116071,136.789
0.11138,0.125,89.611
0.11138,0.133929,72.636
0.11138,0.142857,77.154
0.11138,0.151786,101.139
0.11138,0.160714,183.348
0.11138,0.169643,210.256
0.11138,0.178571,192.691
0.11138,0.1875,178.854
0.11138,0.196429,172.123
0.11138,0.205357,165.35
0.11138,0.214286,160.05
0.11138,0.223214,152.94
0.11138,0.232143,149.955
0.11138,0.241071,149.101
0.11138,0.25,149.617
0.11138,0.258929,153.817
0.11138,0.267857,158.037
0.11138,0.276786,160.214
0.11138,0.285714,161.117
0.11138,0.294643,156.854
0.11138,0.303571,150.193
0.11138,0.3125,149.759
0.11138,0.321429,153.76
0.11138,0.330357,166.774
0.11138,0.339286,183.906
0.11138,0.348214,208.206
0.11138,0.357143,210.627
0.11138,0.366071,209.757
0.11138,0.375,206.385
0.11138,0.383929,184.661
0.11138,0.392857,167.797
0.11138,0.401786,154.239
0.11138,0.410714,150.019
0.11138,0.419643,160.235
0.11138,0.428571,175.047
0.11138,0.4375,174.07
0.11138,0.446429,168.345
0.11138,0.455357,172.9
0.11138,0.464286,173.741
0.11138,0.473214,157.486
0.11138,0.482143,149.269
0.11138,0.491071,154.119
0.11138,0.5,160.278
0.11138,0.508929,157.777
0.11138,0.517857,150.656
0.11138,0.526786,156.271
0.11138,0.535714,169.339
0.11138,0.544643,169.219
0.11138,0.553571,151.609
0.11138,0.5625,157.956
0.11138,0.571429,165.388
0.11138,0.580357,156.413
0.11138,0.589286,150.65
0.11138,0.598214,149.514
0.11138,0.607143,152.486
0.11138,0.616071,160.642
0.11138,0.625,174.877
0.11138,0.633929,163.463
0.11138,0.642857,140.359
0.11138,0.651786,120.17
0.11138,0.660714,107.709
0.11138,0.669643,95.291
0.11138,0.678571,91.911
0.11138,0.6875,87.851
0.11138,0.696429,86.851
0.11138,0.705357,84.851
0.11138,0.714286,85.449
0.11138,0.723214,85.449
0.11138,0.732143,84.449
0.11138,0.741071,84.449
0.11138,0.75,84.449
0.11138,0.758929,84.449
0.11138,0.767857,84.449
0.11138,0.776786,84.449
0.11138,0.785714,83.851
0.11138,0.794643,84.449
0.11138,0.803571,85.161
0.11138,0.8125,85.161
0.11138,0.821429,85.221
0.11138,0.830357,88.911
0.11138,0.839286,91.487
0.11138,0.848214,97.878
0.11138,0.857143,101.856
0.11138,0.866071,108.731
0.11138,0.875,109.133
0.11138,0.883929,104.133
0.11138,0.892857,105.557
0.11138,0.901786,98.166
0.11138,0.910714,91.188
0.11138,0.919643,89.623
0.11138,0.928571,90.21
0.11138,0.9375,88.21
0.11138,0.946429,89.221
0.11138,0.955357,87.52
0.11138,0.964286,88.612
0.11138,0.973214,95.878
0.11138,0.982143,104.546
0.11138,0.991071,114.1
0.11138,1,114.524
0.11138,1.00893,105.845
0.11138,1.01786,103.155
0.11138,1.02679,104.155
0.11138,1.03571,104.856
0.11138,1.04464,104.845
0.11138,1.05357,108.133
0.11138,1.0625,115.111
0.11138,1.07143,119.79
0.11138,1.08036,130.056
0.11138,1.08929,131.137
0.11138,1.09821,137.001
0.11138,1.10714,137.702
0.11138,1.11607,136.289
0.11138,1.125,137.05
0.11138,1.13393,133.474
0.11138,1.14286,129.795
0.11138,1.15179,129.817
0.11138,1.16071,122.551
0.11138,1.16964,114.861
0.11138,1.17857,113.883
0.11138,1.1875,110.883
0.11138,1.19643,112.595
0.11138,1.20536,110.883
0.11138,1.21429,118.883
0.11138,1.22321,117.171
0.11138,1.23214,117.171
0.11138,1.24107,119.16
0.11138,1.25,121.16
0.11138,1.25893,122.16
0.11138,1.26786,119.16
0.11138,1.27679,118.459
0.11138,1.28571,114.171
0.11138,1.29464,114.883
0.11138,1.30357,111.883
0.11138,1.3125,113.883
0.11138,1.32143,115.883
0.11138,1.33036,111.883
0.11138,1.33929,114.883
0.11138,1.34821,108.883
0.11138,1.35714,109.595
0.11138,1.36607,109.193
0.11138,1.375,109.193
0.11138,1.38393,107.193
0.11138,1.39286,104.905
0.11138,1.40179,104.144
0.11138,1.41071,110.144
0.11138,1.41964,105.133
0.11138,1.42857,103.133
0.11138,1.4375,107.557
0.11138,1.44643,105.155
0.11138,1.45536,103.155
0.11138,1.46429,98.596
0.11138,1.47321,93.259
0.11138,1.48214,91.965
0.11138,1.49107,88.862
0.11138,1.5,85.737
0.11138,1.50893,135.626
0.11138,1.51786,105.255
0.11138,1.52679,83.438
0.11138,1.53571,83.748
0.11138,1.54464,84.873
0.11138,1.55357,84.884
0.11138,1.5625,85.966
0.11138,1.57143,86.358
0.11138,1.58036,88.152
0.11138,1.58929,91.718
0.11138,1.59821,93.213
0.11138,1.60714,93.936
0.11138,1.61607,93.741
0.11138,1.625,92.959
0.11138,1.63393,92.742
0.11138,1.64286,91.063
0.11138,1.65179,91.096
0.11138,1.66071,87.406
0.11138,1.66964,86.428
0.11138,1.67857,83.564
0.11138,1.6875,77.162
0.11138,1.69643,80.885
0.11138,1.70536,77.608
0.11138,1.71429,76.081
0.11138,1.72321,75.027
0.11138,1.73214,71.5
0.11138,1.74107,68.973
0.11138,1.75,69.218
0.11138,1.75893,64.865
0.11138,1.76786,66.11
0.11138,1.77679,67.882
0.11138,1.78571,67.11
0.11138,1.79464,62.349
0.11138,1.80357,68.463
0.11138,1.8125,71.913
0.11138,1.82143,77.244
0.11138,1.83036,80.874
0.11138,1.83929,79.287
0.11138,1.84821,73.429
0.11138,1.85714,70.044
0.11138,1.86607,64.121
0.11138,1.875,60.127
0.11138,1.88393,58.899
0.11138,1.89286,57.899
0.11138,1.90179,57.785
0.11138,1.91071,57.671
0.11138,1.91964,57.671
0.11138,1.92857,57.671
0.11138,1.9375,57.443
0.11138,1.94643,57.742
0.11138,1.95536,58.073
0.11138,1.96429,57.97
0.11138,1.97321,57.4
0.11138,1.98214,57.72
0.11138,1.99107,58.138
0.11138,2,57.389
0.101695,0,166.799
0.101695,0.00892857,150.927
0.101695,0.0178571,149.748
0.101695,0.0267857,149.215
0.101695,0.0357143,151.77
0.101695,0.0446429,156.951
0.101695,0.0535714,163.545
0.101695,0.0625,169.449
0.101695,0.0714286,174.794
0.101695,0.0803571,184.526
0.101695,0.0892857,196.877
0.101695,0.0982143,208.979
0.101695,0.107143,192.358
0.101695,0.116071,126.657
0.101695,0.125,88.828
0.101695,0.133929,70.619
0.101695,0.142857,78.659
0.101695,0.151786,96.66
0.101695,0.160714,171.955
0.101695,0.169643,209.458
0.101695,0.178571,200.89
0.101695,0.1875,188.891
0.101695,0.196429,178.175
0.101695,0.205357,170.482
0.101695,0.214286,165.567
0.101695,0.223214,158.5
0.101695,0.232143,154.037
0.101695,0.241071,151.77
0.101695,0.25,149.699
0.101695,0.258929,150.916
0.101695,0.267857,154.267
0.101695,0.276786,158.373
0.101695,0.285714,160.558
0.101695,0.294643,157.31
0.101695,0.303571,152.019
0.101695,0.3125,150.46
0.101695,0.321429,151.977
0.101695,0.330357,163.806
0.101695,0.339286,182.123
0.101695,0.348214,208.652
0.101695,0.357143,193.92
0.101695,0.366071,182.696
0.101695,0.375,204.919
0.101695,0.383929,199.056
0.101695,0.392857,175.191
0.101695,0.401786,158.403
0.101695,0.410714,149.411
0.101695,0.419643,156.422
0.101695,0.428571,171.522
0.101695,0.4375,176.087
0.101695,0.446429,168.263
0.101695,0.455357,167.491
0.101695,0.464286,174.07
0.101695,0.473214,166.291
0.101695,0.482143,149.925
0.101695,0.491071,152.222
0.101695,0.5,158.609
0.101695,0.508929,160.261
0.101695,0.517857,152.151
0.101695,0.526786,152.355
0.101695,0.535714,164.212
0.101695,0.544643,166.281
0.101695,0.553571,152.224
0.101695,0.5625,158.412
0.101695,0.571429,165.356
0.101695,0.580357,157.25
0.101695,0.589286,151.547
0.101695,0.598214,149.514
0.101695,0.607143,151.617
0.101695,0.616071,157.487
0.101695,0.625,171.092
0.101695,0.633929,168.448
0.101695,0.642857,145.821
0.101695,0.651786,124.621
0.101695,0.660714,110.801
0.101695,0.669643,97.579
0.101695,0.678571,94.612
0.101695,0.6875,89.449
0.101695,0.696429,85.851
0.101695,0.705357,84.851
0.101695,0.714286,85.449
0.101695,0.723214,85.449
0.101695,0.732143,84.449
0.101695,0.741071,84.449
0.101695,0.75,84.449
0.101695,0.758929,84.449
0.101695,0.767857,84.449
0.101695,0.776786,84.449
0.101695,0.785714,83.851
0.101695,0.794643,84.449
0.101695,0.803571,85.161
0.101695,0.8125,84.161
0.101695,0.821429,84.221
0.101695,0.830357,89.911
0.101695,0.839286,92.601
0.101695,0.848214,98.177
0.101695,0.857143,103.856
0.101695,0.866071,106.443
0.101695,0.875,107.546
0.101695,0.883929,108.133
0.101695,0.892857,102.557
0.101695,0.901786,101.166
0.101695,0.910714,92.889
0.101695,0.919643,88.911
0.101695,0.928571,89.21
0.101695,0.9375,89.21
0.101695,0.946429,89.933
0.101695,0.955357,91.221
0.101695,0.964286,90.911
0.101695,0.973214,99.878
0.101695,0.982143,108.546
0.101695,0.991071,118.192
0.101695,1,115.1
0.101695,1.00893,104.834
0.101695,1.01786,102.155
0.101695,1.02679,105.155
0.101695,1.03571,100.155
0.101695,1.04464,104.845
0.101695,1.05357,108.834
0.101695,1.0625,114.524
0.101695,1.07143,122.502
0.101695,1.08036,128.056
0.101695,1.08929,131.322
0.101695,1.09821,136.414
0.101695,1.10714,136.289
0.101695,1.11607,136.289
0.101695,1.125,135.061
0.101695,1.13393,135.072
0.101695,1.14286,131.094
0.101695,1.15179,133.828
0.101695,1.16071,122.551
0.101695,1.16964,120.16
0.101695,1.17857,116.883
0.101695,1.1875,113.883
0.101695,1.19643,113.595
0.101695,1.20536,115.595
0.101695,1.21429,113.883
0.101695,1.22321,120.883
0.101695,1.23214,112.171
0.101695,1.24107,115.171
0.101695,1.25,118.16
0.101695,1.25893,118.16
0.101695,1.26786,120.459
0.101695,1.27679,118.47
0.101695,1.28571,115.883
0.101695,1.29464,111.595
0.101695,1.30357,110.595
0.101695,1.3125,110.182
0.101695,1.32143,110.883
0.101695,1.33036,113.883
0.101695,1.33929,110.883
0.101695,1.34821,110.883
0.101695,1.35714,109.595
0.101695,1.36607,110.193
0.101695,1.375,107.193
0.101695,1.38393,106.193
0.101695,1.39286,106.905
0.101695,1.40179,106.144
0.101695,1.41071,106.144
0.101695,1.41964,103.144
0.101695,1.42857,107.144
0.101695,1.4375,105.557
0.101695,1.44643,104.155
0.101695,1.45536,102.155
0.101695,1.46429,94.237
0.101695,1.47321,92.373
0.101695,1.48214,90.509
0.101695,1.49107,87.933
0.101695,1.5,85.862
0.101695,1.50893,122.315
0.101695,1.51786,101.662
0.101695,1.52679,84.922
0.101695,1.53571,83.645
0.101695,1.54464,85.645
0.101695,1.55357,85.368
0.101695,1.5625,86.678
0.101695,1.57143,88.244
0.101695,1.58036,90.152
0.101695,1.58929,92.832
0.101695,1.59821,93.213
0.101695,1.60714,93.936
0.101695,1.61607,93.741
0.101695,1.625,92.959
0.101695,1.63393,92.742
0.101695,1.64286,91.362
0.101695,1.65179,90.096
0.101695,1.66071,88.406
0.101695,1.66964,88.428
0.101695,1.67857,84.564
0.101695,1.6875,80.162
0.101695,1.69643,77.885
0.101695,1.70536,76.195
0.101695,1.71429,74.38
0.101695,1.72321,74.027
0.101695,1.73214,72.5
0.101695,1.74107,72.859
0.101695,1.75,68.104
0.101695,1.75893,68.751
0.101695,1.76786,62.996
0.101695,1.77679,62.882
0.101695,1.78571,63.882
0.101695,1.79464,66.121
0.101695,1.80357,70.349
0.101695,1.8125,70.201
0.101695,1.82143,75.945
0.101695,1.83036,82.276
0.101695,1.83929,80.173
0.101695,1.84821,74.315
0.101695,1.85714,67.044
0.101695,1.86607,62.534
0.101695,1.875,57.127
0.101695,1.88393,57.899
0.101695,1.89286,58.899
0.101695,1.90179,58.785
0.101695,1.91071,57.671
0.101695,1.91964,57.671
0.101695,1.92857,57.671
0.101695,1.9375,57.443
0.101695,1.94643,57.742
0.101695,1.95536,58.073
0.101695,1.96429,57.97
0.101695,1.97321,57.4
0.101695,1.98214,57.72
0.101695,1.99107,58.138
0.101695,2,57.389
0.0920097,0,161.738
0.0920097,0.00892857,150.154
0.0920097,0.0178571,150.041
0.0920097,0.0267857,152.069
0.0920097,0.0357143,156.293
0.0920097,0.0446429,162.257
0.0920097,0.0535714,168.52
0.0920097,0.0625,175.381
0.0920097,0.0714286,184.754
0.0920097,0.0803571,195.084
0.0920097,0.0892857,210.201
0.0920097,0.0982143,198.712
0.0920097,0.107143,164.86
0.0920097,0.116071,109.171
0.0920097,0.125,88.393
0.0920097,0.133929,70.434
0.0920097,0.142857,73.947
0.0920097,0.151786,94.186
0.0920097,0.160714,144.669
0.0920097,0.169643,188.733
0.0920097,0.178571,210.473
0.0920097,0.1875,201.488
0.0920097,0.196429,188.924
0.0920097,0.205357,178.306
0.0920097,0.214286,172.004
0.0920097,0.223214,164.034
0.0920097,0.232143,157.788
0.0920097,0.241071,152.738
0.0920097,0.25,150.183
0.0920097,0.258929,149.471
0.0920097,0.267857,151.269
0.0920097,0.276786,155.734
0.0920097,0.285714,160.119
0.0920097,0.294643,156.723
0.0920097,0.303571,152.6
0.0920097,0.3125,150.286
0.0920097,0.321429,151.08
0.0920097,0.330357,161.713
0.0920097,0.339286,180.28
0.0920097,0.348214,208.711
0.0920097,0.357143,179.804
0.0920097,0.366071,157.117
0.0920097,0.375,175.162
0.0920097,0.383929,207.271
0.0920097,0.392857,183.205
0.0920097,0.401786,165.595
0.0920097,0.410714,151.749
0.0920097,0.419643,153.011
0.0920097,0.428571,169.915
0.0920097,0.4375,176.902
0.0920097,0.446429,169.192
0.0920097,0.455357,165.11
0.0920097,0.464286,172.003
0.0920097,0.473214,172.868
0.0920097,0.482143,153.108
0.0920097,0.491071,150.781
0.0920097,0.5,157.048
0.0920097,0.508929,161.375
0.0920097,0.517857,155.293
0.0920097,0.526786,150.91
0.0920097,0.535714,161.177
0.0920097,0.544643,163.175
0.0920097,0.553571,151.284
0.0920097,0.5625,158.956
0.0920097,0.571429,167.356
0.0920097,0.580357,159.674
0.0920097,0.589286,151.205
0.0920097,0.598214,148.976
0.0920097,0.607143,150.036
0.0920097,0.616071,153.375
0.0920097,0.625,167.307
0.0920097,0.633929,172.863
0.0920097,0.642857,153.169
0.0920097,0.651786,127.3
0.0920097,0.660714,110.089
0.0920097,0.669643,99.753
0.0920097,0.678571,94.612
0.0920097,0.6875,89.449
0.0920097,0.696429,86.449
0.0920097,0.705357,85.449
0.0920097,0.714286,85.449
0.0920097,0.723214,85.449
0.0920097,0.732143,84.449
0.0920097,0.741071,84.449
0.0920097,0.75,84.449
0.0920097,0.758929,84.449
0.0920097,0.767857,84.449
0.0920097,0.776786,84.449
0.0920097,0.785714,83.851
0.0920097,0.794643,84.449
0.0920097,0.803571,85.161
0.0920097,0.8125,84.161
0.0920097,0.821429,84.221
0.0920097,0.830357,86.911
0.0920097,0.839286,90.487
0.0920097,0.848214,97.177
0.0920097,0.857143,101.856
0.0920097,0.866071,105.557
0.0920097,0.875,105.546
0.0920097,0.883929,108.133
0.0920097,0.892857,102.557
0.0920097,0.901786,101.166
0.0920097,0.910714,92.889
0.0920097,0.919643,89.911
0.0920097,0.928571,89.21
0.0920097,0.9375,88.221
0.0920097,0.946429,86.933
0.0920097,0.955357,88.933
0.0920097,0.964286,92.509
0.0920097,0.973214,96.878
0.0920097,0.982143,107.535
0.0920097,0.991071,125.056
0.0920097,1,117.377
0.0920097,1.00893,105.41
0.0920097,1.01786,102.144
0.0920097,1.02679,99.155
0.0920097,1.03571,104.856
0.0920097,1.04464,102.144
0.0920097,1.05357,108.834
0.0920097,1.0625,109.41
0.0920097,1.07143,117.502
0.0920097,1.08036,125.768
0.0920097,1.08929,135.621
0.0920097,1.09821,135.012
0.0920097,1.10714,136.289
0.0920097,1.11607,135.289
0.0920097,1.125,136.061
0.0920097,1.13393,134.371
0.0920097,1.14286,128.393
0.0920097,1.15179,127.828
0.0920097,1.16071,122.437
0.0920097,1.16964,118.16
0.0920097,1.17857,115.883
0.0920097,1.1875,110.883
0.0920097,1.19643,112.595
0.0920097,1.20536,108.595
0.0920097,1.21429,112.883
0.0920097,1.22321,109.883
0.0920097,1.23214,117.171
0.0920097,1.24107,117.171
0.0920097,1.25,116.16
0.0920097,1.25893,120.872
0.0920097,1.26786,121.171
0.0920097,1.27679,116.584
0.0920097,1.28571,111.182
0.0920097,1.29464,109.595
0.0920097,1.30357,111.595
0.0920097,1.3125,111.883
0.0920097,1.32143,109.883
0.0920097,1.33036,111.883
0.0920097,1.33929,113.883
0.0920097,1.34821,109.883
0.0920097,1.35714,109.595
0.0920097,1.36607,111.193
0.0920097,1.375,109.193
0.0920097,1.38393,107.193
0.0920097,1.39286,106.905
0.0920097,1.40179,106.144
0.0920097,1.41071,105.144
0.0920097,1.41964,105.144
0.0920097,1.42857,106.144
0.0920097,1.4375,103.144
0.0920097,1.44643,102.856
0.0920097,1.45536,100.568
0.0920097,1.46429,98.807
0.0920097,1.47321,95.302
0.0920097,1.48214,90.352
0.0920097,1.49107,87.004
0.0920097,1.5,83.514
0.0920097,1.50893,106.933
0.0920097,1.51786,94.482
0.0920097,1.52679,81.645
0.0920097,1.53571,83.645
0.0920097,1.54464,85.243
0.0920097,1.55357,84.368
0.0920097,1.5625,85.564
0.0920097,1.57143,87.244
0.0920097,1.58036,90.636
0.0920097,1.58929,93.017
0.0920097,1.59821,94.213
0.0920097,1.60714,93.936
0.0920097,1.61607,93.741
0.0920097,1.625,92.959
0.0920097,1.63393,92.742
0.0920097,1.64286,90.362
0.0920097,1.65179,89.797
0.0920097,1.66071,87.406
0.0920097,1.66964,87.428
0.0920097,1.67857,83.45
0.0920097,1.6875,79.461
0.0920097,1.69643,74.885
0.0920097,1.70536,74.608
0.0920097,1.71429,73.081
0.0920097,1.72321,72.027
0.0920097,1.73214,70.5
0.0920097,1.74107,69.332
0.0920097,1.75,68.876
0.0920097,1.75893,67.751
0.0920097,1.76786,62.882
0.0920097,1.77679,63.654
0.0920097,1.78571,62.882
0.0920097,1.79464,64.121
0.0920097,1.80357,64.762
0.0920097,1.8125,72.614
0.0920097,1.82143,76.831
0.0920097,1.83036,84.162
0.0920097,1.83929,83.276
0.0920097,1.84821,78.016
0.0920097,1.85714,69.044
0.0920097,1.86607,63.833
0.0920097,1.875,58.138
0.0920097,1.88393,57.899
0.0920097,1.89286,58.899
0.0920097,1.90179,58.785
0.0920097,1.91071,57.671
0.0920097,1.91964,57.671
0.0920097,1.92857,57.671
0.0920097,1.9375,57.443
0.0920097,1.94643,57.742
0.0920097,1.95536,58.073
0.0920097,1.96429,57.97
0.0920097,1.97321,57.4
0.0920097,1.98214,57.72
0.0920097,1.99107,58.138
0.0920097,2,57.389
0.0823245,0,247.235
0.0823245,0.00892857,202.358
0.0823245,0.0178571,151.764
0.0823245,0.0267857,154.592
0.0823245,0.0357143,161.702
0.0823245,0.0446429,167.666
0.0823245,0.0535714,174.484
0.0823245,0.0625,184.601
0.0823245,0.0714286,197.458
0.0823245,0.0803571,210.38
0.0823245,0.0892857,190.838
0.0823245,0.0982143,158.835
0.0823245,0.107143,122.035
0.0823245,0.116071,94.363
0.0823245,0.125,85.125
0.0823245,0.133929,70.429
0.0823245,0.142857,70.11
0.0823245,0.151786,92.163
0.0823245,0.160714,105.019
0.0823245,0.169643,145.577
0.0823245,0.178571,179.733
0.0823245,0.1875,207.729
0.0823245,0.196429,203.667
0.0823245,0.205357,189.799
0.0823245,0.214286,178.931
0.0823245,0.223214,169.232
0.0823245,0.232143,163.072
0.0823245,0.241071,157.592
0.0823245,0.25,152.08
0.0823245,0.258929,149.716
0.0823245,0.267857,149.232
0.0823245,0.276786,153.312
0.0823245,0.285714,157.267
0.0823245,0.294643,154.153
0.0823245,0.303571,154.828
0.0823245,0.3125,150.987
0.0823245,0.321429,149.357
0.0823245,0.330357,159.403
0.0823245,0.339286,177.252
0.0823245,0.348214,207.623
0.0823245,0.357143,170.156
0.0823245,0.366071,130.761
0.0823245,0.375,140.893
0.0823245,0.383929,192.837
0.0823245,0.392857,198.333
0.0823245,0.401786,170.331
0.0823245,0.410714,156.147
0.0823245,0.419643,149.985
0.0823245,0.428571,164.721
0.0823245,0.4375,174.674
0.0823245,0.446429,168.121
0.0823245,0.455357,160.256
0.0823245,0.464286,167.665
0.0823245,0.473214,176.305
0.0823245,0.482143,158.747
0.0823245,0.491071,149.525
0.0823245,0.5,154.667
0.0823245,0.508929,160.19
0.0823245,0.517857,157.25
0.0823245,0.526786,149.394
0.0823245,0.535714,155.826
0.0823245,0.544643,161.71
0.0823245,0.553571,150.768
0.0823245,0.5625,157.859
0.0823245,0.571429,168.769
0.0823245,0.580357,159.93
0.0823245,0.589286,151.336
0.0823245,0.598214,149.335
0.0823245,0.607143,150.851
0.0823245,0.616071,151.295
0.0823245,0.625,162.326
0.0823245,0.633929,173.919
0.0823245,0.642857,156.642
0.0823245,0.651786,136.99
0.0823245,0.660714,114.491
0.0823245,0.669643,101.155
0.0823245,0.678571,91.911
0.0823245,0.6875,88.161
0.0823245,0.696429,87.449
0.0823245,0.705357,85.449
0.0823245,0.714286,85.449
0.0823245,0.723214,85.449
0.0823245,0.732143,84.449
0.0823245,0.741071,84.449
0.0823245,0.75,84.449
0.0823245,0.758929,84.449
0.0823245,0.767857,84.449
0.0823245,0.776786,84.449
0.0823245,0.785714,83.851
0.0823245,0.794643,84.449
0.0823245,0.803571,85.161
0.0823245,0.8125,85.047
0.0823245,0.821429,85.221
0.0823245,0.830357,86.911
0.0823245,0.839286,92.601
0.0823245,0.848214,97.476
0.0823245,0.857143,102.155
0.0823245,0.866071,104.144
0.0823245,0.875,105.546
0.0823245,0.883929,107.133
0.0823245,0.892857,107.144
0.0823245,0.901786,99.753
0.0823245,0.910714,95.59
0.0823245,0.919643,90.911
0.0823245,0.928571,88.21
0.0823245,0.9375,88.221
0.0823245,0.946429,86.52
0.0823245,0.955357,87.346
0.0823245,0.964286,91.623
0.0823245,0.973214,94.878
0.0823245,0.982143,114.41
0.0823245,0.991071,137.92
0.0823245,1,126.768
0.0823245,1.00893,108.111
0.0823245,1.01786,104.144
0.0823245,1.02679,99.856
0.0823245,1.03571,102.155
0.0823245,1.04464,106.155
0.0823245,1.05357,110.133
0.0823245,1.0625,113.41
0.0823245,1.07143,117.089
0.0823245,1.08036,120.067
0.0823245,1.08929,135.621
0.0823245,1.09821,131.425
0.0823245,1.10714,137.588
0.0823245,1.11607,134.99
0.0823245,1.125,134.474
0.0823245,1.13393,130.784
0.0823245,1.14286,130.393
0.0823245,1.15179,129.714
0.0823245,1.16071,123.551
0.0823245,1.16964,117.16
0.0823245,1.17857,116.883
0.0823245,1.1875,108.883
0.0823245,1.19643,111.595
0.0823245,1.20536,109.595
0.0823245,1.21429,111.883
0.0823245,1.22321,113.883
0.0823245,1.23214,116.171
0.0823245,1.24107,116.171
0.0823245,1.25,120.171
0.0823245,1.25893,120.872
0.0823245,1.26786,115.47
0.0823245,1.27679,116.182
0.0823245,1.28571,108.595
0.0823245,1.29464,111.894
0.0823245,1.30357,111.595
0.0823245,1.3125,110.883
0.0823245,1.32143,109.883
0.0823245,1.33036,109.883
0.0823245,1.33929,112.182
0.0823245,1.34821,108.595
0.0823245,1.35714,107.595
0.0823245,1.36607,110.193
0.0823245,1.375,108.193
0.0823245,1.38393,107.193
0.0823245,1.39286,107.905
0.0823245,1.40179,105.144
0.0823245,1.41071,102.144
0.0823245,1.41964,103.144
0.0823245,1.42857,104.144
0.0823245,1.4375,103.557
0.0823245,1.44643,101.856
0.0823245,1.45536,101.454
0.0823245,1.46429,97.921
0.0823245,1.47321,92.416
0.0823245,1.48214,90.113
0.0823245,1.49107,89.189
0.0823245,1.5,84.927
0.0823245,1.50893,90.807
0.0823245,1.51786,91.476
0.0823245,1.52679,83.243
0.0823245,1.53571,84.243
0.0823245,1.54464,85.243
0.0823245,1.55357,84.955
0.0823245,1.5625,86.45
0.0823245,1.57143,88.543
0.0823245,1.58036,89.935
0.0823245,1.58929,90.729
0.0823245,1.59821,92.398
0.0823245,1.60714,93.936
0.0823245,1.61607,93.741
0.0823245,1.625,92.959
0.0823245,1.63393,92.742
0.0823245,1.64286,91.063
0.0823245,1.65179,91.096
0.0823245,1.66071,87.406
0.0823245,1.66964,85.428
0.0823245,1.67857,85.151
0.0823245,1.6875,75.874
0.0823245,1.69643,75.586
0.0823245,1.70536,74.309
0.0823245,1.71429,74.081
0.0823245,1.72321,72.027
0.0823245,1.73214,70.5
0.0823245,1.74107,72.446
0.0823245,1.75,63.876
0.0823245,1.75893,62.11
0.0823245,1.76786,63.882
0.0823245,1.77679,58.654
0.0823245,1.78571,62.882
0.0823245,1.79464,64.121
0.0823245,1.80357,62.762
0.0823245,1.8125,72.913
0.0823245,1.82143,79.945
0.0823245,1.83036,83.863
0.0823245,1.83929,81.091
0.0823245,1.84821,76.543
0.0823245,1.85714,71.756
0.0823245,1.86607,66.42
0.0823245,1.875,62.426
0.0823245,1.88393,58.899
0.0823245,1.89286,57.899
0.0823245,1.90179,57.785
0.0823245,1.91071,57.671
0.0823245,1.91964,57.671
0.0823245,1.92857,57.671
0.0823245,1.9375,57.443
0.0823245,1.94643,57.742
0.0823245,1.95536,58.073
0.0823245,1.96429,57.97
0.0823245,1.97321,57.4
0.0823245,1.98214,57.72
0.0823245,1.99107,58.138
0.0823245,2,57.389
0.0726392,0,244.572
0.0726392,0.00892857,201.429
0.0726392,0.0178571,153.743
0.0726392,0.0267857,158.556
0.0726392,0.0357143,166.595
0.0726392,0.0446429,172.847
0.0726392,0.0535714,185.194
0.0726392,0.0625,196.851
0.0726392,0.0714286,208.587
0.0726392,0.0803571,181.134
0.0726392,0.0892857,142.522
0.0726392,0.0982143,110.965
0.0726392,0.107143,103.672
0.0726392,0.116071,74.102
0.0726392,0.125,72.503
0.0726392,0.133929,110.491
0.0726392,0.142857,86.408
0.0726392,0.151786,91.129
0.0726392,0.160714,91.8
0.0726392,0.169643,98.203
0.0726392,0.178571,127.82
0.0726392,0.1875,167.503
0.0726392,0.196429,200.516
0.0726392,0.205357,203.597
0.0726392,0.214286,190.055
0.0726392,0.223214,177.196
0.0726392,0.232143,169.389
0.0726392,0.241071,162.382
0.0726392,0.25,154.82
0.0726392,0.258929,150.987
0.0726392,0.267857,149.677
0.0726392,0.276786,150.791
0.0726392,0.285714,154.187
0.0726392,0.294643,156.17
0.0726392,0.303571,154.768
0.0726392,0.3125,150.503
0.0726392,0.321429,149.406
0.0726392,0.330357,157.816
0.0726392,0.339286,174.033
0.0726392,0.348214,205.16
0.0726392,0.357143,168.167
0.0726392,0.366071,105.791
0.0726392,0.375,105.253
0.0726392,0.383929,165.47
0.0726392,0.392857,205.053
0.0726392,0.401786,178.312
0.0726392,0.410714,158.577
0.0726392,0.419643,150.166
0.0726392,0.428571,158.534
0.0726392,0.4375,174.476
0.0726392,0.446429,170.377
0.0726392,0.455357,161.864
0.0726392,0.464286,166.402
0.0726392,0.473214,173.657
0.0726392,0.482143,165.666
0.0726392,0.491071,149.768
0.0726392,0.5,153.32
0.0726392,0.508929,159.962
0.0726392,0.517857,158.179
0.0726392,0.526786,151.297
0.0726392,0.535714,151.985
0.0726392,0.544643,158.968
0.0726392,0.553571,151.22
0.0726392,0.5625,159.642
0.0726392,0.571429,170.15
0.0726392,0.580357,162.61
0.0726392,0.589286,151.656
0.0726392,0.598214,149.514
0.0726392,0.607143,149.731
0.0726392,0.616071,149.535
0.0726392,0.625,158.471
0.0726392,0.633929,172.601
0.0726392,0.642857,162.082
0.0726392,0.651786,139.256
0.0726392,0.660714,118.883
0.0726392,0.669643,99.802
0.0726392,0.678571,93.715
0.0726392,0.6875,90.09
0.0726392,0.696429,86.552
0.0726392,0.705357,84.933
0.0726392,0.714286,83.862
0.0726392,0.723214,84.449
0.0726392,0.732143,84.449
0.0726392,0.741071,84.449
0.0726392,0.75,84.449
0.0726392,0.758929,84.449
0.0726392,0.767857,84.449
0.0726392,0.776786,84.449
0.0726392,0.785714,84.449
0.0726392,0.794643,84.449
0.0726392,0.803571,83.862
0.0726392,0.8125,84.047
0.0726392,0.821429,84.221
0.0726392,0.830357,87.509
0.0726392,0.839286,90.911
0.0726392,0.848214,97.476
0.0726392,0.857143,104.155
0.0726392,0.866071,106.845
0.0726392,0.875,106.834
0.0726392,0.883929,105.834
0.0726392,0.892857,101.144
0.0726392,0.901786,106.155
0.0726392,0.910714,96.177
0.0726392,0.919643,91.313
0.0726392,0.928571,89.52
0.0726392,0.9375,87.922
0.0726392,0.946429,87.199
0.0726392,0.955357,89.623
0.0726392,0.964286,89.52
0.0726392,0.973214,94.177
0.0726392,0.982143,114.562
0.0726392,0.991071,139.925
0.0726392,1,127.382
0.0726392,1.00893,109.133
0.0726392,1.01786,103.682
0.0726392,1.02679,104.062
0.0726392,1.03571,101.671
0.0726392,1.04464,103.465
0.0726392,1.05357,108.318
0.0726392,1.0625,112.823
0.0726392,1.07143,115.812
0.0726392,1.08036,122.078
0.0726392,1.08929,128.746
0.0726392,1.09821,134.012
0.0726392,1.10714,135.289
0.0726392,1.11607,137.588
0.0726392,1.125,132.773
0.0726392,1.13393,138.083
0.0726392,1.14286,130.393
0.0726392,1.15179,131.127
0.0726392,1.16071,123.437
0.0726392,1.16964,118.16
0.0726392,1.17857,116.459
0.0726392,1.1875,112.171
0.0726392,1.19643,112.883
0.0726392,1.20536,113.883
0.0726392,1.21429,113.883
0.0726392,1.22321,110.883
0.0726392,1.23214,112.883
0.0726392,1.24107,117.883
0.0726392,1.25,113.883
0.0726392,1.25893,114.883
0.0726392,1.26786,113.883
0.0726392,1.27679,108.883
0.0726392,1.28571,108.883
0.0726392,1.29464,108.883
0.0726392,1.30357,109.883
0.0726392,1.3125,110.883
0.0726392,1.32143,109.883
0.0726392,1.33036,110.236
0.0726392,1.33929,110.834
0.0726392,1.34821,107.834
0.0726392,1.35714,108.834
0.0726392,1.36607,106.834
0.0726392,1.375,106.834
0.0726392,1.38393,106.834
0.0726392,1.39286,105.834
0.0726392,1.40179,108.133
0.0726392,1.41071,106.133
0.0726392,1.41964,103.133
0.0726392,1.42857,107.133
0.0726392,1.4375,103.856
0.0726392,1.44643,102.155
0.0726392,1.45536,96.166
0.0726392,1.46429,96.177
0.0726392,1.47321,94.188
0.0726392,1.48214,90.498
0.0726392,1.49107,86.808
0.0726392,1.5,84.161
0.0726392,1.50893,86.862
0.0726392,1.51786,88.449
0.0726392,1.52679,82.851
0.0726392,1.53571,83.645
0.0726392,1.54464,84.368
0.0726392,1.55357,85.966
0.0726392,1.5625,86.988
0.0726392,1.57143,87.668
0.0726392,1.58036,90.348
0.0726392,1.58929,92.142
0.0726392,1.59821,92.925
0.0726392,1.60714,93.708
0.0726392,1.61607,93.741
0.0726392,1.625,92.361
0.0726392,1.63393,92.682
0.0726392,1.64286,93.063
0.0726392,1.65179,89.085
0.0726392,1.66071,86.819
0.0726392,1.66964,85.2
0.0726392,1.67857,84.048
0.0726392,1.6875,77.874
0.0726392,1.69643,75.472
0.0726392,1.70536,74.597
0.0726392,1.71429,72.369
0.0726392,1.72321,74.027
0.0726392,1.73214,72.315
0.0726392,1.74107,70.218
0.0726392,1.75,66.463
0.0726392,1.75893,68.11
0.0726392,1.76786,61.882
0.0726392,1.77679,65.882
0.0726392,1.78571,62.11
0.0726392,1.79464,64.463
0.0726392,1.80357,65.517
0.0726392,1.8125,71.864
0.0726392,1.82143,78.646
0.0726392,1.83036,82.852
0.0726392,1.83929,81.205
0.0726392,1.84821,76.423
0.0726392,1.85714,73.995
0.0726392,1.86607,64.121
0.0726392,1.875,62.475
0.0726392,1.88393,58.899
0.0726392,1.89286,57.899
0.0726392,1.90179,57.899
0.0726392,1.91071,57.785
0.0726392,1.91964,57.671
0.0726392,1.92857,57.671
0.0726392,1.9375,57.671
0.0726392,1.94643,57.742
0.0726392,1.95536,58.073
0.0726392,1.96429,57.97
0.0726392,1.97321,57.4
0.0726392,1.98214,57.72
0.0726392,1.99107,58.138
0.0726392,2,57.389
0.062954,0,157.456
0.062954,0.00892857,152.079
0.062954,0.0178571,159.304
0.062954,0.0267857,164.3
0.062954,0.0357143,172.845
0.062954,0.0446429,179.91
0.062954,0.0535714,198.601
0.062954,0.0625,210.228
0.062954,0.0714286,173.569
0.062954,0.0803571,130.854
0.062954,0.0892857,96.948
0.062954,0.0982143,91.82
0.062954,0.107143,89.341
0.062954,0.116071,58.602
0.062954,0.125,57.787
0.062954,0.133929,56.485
0.062954,0.142857,61.364
0.062954,0.151786,88.861
0.062954,0.160714,88.99
0.062954,0.169643,91.556
0.062954,0.178571,92.997
0.062954,0.1875,113.619
0.062954,0.196429,156.698
0.062954,0.205357,200.043
0.062954,0.214286,204.026
0.062954,0.223214,185.672
0.062954,0.232143,175.168
0.062954,0.241071,166.378
0.062954,0.25,158.745
0.062954,0.258929,152.955
0.062954,0.267857,149.759
0.062954,0.276786,149.759
0.062954,0.285714,151.927
0.062954,0.294643,154.91
0.062954,0.303571,154.323
0.062954,0.3125,150.688
0.062954,0.321429,149.808
0.062954,0.330357,155.663
0.062954,0.339286,172.82
0.062954,0.348214,202.181
0.062954,0.357143,168.683
0.062954,0.366071,95.796
0.062954,0.375,92.328
0.062954,0.383929,131.821
0.062954,0.392857,203.971
0.062954,0.401786,185.917
0.062954,0.410714,162.513
0.062954,0.419643,150.265
0.062954,0.428571,155.775
0.062954,0.4375,172.016
0.062954,0.446429,170.96
0.062954,0.455357,162.006
0.062954,0.464286,162.206
0.062954,0.473214,174.276
0.062954,0.482143,170.322
0.062954,0.491071,152.435
0.062954,0.5,151.2
0.062954,0.508929,158.962
0.062954,0.517857,161.136
0.062954,0.526786,152.613
0.062954,0.535714,149.845
0.062954,0.544643,155.23
0.062954,0.553571,150.65
0.062954,0.5625,161.186
0.062954,0.571429,171.922
0.062954,0.580357,163.681
0.062954,0.589286,152.613
0.062954,0.598214,149.112
0.062954,0.607143,150.101
0.062954,0.616071,150.264
0.062954,0.625,154.57
0.062954,0.633929,171.13
0.062954,0.642857,166.224
0.062954,0.651786,138.071
0.062954,0.660714,117.399
0.062954,0.669643,103.856
0.062954,0.678571,94.128
0.062954,0.6875,90.449
0.062954,0.696429,85.851
0.062954,0.705357,85.933
0.062954,0.714286,83.862
0.062954,0.723214,84.449
0.062954,0.732143,84.449
0.062954,0.741071,84.449
0.062954,0.75,84.449
0.062954,0.758929,84.449
0.062954,0.767857,84.449
0.062954,0.776786,84.449
0.062954,0.785714,84.449
0.062954,0.794643,84.449
0.062954,0.803571,83.862
0.062954,0.8125,84.047
0.062954,0.821429,84.221
0.062954,0.830357,86.922
0.062954,0.839286,89.911
0.062954,0.848214,97.59
0.062954,0.857143,101.856
0.062954,0.866071,106.557
0.062954,0.875,103.133
0.062954,0.883929,109.834
0.062954,0.892857,105.856
0.062954,0.901786,103.166
0.062954,0.910714,93.889
0.062954,0.919643,90.313
0.062954,0.928571,89.52
0.062954,0.9375,87.922
0.062954,0.946429,87.612
0.062954,0.955357,88.509
0.062954,0.964286,89.933
0.062954,0.973214,93.59
0.062954,0.982143,115.078
0.062954,0.991071,150.223
0.062954,1,138.865
0.062954,1.00893,111.997
0.062954,1.01786,105.785
0.062954,1.02679,104.062
0.062954,1.03571,100.97
0.062954,1.04464,101.568
0.062954,1.05357,106.247
0.062954,1.0625,110.111
0.062954,1.07143,116.399
0.062954,1.08036,124.078
0.062954,1.08929,131.746
0.062954,1.09821,135.001
0.062954,1.10714,140.289
0.062954,1.11607,136.289
0.062954,1.125,136.784
0.062954,1.13393,129.393
0.062954,1.14286,127.404
0.062954,1.15179,127.839
0.062954,1.16071,122.149
0.062954,1.16964,121.16
0.062954,1.17857,113.171
0.062954,1.1875,115.883
0.062954,1.19643,113.595
0.062954,1.20536,107.595
0.062954,1.21429,109.595
0.062954,1.22321,110.595
0.062954,1.23214,110.595
0.062954,1.24107,116.595
0.062954,1.25,112.595
0.062954,1.25893,115.595
0.062954,1.26786,113.595
0.062954,1.27679,110.595
0.062954,1.28571,108.595
0.062954,1.29464,108.595
0.062954,1.30357,109.595
0.062954,1.3125,109.595
0.062954,1.32143,110.595
0.062954,1.33036,108.823
0.062954,1.33929,108.823
0.062954,1.34821,107.823
0.062954,1.35714,107.823
0.062954,1.36607,108.823
0.062954,1.375,108.823
0.062954,1.38393,107.823
0.062954,1.39286,106.421
0.062954,1.40179,105.731
0.062954,1.41071,106.144
0.062954,1.41964,101.144
0.062954,1.42857,100.144
0.062954,1.4375,100.856
0.062954,1.44643,101.28
0.062954,1.45536,98.878
0.062954,1.46429,94.59
0.062954,1.47321,93.601
0.062954,1.48214,88.911
0.062954,1.49107,86.922
0.062954,1.5,85.748
0.062954,1.50893,84.161
0.062954,1.51786,84.862
0.062954,1.52679,82.851
0.062954,1.53571,84.346
0.062954,1.54464,84.656
0.062954,1.55357,84.368
0.062954,1.5625,85.091
0.062954,1.57143,87.657
0.062954,1.58036,89.864
0.062954,1.58929,92.131
0.062954,1.59821,91.925
0.062954,1.60714,93.42
0.062954,1.61607,93.741
0.062954,1.625,92.486
0.062954,1.63393,92.394
0.062954,1.64286,91.476
0.062954,1.65179,89.797
0.062954,1.66071,87.118
0.062954,1.66964,85.912
0.062954,1.67857,80.173
0.062954,1.6875,78.586
0.062954,1.69643,76.483
0.062954,1.70536,75.369
0.062954,1.71429,73.027
0.062954,1.72321,72.799
0.062954,1.73214,69.973
0.062954,1.74107,67.104
0.062954,1.75,70.349
0.062954,1.75893,63.11
0.062954,1.76786,59.882
0.062954,1.77679,63.882
0.062954,1.78571,65.882
0.062954,1.79464,67.235
0.062954,1.80357,63.876
0.062954,1.8125,72.212
0.062954,1.82143,78.635
0.062954,1.83036,88.129
0.062954,1.83929,85.781
0.062954,1.84821,80.184
0.062954,1.85714,64.397
0.062954,1.86607,60.697
0.062954,1.875,61.176
0.062954,1.88393,59.899
0.062954,1.89286,56.899
0.062954,1.90179,56.899
0.062954,1.91071,57.785
0.062954,1.91964,57.671
0.062954,1.92857,57.671
0.062954,1.9375,57.671
0.062954,1.94643,57.742
0.062954,1.95536,58.073
0.062954,1.96429,57.97
0.062954,1.97321,57.4
0.062954,1.98214,57.72
0.062954,1.99107,58.138
0.062954,2,57.389
0.0532688,0,159.035
0.0532688,0.00892857,151.435
0.0532688,0.0178571,163.876
0.0532688,0.0267857,167.296
0.0532688,0.0357143,174.891
0.0532688,0.0446429,192.909
0.0532688,0.0535714,207.24
0.0532688,0.0625,180.678
0.0532688,0.0714286,127.625
0.0532688,0.0803571,95.242
0.0532688,0.0892857,92.381
0.0532688,0.0982143,87.662
0.0532688,0.107143,91.096
0.0532688,0.116071,58.948
0.0532688,0.125,55.508
0.0532688,0.133929,57.175
0.0532688,0.142857,52.184
0.0532688,0.151786,85.06
0.0532688,0.160714,89.211
0.0532688,0.169643,91.272
0.0532688,0.178571,91.533
0.0532688,0.1875,92.48
0.0532688,0.196429,107.949
0.0532688,0.205357,160.377
0.0532688,0.214286,206.56
0.0532688,0.223214,198.742
0.0532688,0.232143,183.405
0.0532688,0.241071,171.157
0.0532688,0.25,163.154
0.0532688,0.258929,155.407
0.0532688,0.267857,150.727
0.0532688,0.276786,149.83
0.0532688,0.285714,150.998
0.0532688,0.294643,152.753
0.0532688,0.303571,152.579
0.0532688,0.3125,151.46
0.0532688,0.321429,149.851
0.0532688,0.330357,153.809
0.0532688,0.339286,170.172
0.0532688,0.348214,200.142
0.0532688,0.357143,171.199
0.0532688,0.366071,95.693
0.0532688,0.375,91.061
0.0532688,0.383929,106.998
0.0532688,0.392857,185.965
0.0532688,0.401786,194.006
0.0532688,0.410714,165.264
0.0532688,0.419643,150.179
0.0532688,0.428571,154.592
0.0532688,0.4375,170.485
0.0532688,0.446429,173.7
0.0532688,0.455357,163.718
0.0532688,0.464286,161.896
0.0532688,0.473214,169.041
0.0532688,0.482143,172.195
0.0532688,0.491071,153.618
0.0532688,0.5,150.824
0.0532688,0.508929,156.848
0.0532688,0.517857,161.62
0.0532688,0.526786,154.826
0.0532688,0.535714,150.346
0.0532688,0.544643,153.247
0.0532688,0.553571,150.955
0.0532688,0.5625,161.958
0.0532688,0.571429,171.933
0.0532688,0.580357,165.35
0.0532688,0.589286,152.983
0.0532688,0.598214,150.699
0.0532688,0.607143,149.514
0.0532688,0.616071,149.748
0.0532688,0.625,152.555
0.0532688,0.633929,168.556
0.0532688,0.642857,170.519
0.0532688,0.651786,142.185
0.0532688,0.660714,115.132
0.0532688,0.669643,106.785
0.0532688,0.678571,91.128
0.0532688,0.6875,89.15
0.0532688,0.696429,87.509
0.0532688,0.705357,84.645
0.0532688,0.714286,83.862
0.0532688,0.723214,84.449
0.0532688,0.732143,84.449
0.0532688,0.741071,84.449
0.0532688,0.75,84.449
0.0532688,0.758929,84.449
0.0532688,0.767857,84.449
0.0532688,0.776786,84.449
0.0532688,0.785714,84.449
0.0532688,0.794643,84.449
0.0532688,0.803571,83.862
0.0532688,0.8125,84.047
0.0532688,0.821429,84.221
0.0532688,0.830357,86.922
0.0532688,0.839286,89.911
0.0532688,0.848214,95.889
0.0532688,0.857143,102.856
0.0532688,0.866071,103.443
0.0532688,0.875,106.133
0.0532688,0.883929,103.133
0.0532688,0.892857,105.557
0.0532688,0.901786,99.166
0.0532688,0.910714,92.889
0.0532688,0.919643,90.313
0.0532688,0.928571,89.52
0.0532688,0.9375,87.634
0.0532688,0.946429,87.911
0.0532688,0.955357,86.335
0.0532688,0.964286,89.346
0.0532688,0.973214,94.59
0.0532688,0.982143,120.067
0.0532688,0.991071,153.347
0.0532688,1,145.06
0.0532688,1.00893,113.79
0.0532688,1.01786,105.845
0.0532688,1.02679,103.133
0.0532688,1.03571,100.269
0.0532688,1.04464,102.682
0.0532688,1.05357,108.649
0.0532688,1.0625,107.111
0.0532688,1.07143,116.399
0.0532688,1.08036,118.078
0.0532688,1.08929,127.045
0.0532688,1.09821,130.425
0.0532688,1.10714,134.001
0.0532688,1.11607,131.001
0.0532688,1.125,133.083
0.0532688,1.13393,128.806
0.0532688,1.14286,121.23
0.0532688,1.15179,119.839
0.0532688,1.16071,119.448
0.0532688,1.16964,120.872
0.0532688,1.17857,110.883
0.0532688,1.1875,111.595
0.0532688,1.19643,108.595
0.0532688,1.20536,107.595
0.0532688,1.21429,108.595
0.0532688,1.22321,108.595
0.0532688,1.23214,113.595
0.0532688,1.24107,113.595
0.0532688,1.25,112.595
0.0532688,1.25893,109.894
0.0532688,1.26786,108.193
0.0532688,1.27679,109.193
0.0532688,1.28571,111.193
0.0532688,1.29464,107.193
0.0532688,1.30357,107.193
0.0532688,1.3125,108.193
0.0532688,1.32143,110.193
0.0532688,1.33036,107.823
0.0532688,1.33929,108.823
0.0532688,1.34821,109.823
0.0532688,1.35714,108.823
0.0532688,1.36607,109.823
0.0532688,1.375,107.823
0.0532688,1.38393,106.823
0.0532688,1.39286,107.535
0.0532688,1.40179,107.856
0.0532688,1.41071,102.856
0.0532688,1.41964,100.856
0.0532688,1.42857,105.856
0.0532688,1.4375,99.454
0.0532688,1.44643,99.166
0.0532688,1.45536,98.177
0.0532688,1.46429,94.188
0.0532688,1.47321,93.612
0.0532688,1.48214,89.623
0.0532688,1.49107,85.933
0.0532688,1.5,86.047
0.0532688,1.50893,84.161
0.0532688,1.51786,85.748
0.0532688,1.52679,83.851
0.0532688,1.53571,84.047
0.0532688,1.54464,84.645
0.0532688,1.55357,86.243
0.0532688,1.5625,87.265
0.0532688,1.57143,88.358
0.0532688,1.58036,88.451
0.0532688,1.58929,90.43
0.0532688,1.59821,93.626
0.0532688,1.60714,92.833
0.0532688,1.61607,93.453
0.0532688,1.625,92.785
0.0532688,1.63393,92.693
0.0532688,1.64286,90.775
0.0532688,1.65179,89.096
0.0532688,1.66071,87.118
0.0532688,1.66964,85.624
0.0532688,1.67857,81.472
0.0532688,1.6875,79.597
0.0532688,1.69643,77.782
0.0532688,1.70536,76.141
0.0532688,1.71429,72.913
0.0532688,1.72321,70.685
0.0532688,1.73214,69.859
0.0532688,1.74107,65.876
0.0532688,1.75,63.349
0.0532688,1.75893,63.11
0.0532688,1.76786,61.654
0.0532688,1.77679,59.127
0.0532688,1.78571,60.654
0.0532688,1.79464,62.893
0.0532688,1.80357,66.235
0.0532688,1.8125,72.799
0.0532688,1.82143,78.983
0.0532688,1.83036,87.591
0.0532688,1.83929,87.716
0.0532688,1.84821,75.874
0.0532688,1.85714,71.272
0.0532688,1.86607,60.811
0.0532688,1.875,59.877
0.0532688,1.88393,57.899
0.0532688,1.89286,58.899
0.0532688,1.90179,57.899
0.0532688,1.91071,56.785
0.0532688,1.91964,57.671
0.0532688,1.92857,57.671
0.0532688,1.9375,57.671
0.0532688,1.94643,57.742
0.0532688,1.95536,58.073
0.0532688,1.96429,57.97
0.0532688,1.97321,57.4
0.0532688,1.98214,57.72
0.0532688,1.99107,58.138
0.0532688,2,57.389
0.0435835,0,158.927
0.0435835,0.00892857,157.925
0.0435835,0.0178571,164.556
0.0435835,0.0267857,171.168
0.0435835,0.0357143,184.167
0.0435835,0.0446429,206.76
0.0435835,0.0535714,191.201
0.0435835,0.0625,136.114
0.0435835,0.0714286,93.083
0.0435835,0.0803571,92.833
0.0435835,0.0892857,92.848
0.0435835,0.0982143,88.803
0.0435835,0.107143,87.277
0.0435835,0.116071,57.802
0.0435835,0.125,57.775
0.0435835,0.133929,56.323
0.0435835,0.142857,56.772
0.0435835,0.151786,74.358
0.0435835,0.160714,77.535
0.0435835,0.169643,86.792
0.0435835,0.178571,92.304
0.0435835,0.1875,91.012
0.0435835,0.196429,89.849
0.0435835,0.205357,116.574
0.0435835,0.214286,169.509
0.0435835,0.223214,209.305
0.0435835,0.232143,190.468
0.0435835,0.241071,176.637
0.0435835,0.25,166.677
0.0435835,0.258929,158.261
0.0435835,0.267857,151.912
0.0435835,0.276786,150.129
0.0435835,0.285714,150.585
0.0435835,0.294643,152.041
0.0435835,0.303571,152.123
0.0435835,0.3125,151.243
0.0435835,0.321429,149.079
0.0435835,0.330357,151.781
0.0435835,0.339286,169.019
0.0435835,0.348214,194.163
0.0435835,0.357143,176.601
0.0435835,0.366071,95.405
0.0435835,0.375,94.365
0.0435835,0.383929,97.127
0.0435835,0.392857,164.198
0.0435835,0.401786,201.448
0.0435835,0.410714,171.602
0.0435835,0.419643,151.777
0.0435835,0.428571,152.207
0.0435835,0.4375,168.41
0.0435835,0.446429,175.01
0.0435835,0.455357,166.772
0.0435835,0.464286,162.868
0.0435835,0.473214,164.447
0.0435835,0.482143,175.872
0.0435835,0.491071,158.089
0.0435835,0.5,150.28
0.0435835,0.508929,155.891
0.0435835,0.517857,161.332
0.0435835,0.526786,154.424
0.0435835,0.535714,150.488
0.0435835,0.544643,149.791
0.0435835,0.553571,148.656
0.0435835,0.5625,162.67
0.0435835,0.571429,174.759
0.0435835,0.580357,166.35
0.0435835,0.589286,153.983
0.0435835,0.598214,150.101
0.0435835,0.607143,149.03
0.0435835,0.616071,149.449
0.0435835,0.625,150.398
0.0435835,0.633929,166.601
0.0435835,0.642857,169.618
0.0435835,0.651786,146.544
0.0435835,0.660714,118.811
0.0435835,0.669643,107.013
0.0435835,0.678571,94.829
0.0435835,0.6875,90.21
0.0435835,0.696429,86.221
0.0435835,0.705357,84.873
0.0435835,0.714286,83.862
0.0435835,0.723214,83.449
0.0435835,0.732143,84.449
0.0435835,0.741071,84.449
0.0435835,0.75,84.449
0.0435835,0.758929,84.449
0.0435835,0.767857,84.449
0.0435835,0.776786,84.449
0.0435835,0.785714,84.449
0.0435835,0.794643,84.449
0.0435835,0.803571,83.862
0.0435835,0.8125,83.748
0.0435835,0.821429,84.221
0.0435835,0.830357,86.922
0.0435835,0.839286,89.21
0.0435835,0.848214,94.59
0.0435835,0.857143,99.155
0.0435835,0.866071,108.443
0.0435835,0.875,102.432
0.0435835,0.883929,104.133
0.0435835,0.892857,102.557
0.0435835,0.901786,103.166
0.0435835,0.910714,95.188
0.0435835,0.919643,91.313
0.0435835,0.928571,89.221
0.0435835,0.9375,87.634
0.0435835,0.946429,86.911
0.0435835,0.955357,88.52
0.0435835,0.964286,89.346
0.0435835,0.973214,94.177
0.0435835,0.982143,121.355
0.0435835,0.991071,160.51
0.0435835,1,150.636
0.0435835,1.00893,116.366
0.0435835,1.01786,104.215
0.0435835,1.02679,103.628
0.0435835,1.03571,97.878
0.0435835,1.04464,99.394
0.0435835,1.05357,105.66
0.0435835,1.0625,110.535
0.0435835,1.07143,110.41
0.0435835,1.08036,116.502
0.0435835,1.08929,129.056
0.0435835,1.09821,138.735
0.0435835,1.10714,133.724
0.0435835,1.11607,135.425
0.0435835,1.125,132.094
0.0435835,1.13393,133.806
0.0435835,1.14286,131.404
0.0435835,1.15179,127.839
0.0435835,1.16071,124.562
0.0435835,1.16964,118.872
0.0435835,1.17857,113.296
0.0435835,1.1875,112.193
0.0435835,1.19643,107.595
0.0435835,1.20536,111.595
0.0435835,1.21429,110.595
0.0435835,1.22321,112.595
0.0435835,1.23214,109.595
0.0435835,1.24107,111.595
0.0435835,1.25,113.595
0.0435835,1.25893,114.894
0.0435835,1.26786,108.193
0.0435835,1.27679,107.193
0.0435835,1.28571,109.193
0.0435835,1.29464,108.193
0.0435835,1.30357,108.193
0.0435835,1.3125,108.193
0.0435835,1.32143,108.193
0.0435835,1.33036,110.834
0.0435835,1.33929,106.834
0.0435835,1.34821,106.834
0.0435835,1.35714,108.133
0.0435835,1.36607,105.133
0.0435835,1.375,107.133
0.0435835,1.38393,107.834
0.0435835,1.39286,107.133
0.0435835,1.40179,104.856
0.0435835,1.41071,105.856
0.0435835,1.41964,104.443
0.0435835,1.42857,105.856
0.0435835,1.4375,104.454
0.0435835,1.44643,101.579
0.0435835,1.45536,98.878
0.0435835,1.46429,93.188
0.0435835,1.47321,90.313
0.0435835,1.48214,89.509
0.0435835,1.49107,85.933
0.0435835,1.5,85.346
0.0435835,1.50893,85.161
0.0435835,1.51786,83.449
0.0435835,1.52679,83.15
0.0435835,1.53571,83.933
0.0435835,1.54464,84.645
0.0435835,1.55357,85.069
0.0435835,1.5625,86.39
0.0435835,1.57143,88.657
0.0435835,1.58036,89.75
0.0435835,1.58929,91.729
0.0435835,1.59821,93.224
0.0435835,1.60714,93.132
0.0435835,1.61607,93.453
0.0435835,1.625,92.785
0.0435835,1.63393,91.992
0.0435835,1.64286,90.775
0.0435835,1.65179,87.509
0.0435835,1.66071,86.417
0.0435835,1.66964,84.923
0.0435835,1.67857,83.184
0.0435835,1.6875,79.483
0.0435835,1.69643,77.081
0.0435835,1.70536,72.853
0.0435835,1.71429,72.913
0.0435835,1.72321,70.044
0.0435835,1.73214,67.104
0.0435835,1.74107,64.99
0.0435835,1.75,68.876
0.0435835,1.75893,67.996
0.0435835,1.76786,64.654
0.0435835,1.77679,58.127
0.0435835,1.78571,62.127
0.0435835,1.79464,63.252
0.0435835,1.80357,66.42
0.0435835,1.8125,70.913
0.0435835,1.82143,78.695
0.0435835,1.83036,86.651
0.0435835,1.83929,90.118
0.0435835,1.84821,82.934
0.0435835,1.85714,75.272
0.0435835,1.86607,65.708
0.0435835,1.875,62.714
0.0435835,1.88393,56.899
0.0435835,1.89286,56.899
0.0435835,1.90179,56.899
0.0435835,1.91071,56.785
0.0435835,1.91964,57.671
0.0435835,1.92857,57.671
0.0435835,1.9375,57.671
0.0435835,1.94643,57.742
0.0435835,1.95536,58.073
0.0435835,1.96429,57.97
0.0435835,1.97321,57.4
0.0435835,1.98214,57.72
0.0435835,1.99107,58.138
0.0435835,2,57.389
0.0338983,0,162.306
0.0338983,0.00892857,161.973
0.0338983,0.0178571,168.432
0.0338983,0.0267857,179.534
0.0338983,0.0357143,195.556
0.0338983,0.0446429,208.196
0.0338983,0.0535714,155.253
0.0338983,0.0625,98.497
0.0338983,0.0714286,92.321
0.0338983,0.0803571,92.566
0.0338983,0.0892857,87.467
0.0338983,0.0982143,83.415
0.0338983,0.107143,76.282
0.0338983,0.116071,57.421
0.0338983,0.125,57.949
0.0338983,0.133929,56.52
0.0338983,0.142857,56.789
0.0338983,0.151786,69.546
0.0338983,0.160714,52.014
0.0338983,0.169643,78.28
0.0338983,0.178571,86.341
0.0338983,0.1875,90.164
0.0338983,0.196429,91.012
0.0338983,0.205357,94.148
0.0338983,0.214286,133
0.0338983,0.223214,192.31
0.0338983,0.232143,201.742
0.0338983,0.241071,181.188
0.0338983,0.25,169.157
0.0338983,0.258929,165.713
0.0338983,0.267857,155.336
0.0338983,0.276786,150.77
0.0338983,0.285714,150.101
0.0338983,0.294643,149.845
0.0338983,0.303571,151.585
0.0338983,0.3125,151.83
0.0338983,0.321429,149.791
0.0338983,0.330357,152.71
0.0338983,0.339286,165.051
0.0338983,0.348214,190.853
0.0338983,0.357143,184.878
0.0338983,0.366071,93.465
0.0338983,0.375,92.599
0.0338983,0.383929,91.952
0.0338983,0.392857,141.306
0.0338983,0.401786,204.514
0.0338983,0.410714,176.783
0.0338983,0.419643,155.136
0.0338983,0.428571,150.925
0.0338983,0.4375,166.569
0.0338983,0.446429,174.152
0.0338983,0.455357,166.413
0.0338983,0.464286,159.922
0.0338983,0.473214,164.12
0.0338983,0.482143,175.332
0.0338983,0.491071,160.207
0.0338983,0.5,149.611
0.0338983,0.508929,154.222
0.0338983,0.517857,161.56
0.0338983,0.526786,156.261
0.0338983,0.535714,150.542
0.0338983,0.544643,150.905
0.0338983,0.553571,149.656
0.0338983,0.5625,161.795
0.0338983,0.571429,176.069
0.0338983,0.580357,168.834
0.0338983,0.589286,155.456
0.0338983,0.598214,150.389
0.0338983,0.607143,149.475
0.0338983,0.616071,149.851
0.0338983,0.625,149.714
0.0338983,0.633929,160.717
0.0338983,0.642857,170.674
0.0338983,0.651786,148.365
0.0338983,0.660714,121.137
0.0338983,0.669643,108.002
0.0338983,0.678571,98.889
0.0338983,0.6875,89.558
0.0338983,0.696429,87.107
0.0338983,0.705357,84.574
0.0338983,0.714286,84.449
0.0338983,0.723214,83.449
0.0338983,0.732143,84.449
0.0338983,0.741071,83.449
0.0338983,0.75,84.449
0.0338983,0.758929,84.449
0.0338983,0.767857,84.449
0.0338983,0.776786,84.449
0.0338983,0.785714,84.449
0.0338983,0.794643,84.449
0.0338983,0.803571,83.862
0.0338983,0.8125,83.748
0.0338983,0.821429,85.221
0.0338983,0.830357,87.808
0.0338983,0.839286,90.21
0.0338983,0.848214,92.177
0.0338983,0.857143,101.155
0.0338983,0.866071,105.144
0.0338983,0.875,109.133
0.0338983,0.883929,107.133
0.0338983,0.892857,104.845
0.0338983,0.901786,101.465
0.0338983,0.910714,96.59
0.0338983,0.919643,93.487
0.0338983,0.928571,88.221
0.0338983,0.9375,87.634
0.0338983,0.946429,86.911
0.0338983,0.955357,87.509
0.0338983,0.964286,89.335
0.0338983,0.973214,95.867
0.0338983,0.982143,123.415
0.0338983,0.991071,166.794
0.0338983,1,159.778
0.0338983,1.00893,115.497
0.0338983,1.01786,105.628
0.0338983,1.02679,100.052
0.0338983,1.03571,100.416
0.0338983,1.04464,99.405
0.0338983,1.05357,104.258
0.0338983,1.0625,108.432
0.0338983,1.07143,112.834
0.0338983,1.08036,122.1
0.0338983,1.08929,126.355
0.0338983,1.09821,131.333
0.0338983,1.10714,136.023
0.0338983,1.11607,136.322
0.0338983,1.125,131.094
0.0338983,1.13393,131.507
0.0338983,1.14286,130.105
0.0338983,1.15179,125.127
0.0338983,1.16071,118.437
0.0338983,1.16964,117.459
0.0338983,1.17857,112.47
0.0338983,1.1875,111.595
0.0338983,1.19643,108.296
0.0338983,1.20536,111.595
0.0338983,1.21429,109.595
0.0338983,1.22321,111.182
0.0338983,1.23214,109.595
0.0338983,1.24107,110.296
0.0338983,1.25,110.296
0.0338983,1.25893,110.894
0.0338983,1.26786,109.193
0.0338983,1.27679,107.193
0.0338983,1.28571,107.193
0.0338983,1.29464,108.193
0.0338983,1.30357,109.193
0.0338983,1.3125,108.193
0.0338983,1.32143,109.193
0.0338983,1.33036,108.546
0.0338983,1.33929,107.144
0.0338983,1.34821,105.144
0.0338983,1.35714,108.144
0.0338983,1.36607,108.845
0.0338983,1.375,109.731
0.0338983,1.38393,107.144
0.0338983,1.39286,109.731
0.0338983,1.40179,103.856
0.0338983,1.41071,101.443
0.0338983,1.41964,102.144
0.0338983,1.42857,105.144
0.0338983,1.4375,101.856
0.0338983,1.44643,100.155
0.0338983,1.45536,101.454
0.0338983,1.46429,96.878
0.0338983,1.47321,90.487
0.0338983,1.48214,90.498
0.0338983,1.49107,88.221
0.0338983,1.5,85.047
0.0338983,1.50893,85.161
0.0338983,1.51786,84.449
0.0338983,1.52679,83.851
0.0338983,1.53571,84.346
0.0338983,1.54464,84.656
0.0338983,1.55357,85.966
0.0338983,1.5625,86.39
0.0338983,1.57143,87.956
0.0338983,1.58036,89.462
0.0338983,1.58929,90.256
0.0338983,1.59821,93.811
0.0338983,1.60714,93.121
0.0338983,1.61607,93.154
0.0338983,1.625,92.486
0.0338983,1.63393,91.981
0.0338983,1.64286,91.063
0.0338983,1.65179,88.797
0.0338983,1.66071,88.118
0.0338983,1.66964,86.624
0.0338983,1.67857,79.173
0.0338983,1.6875,78.184
0.0338983,1.69643,74.782
0.0338983,1.70536,74.842
0.0338983,1.71429,71.913
0.0338983,1.72321,74.272
0.0338983,1.73214,69.332
0.0338983,1.74107,66.104
0.0338983,1.75,66.104
0.0338983,1.75893,66.751
0.0338983,1.76786,60.882
0.0338983,1.77679,58.768
0.0338983,1.78571,63.768
0.0338983,1.79464,62.893
0.0338983,1.80357,65.534
0.0338983,1.8125,73.223
0.0338983,1.82143,81.994
0.0338983,1.83036,89.477
0.0338983,1.83929,89.004
0.0338983,1.84821,76.934
0.0338983,1.85714,73.212
0.0338983,1.86607,64.474
0.0338983,1.875,62.067
0.0338983,1.88393,58.899
0.0338983,1.89286,56.899
0.0338983,1.90179,56.899
0.0338983,1.91071,57.785
0.0338983,1.91964,57.671
0.0338983,1.92857,57.671
0.0338983,1.9375,57.671
0.0338983,1.94643,57.742
0.0338983,1.95536,58.073
0.0338983,1.96429,57.97
0.0338983,1.97321,57.4
0.0338983,1.98214,57.72
0.0338983,1.99107,58.138
0.0338983,2,57.389
0.0242131,0,165.072
0.0242131,0.00892857,163.365
0.0242131,0.0178571,170.912
0.0242131,0.0267857,181.362
0.0242131,0.0357143,206.976
0.0242131,0.0446429,186.401
0.0242131,0.0535714,124.201
0.0242131,0.0625,93.654
0.0242131,0.0714286,92.876
0.0242131,0.0803571,89.288
0.0242131,0.0892857,84.096
0.0242131,0.0982143,71.321
0.0242131,0.107143,76.239
0.0242131,0.116071,57.193
0.0242131,0.125,57.383
0.0242131,0.133929,56.916
0.0242131,0.142857,57.226
0.0242131,0.151786,72.495
0.0242131,0.160714,51.288
0.0242131,0.169643,59.831
0.0242131,0.178571,78.073
0.0242131,0.1875,88.282
0.0242131,0.196429,91.898
0.0242131,0.205357,92.371
0.0242131,0.214286,102.139
0.0242131,0.223214,165.845
0.0242131,0.232143,208.531
0.0242131,0.241071,191.593
0.0242131,0.25,177.121
0.0242131,0.258929,165.236
0.0242131,0.267857,157.891
0.0242131,0.276786,152.254
0.0242131,0.285714,150.286
0.0242131,0.294643,150.617
0.0242131,0.303571,151.101
0.0242131,0.3125,150.944
0.0242131,0.321429,148.503
0.0242131,0.330357,151.265
0.0242131,0.339286,163.709
0.0242131,0.348214,190.027
0.0242131,0.357143,185.579
0.0242131,0.366071,95.095
0.0242131,0.375,91.876
0.0242131,0.383929,92.398
0.0242131,0.392857,124.147
0.0242131,0.401786,199.378
0.0242131,0.410714,180.089
0.0242131,0.419643,159.702
0.0242131,0.428571,148.084
0.0242131,0.4375,163.859
0.0242131,0.446429,174.567
0.0242131,0.455357,169.708
0.0242131,0.464286,160.537
0.0242131,0.473214,160.006
0.0242131,0.482143,174.902
0.0242131,0.491071,165.663
0.0242131,0.5,150.899
0.0242131,0.508929,152.923
0.0242131,0.517857,160.076
0.0242131,0.526786,157.315
0.0242131,0.535714,150.781
0.0242131,0.544643,150.318
0.0242131,0.553571,149.841
0.0242131,0.5625,164.649
0.0242131,0.571429,178.521
0.0242131,0.580357,168.987
0.0242131,0.589286,155.712
0.0242131,0.598214,151.346
0.0242131,0.607143,149.546
0.0242131,0.616071,149.623
0.0242131,0.625,149.329
0.0242131,0.633929,159.833
0.0242131,0.642857,173.431
0.0242131,0.651786,150.659
0.0242131,0.660714,127.164
0.0242131,0.669643,106.29
0.0242131,0.678571,97.878
0.0242131,0.6875,88.906
0.0242131,0.696429,86.406
0.0242131,0.705357,84.574
0.0242131,0.714286,84.449
0.0242131,0.723214,84.449
0.0242131,0.732143,85.449
0.0242131,0.741071,84.449
0.0242131,0.75,84.449
0.0242131,0.758929,84.449
0.0242131,0.767857,84.449
0.0242131,0.776786,84.449
0.0242131,0.785714,83.449
0.0242131,0.794643,83.449
0.0242131,0.803571,82.862
0.0242131,0.8125,83.161
0.0242131,0.821429,84.221
0.0242131,0.830357,85.922
0.0242131,0.839286,88.911
0.0242131,0.848214,94.177
0.0242131,0.857143,101.443
0.0242131,0.866071,105.432
0.0242131,0.875,106.834
0.0242131,0.883929,104.834
0.0242131,0.892857,108.133
0.0242131,0.901786,105.155
0.0242131,0.910714,95.878
0.0242131,0.919643,93.188
0.0242131,0.928571,88.509
0.0242131,0.9375,88.21
0.0242131,0.946429,86.498
0.0242131,0.955357,87.21
0.0242131,0.964286,89.509
0.0242131,0.973214,95.155
0.0242131,0.982143,124.589
0.0242131,0.991071,171.519
0.0242131,1,158.225
0.0242131,1.00893,115.03
0.0242131,1.01786,103.905
0.0242131,1.02679,100.269
0.0242131,1.03571,100.003
0.0242131,1.04464,100.465
0.0242131,1.05357,104.432
0.0242131,1.0625,106.845
0.0242131,1.07143,108.834
0.0242131,1.08036,116.1
0.0242131,1.08929,126.355
0.0242131,1.09821,129.137
0.0242131,1.10714,134.599
0.0242131,1.11607,135.713
0.0242131,1.125,135.083
0.0242131,1.13393,130.382
0.0242131,1.14286,128.507
0.0242131,1.15179,129.404
0.0242131,1.16071,124.54
0.0242131,1.16964,120.562
0.0242131,1.17857,112.872
0.0242131,1.1875,109.883
0.0242131,1.19643,110.883
0.0242131,1.20536,110.883
0.0242131,1.21429,110.883
0.0242131,1.22321,109.883
0.0242131,1.23214,112.883
0.0242131,1.24107,112.883
0.0242131,1.25,111.883
0.0242131,1.25893,109.182
0.0242131,1.26786,108.894
0.0242131,1.27679,107.894
0.0242131,1.28571,105.894
0.0242131,1.29464,107.894
0.0242131,1.30357,109.193
0.0242131,1.3125,108.193
0.0242131,1.32143,108.894
0.0242131,1.33036,107.535
0.0242131,1.33929,107.834
0.0242131,1.34821,107.834
0.0242131,1.35714,107.834
0.0242131,1.36607,108.535
0.0242131,1.375,107.535
0.0242131,1.38393,104.834
0.0242131,1.39286,106.834
0.0242131,1.40179,106.133
0.0242131,1.41071,104.133
0.0242131,1.41964,102.834
0.0242131,1.42857,103.834
0.0242131,1.4375,106.834
0.0242131,1.44643,105.144
0.0242131,1.45536,100.144
0.0242131,1.46429,96.155
0.0242131,1.47321,91.889
0.0242131,1.48214,90.601
0.0242131,1.49107,88.21
0.0242131,1.5,85.748
0.0242131,1.50893,86.161
0.0242131,1.51786,84.862
0.0242131,1.52679,83.851
0.0242131,1.53571,84.346
0.0242131,1.54464,84.656
0.0242131,1.55357,85.667
0.0242131,1.5625,85.977
0.0242131,1.57143,87.657
0.0242131,1.58036,89.451
0.0242131,1.58929,90.12
0.0242131,1.59821,92.615
0.0242131,1.60714,92.996
0.0242131,1.61607,93.442
0.0242131,1.625,93.176
0.0242131,1.63393,92.383
0.0242131,1.64286,90.764
0.0242131,1.65179,88.199
0.0242131,1.66071,88.993
0.0242131,1.66964,87.314
0.0242131,1.67857,80.564
0.0242131,1.6875,79.874
0.0242131,1.69643,79.173
0.0242131,1.70536,73.956
0.0242131,1.71429,69.027
0.0242131,1.72321,74.799
0.0242131,1.73214,66.973
0.0242131,1.74107,71.332
0.0242131,1.75,67.104
0.0242131,1.75893,64.865
0.0242131,1.76786,67.11
0.0242131,1.77679,61.11
0.0242131,1.78571,63.637
0.0242131,1.79464,62.762
0.0242131,1.80357,66.403
0.0242131,1.8125,71.864
0.0242131,1.82143,78.222
0.0242131,1.83036,89.167
0.0242131,1.83929,86.819
0.0242131,1.84821,76.162
0.0242131,1.85714,71.212
0.0242131,1.86607,63.474
0.0242131,1.875,60.779
0.0242131,1.88393,58.899
0.0242131,1.89286,57.899
0.0242131,1.90179,56.899
0.0242131,1.91071,57.785
0.0242131,1.91964,57.671
0.0242131,1.92857,57.671
0.0242131,1.9375,57.671
0.0242131,1.94643,57.742
0.0242131,1.95536,58.073
0.0242131,1.96429,57.97
0.0242131,1.97321,57.4
0.0242131,1.98214,57.72
0.0242131,1.99107,58.138
0.0242131,2,57.389
0.0145278,0,168.954
0.0145278,0.00892857,166.492
0.0145278,0.0178571,175.936
0.0145278,0.0267857,190.642
0.0145278,0.0357143,210.63
0.0145278,0.0446429,164.296
0.0145278,0.0535714,101.725
0.0145278,0.0625,91.545
0.0145278,0.0714286,91.637
0.0145278,0.0803571,87.786
0.0145278,0.0892857,73.741
0.0145278,0.0982143,58.678
0.0145278,0.107143,80
0.0145278,0.116071,56.998
0.0145278,0.125,57.497
0.0145278,0.133929,56.899
0.0145278,0.142857,57.283
0.0145278,0.151786,63.271
0.0145278,0.160714,68.824
0.0145278,0.169643,48.884
0.0145278,0.178571,67.864
0.0145278,0.1875,82.476
0.0145278,0.196429,91.359
0.0145278,0.205357,90.947
0.0145278,0.214286,92.784
0.0145278,0.223214,140.288
0.0145278,0.232143,201.146
0.0145278,0.241071,200.525
0.0145278,0.25,179.324
0.0145278,0.258929,168.83
0.0145278,0.267857,160.055
0.0145278,0.276786,153.108
0.0145278,0.285714,149.83
0.0145278,0.294643,149.574
0.0145278,0.303571,150.318
0.0145278,0.3125,150.759
0.0145278,0.321429,149.286
0.0145278,0.330357,151.749
0.0145278,0.339286,163.791
0.0145278,0.348214,189.799
0.0145278,0.357143,188.269
0.0145278,0.366071,95.084
0.0145278,0.375,92.196
0.0145278,0.383929,92.295
0.0145278,0.392857,110.82
0.0145278,0.401786,195.057
0.0145278,0.410714,185.634
0.0145278,0.419643,159.513
0.0145278,0.428571,149.428
0.0145278,0.4375,159.291
0.0145278,0.446429,175.711
0.0145278,0.455357,169.906
0.0145278,0.464286,159.729
0.0145278,0.473214,163.284
0.0145278,0.482143,174.369
0.0145278,0.491071,166.173
0.0145278,0.5,151.024
0.0145278,0.508929,151.972
0.0145278,0.517857,158.848
0.0145278,0.526786,157.315
0.0145278,0.535714,151.482
0.0145278,0.544643,149.318
0.0145278,0.553571,149.613
0.0145278,0.5625,164.09
0.0145278,0.571429,180.044
0.0145278,0.580357,171.222
0.0145278,0.589286,157.235
0.0145278,0.598214,151.499
0.0145278,0.607143,149.514
0.0145278,0.616071,151.004
0.0145278,0.625,149.656
0.0145278,0.633929,156.476
0.0145278,0.642857,170.715
0.0145278,0.651786,160.779
0.0145278,0.660714,128.327
0.0145278,0.669643,112.35
0.0145278,0.678571,98.938
0.0145278,0.6875,90.781
0.0145278,0.696429,88.167
0.0145278,0.705357,84.802
0.0145278,0.714286,83.677
0.0145278,0.723214,83.449
0.0145278,0.732143,84.449
0.0145278,0.741071,83.449
0.0145278,0.75,84.449
0.0145278,0.758929,84.449
0.0145278,0.767857,84.449
0.0145278,0.776786,84.449
0.0145278,0.785714,84.449
0.0145278,0.794643,84.449
0.0145278,0.803571,83.862
0.0145278,0.8125,84.161
0.0145278,0.821429,84.221
0.0145278,0.830357,86.922
0.0145278,0.839286,89.911
0.0145278,0.848214,96.878
0.0145278,0.857143,101.144
0.0145278,0.866071,103.834
0.0145278,0.875,107.823
0.0145278,0.883929,108.535
0.0145278,0.892857,106.133
0.0145278,0.901786,97.856
0.0145278,0.910714,96.166
0.0145278,0.919643,90.889
0.0145278,0.928571,87.911
0.0145278,0.9375,87.911
0.0145278,0.946429,85.9
0.0145278,0.955357,88.911
0.0145278,0.964286,88.911
0.0145278,0.973214,97.845
0.0145278,0.982143,128.535
0.0145278,0.991071,175.575
0.0145278,1,166.498
0.0145278,1.00893,124.666
0.0145278,1.01786,107.171
0.0145278,1.02679,103.062
0.0145278,1.03571,100.682
0.0145278,1.04464,102.514
0.0145278,1.05357,105.666
0.0145278,1.0625,111.535
0.0145278,1.07143,113.111
0.0145278,1.08036,121.491
0.0145278,1.08929,130.034
0.0145278,1.09821,130.588
0.0145278,1.10714,132.392
0.0145278,1.11607,136.566
0.0145278,1.125,134.773
0.0145278,1.13393,130.784
0.0145278,1.14286,131.784
0.0145278,1.15179,125.094
0.0145278,1.16071,125.817
0.0145278,1.16964,123.839
0.0145278,1.17857,116.861
0.0145278,1.1875,115.872
0.0145278,1.19643,112.47
0.0145278,1.20536,109.883
0.0145278,1.21429,109.883
0.0145278,1.22321,110.883
0.0145278,1.23214,112.883
0.0145278,1.24107,111.883
0.0145278,1.25,115.47
0.0145278,1.25893,110.883
0.0145278,1.26786,111.296
0.0145278,1.27679,109.296
0.0145278,1.28571,108.595
0.0145278,1.29464,110.182
0.0145278,1.30357,111.182
0.0145278,1.3125,108.296
0.0145278,1.32143,111.595
0.0145278,1.33036,110.812
0.0145278,1.33929,115.399
0.0145278,1.34821,111.399
0.0145278,1.35714,112.1
0.0145278,1.36607,112.1
0.0145278,1.375,111.399
0.0145278,1.38393,112.399
0.0145278,1.39286,108.812
0.0145278,1.40179,112.122
0.0145278,1.41071,109.823
0.0145278,1.41964,107.823
0.0145278,1.42857,107.823
0.0145278,1.4375,107.823
0.0145278,1.44643,108.535
0.0145278,1.45536,102.834
0.0145278,1.46429,100.144
0.0145278,1.47321,97.166
0.0145278,1.48214,91.476
0.0145278,1.49107,88.612
0.0145278,1.5,86.623
0.0145278,1.50893,86.161
0.0145278,1.51786,84.862
0.0145278,1.52679,83.449
0.0145278,1.53571,83.634
0.0145278,1.54464,84.346
0.0145278,1.55357,84.944
0.0145278,1.5625,85.667
0.0145278,1.57143,87.635
0.0145278,1.58036,88.429
0.0145278,1.58929,89.397
0.0145278,1.59821,92.593
0.0145278,1.60714,91.686
0.0145278,1.61607,92.719
0.0145278,1.625,93.752
0.0145278,1.63393,93.959
0.0145278,1.64286,92.041
0.0145278,1.65179,91.362
0.0145278,1.66071,89.096
0.0145278,1.66964,86.303
0.0145278,1.67857,82.738
0.0145278,1.6875,80.151
0.0145278,1.69643,80.173
0.0145278,1.70536,77.771
0.0145278,1.71429,75.255
0.0145278,1.72321,75.027
0.0145278,1.73214,71.913
0.0145278,1.74107,68.973
0.0145278,1.75,67.332
0.0145278,1.75893,67.093
0.0145278,1.76786,61.865
0.0145278,1.77679,64.865
0.0145278,1.78571,64.865
0.0145278,1.79464,66.332
0.0145278,1.80357,69.973
0.0145278,1.8125,74.782
0.0145278,1.82143,81.912
0.0145278,1.83036,90.857
0.0145278,1.83929,88.797
0.0145278,1.84821,80.667
0.0145278,1.85714,73.429
0.0145278,1.86607,66.218
0.0145278,1.875,63.996
0.0145278,1.88393,58.899
0.0145278,1.89286,57.899
0.0145278,1.90179,57.899
0.0145278,1.91071,56.785
0.0145278,1.91964,57.671
0.0145278,1.92857,57.671
0.0145278,1.9375,57.671
0.0145278,1.94643,57.742
0.0145278,1.95536,58.073
0.0145278,1.96429,57.97
0.0145278,1.97321,57.4
0.0145278,1.98214,57.72
0.0145278,1.99107,58.138
0.0145278,2,57.389
0.00484262,0,182.962
0.00484262,0.00892857,175.501
0.00484262,0.0178571,176.769
0.00484262,0.0267857,175.163
0.00484262,0.0357143,164.73
0.00484262,0.0446429,119.341
0.00484262,0.0535714,87.478
0.00484262,0.0625,83.652
0.00484262,0.0714286,76.894
0.00484262,0.0803571,74.677
0.00484262,0.0892857,64.782
0.00484262,0.0982143,55.503
0.00484262,0.107143,76.503
0.00484262,0.116071,54.156
0.00484262,0.125,57.035
0.00484262,0.133929,59.084
0.00484262,0.142857,55.179
0.00484262,0.151786,70.807
0.00484262,0.160714,70.49
0.00484262,0.169643,53.877
0.00484262,0.178571,61.058
0.00484262,0.1875,70.143
0.00484262,0.196429,79.278
0.00484262,0.205357,82.254
0.00484262,0.214286,88.723
0.00484262,0.223214,102.759
0.00484262,0.232143,149.996
0.00484262,0.241071,177.164
0.00484262,0.25,176.009
0.00484262,0.258929,173.925
0.00484262,0.267857,173.429
0.00484262,0.276786,171.955
0.00484262,0.285714,169.709
0.00484262,0.294643,165.001
0.00484262,0.303571,163.016
0.00484262,0.3125,163.827
0.00484262,0.321429,164.442
0.00484262,0.330357,169.286
0.00484262,0.339286,178.81
0.00484262,0.348214,180.787
0.00484262,0.357143,147.816
0.00484262,0.366071,88.279
0.00484262,0.375,82.635
0.00484262,0.383929,84.386
0.00484262,0.392857,94.008
0.00484262,0.401786,151.571
0.00484262,0.410714,178.537
0.00484262,0.419643,175.576
0.00484262,0.428571,166.78
0.00484262,0.4375,158.986
0.00484262,0.446429,165.881
0.00484262,0.455357,169.072
0.00484262,0.464286,164.895
0.00484262,0.473214,163.824
0.00484262,0.482143,167.571
0.00484262,0.491071,161.633
0.00484262,0.5,153.525
0.00484262,0.508929,157.865
0.00484262,0.517857,165.083
0.00484262,0.526786,166.296
0.00484262,0.535714,159.887
0.00484262,0.544643,156.418
0.00484262,0.553571,163.524
0.00484262,0.5625,179.083
0.00484262,0.571429,181.253
0.00484262,0.580357,181.149
0.00484262,0.589286,175.777
0.00484262,0.598214,169.808
0.00484262,0.607143,167.84
0.00484262,0.616071,170.324
0.00484262,0.625,166.122
0.00484262,0.633929,160.193
0.00484262,0.642857,166.244
0.00484262,0.651786,166.852
0.00484262,0.660714,151.823
0.00484262,0.669643,137.92
0.00484262,0.678571,124.577
0.00484262,0.6875,120.429
0.00484262,0.696429,117.591
0.00484262,0.705357,111.144
0.00484262,0.714286,108.535
0.00484262,0.723214,105.051
0.00484262,0.732143,103.464
0.00484262,0.741071,103.062
0.00484262,0.75,100.774
0.00484262,0.758929,98.774
0.00484262,0.767857,99.948
0.00484262,0.776786,99.122
0.00484262,0.785714,101.307
0.00484262,0.794643,103.307
0.00484262,0.803571,104.948
0.00484262,0.8125,104.062
0.00484262,0.821429,106.378
0.00484262,0.830357,111.982
0.00484262,0.839286,116.483
0.00484262,0.848214,123.136
0.00484262,0.857143,127.957
0.00484262,0.866071,131.348
0.00484262,0.875,133.978
0.00484262,0.883929,129.434
0.00484262,0.892857,132.075
0.00484262,0.901786,131.499
0.00484262,0.910714,125.564
0.00484262,0.919643,118.863
0.00484262,0.928571,115.042
0.00484262,0.9375,112.737
0.00484262,0.946429,110.78
0.00484262,0.955357,111.737
0.00484262,0.964286,116.184
0.00484262,0.973214,120.359
0.00484262,0.982143,145.551
0.00484262,0.991071,163.964
0.00484262,1,168.859
0.00484262,1.00893,146.183
0.00484262,1.01786,135.197
0.00484262,1.02679,126.576
0.00484262,1.03571,122.94
0.00484262,1.04464,125.701
0.00484262,1.05357,127.647
0.00484262,1.0625,129.316
0.00484262,1.07143,137.137
0.00484262,1.08036,139.175
0.00484262,1.08929,143.452
0.00484262,1.09821,145.088
0.00484262,1.10714,150.447
0.00484262,1.11607,152.333
0.00484262,1.125,152.045
0.00484262,1.13393,147.447
0.00484262,1.14286,149.273
0.00484262,1.15179,149.985
0.00484262,1.16071,144.936
0.00484262,1.16964,142.3
0.00484262,1.17857,138.3
0.00484262,1.1875,135.713
0.00484262,1.19643,137.023
0.00484262,1.20536,131.849
0.00484262,1.21429,132.148
0.00484262,1.22321,137.148
0.00484262,1.23214,139.094
0.00484262,1.24107,131.621
0.00484262,1.25,134.148
0.00484262,1.25893,133.208
0.00484262,1.26786,134.268
0.00484262,1.27679,133.681
0.00484262,1.28571,135.154
0.00484262,1.29464,134.111
0.00484262,1.30357,136.584
0.00484262,1.3125,131.595
0.00484262,1.32143,135.834
0.00484262,1.33036,137.182
0.00484262,1.33929,137.769
0.00484262,1.34821,133.655
0.00484262,1.35714,136.769
0.00484262,1.36607,139.883
0.00484262,1.375,138.41
0.00484262,1.38393,138.236
0.00484262,1.39286,129.165
0.00484262,1.40179,129.165
0.00484262,1.41071,133.279
0.00484262,1.41964,131.507
0.00484262,1.42857,129.208
0.00484262,1.4375,133.735
0.00484262,1.44643,132.735
0.00484262,1.45536,130.447
0.00484262,1.46429,127.387
0.00484262,1.47321,123.979
0.00484262,1.48214,119.403
0.00484262,1.49107,119.229
0.00484262,1.5,111.614
0.00484262,1.50893,108.771
0.00484262,1.51786,106.238
0.00484262,1.52679,103.89
0.00484262,1.53571,98.77
0.00484262,1.54464,97.895
0.00484262,1.55357,95.792
0.00484262,1.5625,93.433
0.00484262,1.57143,92.248
0.00484262,1.58036,91.259
0.00484262,1.58929,90.064
0.00484262,1.59821,91.684
0.00484262,1.60714,91.891
0.00484262,1.61607,91.799
0.00484262,1.625,91.131
0.00484262,1.63393,91.039
0.00484262,1.64286,91.235
0.00484262,1.65179,90.659
0.00484262,1.66071,88.98
0.00484262,1.66964,86.475
0.00484262,1.67857,87.394
0.00484262,1.6875,87.117
0.00484262,1.69643,86.726
0.00484262,1.70536,85.324
0.00484262,1.71429,83.922
0.00484262,1.72321,79.705
0.00484262,1.73214,81.705
0.00484262,1.74107,79.776
0.00484262,1.75,79.146
0.00484262,1.75893,76.043
0.00484262,1.76786,76.413
0.00484262,1.77679,75.701
0.00484262,1.78571,72.63
0.00484262,1.79464,76.858
0.00484262,1.80357,78.787
0.00484262,1.8125,80.922
0.00484262,1.82143,87.095
0.00484262,1.83036,90.681
0.00484262,1.83929,89.681
0.00484262,1.84821,86.198
0.00484262,1.85714,81.199
0.00484262,1.86607,77.559
0.00484262,1.875,75.484
0.00484262,1.88393,68.996
0.00484262,1.89286,63.996
0.00484262,1.90179,64.295
0.00484262,1.91071,62.768
0.00484262,1.91964,60.768
0.00484262,1.92857,60.654
0.00484262,1.9375,59.953
0.00484262,1.94643,58.79
0.00484262,1.95536,58.714
0.00484262,1.96429,57.611
0.00484262,1.97321,57.095
0.00484262,1.98214,57.258
0.00484262,1.99107,58.024
0.00484262,2,56.965
